#VRML V2.0 utf8
# Generated by mechanical/zif/generate.py
# Coordinates in 0.1 inch units; scale 1 in KiCad.
Shape { appearance Appearance { material Material { diffuseColor 0.055 0.25 0.23 specularColor 0.3 0.3 0.3 shininess 0.15 } }
geometry IndexedFaceSet { solid FALSE creaseAngle 0.6 coord Coordinate { point [
-4.503937 -18.673228 0.200787,
-4.517352 -18.775126 0.200787,
-4.556683 -18.870079 0.200787,
-4.619249 -18.951617 0.200787,
-4.700787 -19.014183 0.200787,
-4.795741 -19.053514 0.200787,
-4.897638 -19.066929 0.200787,
-17.102362 -19.066929 0.200787,
-17.204259 -19.053514 0.200787,
-17.299213 -19.014183 0.200787,
-17.380751 -18.951617 0.200787,
-17.443317 -18.870079 0.200787,
-17.482648 -18.775126 0.200787,
-17.496063 -18.673228 0.200787,
-17.496063 20.145669 0.200787,
-17.482648 20.247567 0.200787,
-17.443317 20.342520 0.200787,
-17.380751 20.424058 0.200787,
-17.299213 20.486624 0.200787,
-17.204259 20.525955 0.200787,
-17.102362 20.539370 0.200787,
-4.897638 20.539370 0.200787,
-4.795741 20.525955 0.200787,
-4.700787 20.486624 0.200787,
-4.619249 20.424058 0.200787,
-4.556683 20.342520 0.200787,
-4.517352 20.247567 0.200787,
-4.503937 20.145669 0.200787,
-4.503937 -18.673228 3.070866,
-4.517352 -18.775126 3.070866,
-4.556683 -18.870079 3.070866,
-4.619249 -18.951617 3.070866,
-4.700787 -19.014183 3.070866,
-4.795741 -19.053514 3.070866,
-4.897638 -19.066929 3.070866,
-17.102362 -19.066929 3.070866,
-17.204259 -19.053514 3.070866,
-17.299213 -19.014183 3.070866,
-17.380751 -18.951617 3.070866,
-17.443317 -18.870079 3.070866,
-17.482648 -18.775126 3.070866,
-17.496063 -18.673228 3.070866,
-17.496063 20.145669 3.070866,
-17.482648 20.247567 3.070866,
-17.443317 20.342520 3.070866,
-17.380751 20.424058 3.070866,
-17.299213 20.486624 3.070866,
-17.204259 20.525955 3.070866,
-17.102362 20.539370 3.070866,
-4.897638 20.539370 3.070866,
-4.795741 20.525955 3.070866,
-4.700787 20.486624 3.070866,
-4.619249 20.424058 3.070866,
-4.556683 20.342520 3.070866,
-4.517352 20.247567 3.070866,
-4.503937 20.145669 3.070866,
-13.125984 3.110236 4.692913,
-13.032846 3.110236 4.692913,
-13.032846 3.017098 4.692913,
-13.125984 3.017098 4.692913,
-13.125984 3.110236 4.702756,
-13.032846 3.110236 4.702756,
-13.032846 3.017098 4.702756,
-13.125984 3.017098 4.702756,
-13.024747 3.110236 4.692913,
-12.931609 3.110236 4.692913,
-12.931609 3.017098 4.692913,
-13.024747 3.017098 4.692913,
-13.024747 3.110236 4.702756,
-12.931609 3.110236 4.702756,
-12.931609 3.017098 4.702756,
-13.024747 3.017098 4.702756,
-12.923510 3.110236 4.692913,
-12.830371 3.110236 4.692913,
-12.830371 3.017098 4.692913,
-12.923510 3.017098 4.692913,
-12.923510 3.110236 4.702756,
-12.830371 3.110236 4.702756,
-12.830371 3.017098 4.702756,
-12.923510 3.017098 4.702756,
-12.822272 3.110236 4.692913,
-12.729134 3.110236 4.692913,
-12.729134 3.017098 4.692913,
-12.822272 3.017098 4.692913,
-12.822272 3.110236 4.702756,
-12.729134 3.110236 4.702756,
-12.729134 3.017098 4.702756,
-12.822272 3.017098 4.702756,
-12.721035 3.110236 4.692913,
-12.627897 3.110236 4.692913,
-12.627897 3.017098 4.692913,
-12.721035 3.017098 4.692913,
-12.721035 3.110236 4.702756,
-12.627897 3.110236 4.702756,
-12.627897 3.017098 4.702756,
-12.721035 3.017098 4.702756,
-12.923510 3.008999 4.692913,
-12.830371 3.008999 4.692913,
-12.830371 2.915861 4.692913,
-12.923510 2.915861 4.692913,
-12.923510 3.008999 4.702756,
-12.830371 3.008999 4.702756,
-12.830371 2.915861 4.702756,
-12.923510 2.915861 4.702756,
-12.923510 2.907762 4.692913,
-12.830371 2.907762 4.692913,
-12.830371 2.814623 4.692913,
-12.923510 2.814623 4.692913,
-12.923510 2.907762 4.702756,
-12.830371 2.907762 4.702756,
-12.830371 2.814623 4.702756,
-12.923510 2.814623 4.702756,
-12.923510 2.806524 4.692913,
-12.830371 2.806524 4.692913,
-12.830371 2.713386 4.692913,
-12.923510 2.713386 4.692913,
-12.923510 2.806524 4.702756,
-12.830371 2.806524 4.702756,
-12.830371 2.713386 4.702756,
-12.923510 2.713386 4.702756,
-12.923510 2.705287 4.692913,
-12.830371 2.705287 4.692913,
-12.830371 2.612148 4.692913,
-12.923510 2.612148 4.692913,
-12.923510 2.705287 4.702756,
-12.830371 2.705287 4.702756,
-12.830371 2.612148 4.702756,
-12.923510 2.612148 4.702756,
-12.923510 2.604049 4.692913,
-12.830371 2.604049 4.692913,
-12.830371 2.510911 4.692913,
-12.923510 2.510911 4.692913,
-12.923510 2.604049 4.702756,
-12.830371 2.604049 4.702756,
-12.830371 2.510911 4.702756,
-12.923510 2.510911 4.702756,
-12.923510 2.502812 4.692913,
-12.830371 2.502812 4.692913,
-12.830371 2.409674 4.692913,
-12.923510 2.409674 4.692913,
-12.923510 2.502812 4.702756,
-12.830371 2.502812 4.702756,
-12.830371 2.409674 4.702756,
-12.923510 2.409674 4.702756,
-12.518560 3.110236 4.692913,
-12.425422 3.110236 4.692913,
-12.425422 3.017098 4.692913,
-12.518560 3.017098 4.692913,
-12.518560 3.110236 4.702756,
-12.425422 3.110236 4.702756,
-12.425422 3.017098 4.702756,
-12.518560 3.017098 4.702756,
-12.417323 3.110236 4.692913,
-12.324184 3.110236 4.692913,
-12.324184 3.017098 4.692913,
-12.417323 3.017098 4.692913,
-12.417323 3.110236 4.702756,
-12.324184 3.110236 4.702756,
-12.324184 3.017098 4.702756,
-12.417323 3.017098 4.702756,
-12.316085 3.110236 4.692913,
-12.222947 3.110236 4.692913,
-12.222947 3.017098 4.692913,
-12.316085 3.017098 4.692913,
-12.316085 3.110236 4.702756,
-12.222947 3.110236 4.702756,
-12.222947 3.017098 4.702756,
-12.316085 3.017098 4.702756,
-12.214848 3.110236 4.692913,
-12.121710 3.110236 4.692913,
-12.121710 3.017098 4.692913,
-12.214848 3.017098 4.692913,
-12.214848 3.110236 4.702756,
-12.121710 3.110236 4.702756,
-12.121710 3.017098 4.702756,
-12.214848 3.017098 4.702756,
-12.113611 3.110236 4.692913,
-12.020472 3.110236 4.692913,
-12.020472 3.017098 4.692913,
-12.113611 3.017098 4.692913,
-12.113611 3.110236 4.702756,
-12.020472 3.110236 4.702756,
-12.020472 3.017098 4.702756,
-12.113611 3.017098 4.702756,
-12.518560 3.008999 4.692913,
-12.425422 3.008999 4.692913,
-12.425422 2.915861 4.692913,
-12.518560 2.915861 4.692913,
-12.518560 3.008999 4.702756,
-12.425422 3.008999 4.702756,
-12.425422 2.915861 4.702756,
-12.518560 2.915861 4.702756,
-12.518560 2.907762 4.692913,
-12.425422 2.907762 4.692913,
-12.425422 2.814623 4.692913,
-12.518560 2.814623 4.692913,
-12.518560 2.907762 4.702756,
-12.425422 2.907762 4.702756,
-12.425422 2.814623 4.702756,
-12.518560 2.814623 4.702756,
-12.518560 2.806524 4.692913,
-12.425422 2.806524 4.692913,
-12.425422 2.713386 4.692913,
-12.518560 2.713386 4.692913,
-12.518560 2.806524 4.702756,
-12.425422 2.806524 4.702756,
-12.425422 2.713386 4.702756,
-12.518560 2.713386 4.702756,
-12.417323 2.806524 4.692913,
-12.324184 2.806524 4.692913,
-12.324184 2.713386 4.692913,
-12.417323 2.713386 4.692913,
-12.417323 2.806524 4.702756,
-12.324184 2.806524 4.702756,
-12.324184 2.713386 4.702756,
-12.417323 2.713386 4.702756,
-12.316085 2.806524 4.692913,
-12.222947 2.806524 4.692913,
-12.222947 2.713386 4.692913,
-12.316085 2.713386 4.692913,
-12.316085 2.806524 4.702756,
-12.222947 2.806524 4.702756,
-12.222947 2.713386 4.702756,
-12.316085 2.713386 4.702756,
-12.214848 2.806524 4.692913,
-12.121710 2.806524 4.692913,
-12.121710 2.713386 4.692913,
-12.214848 2.713386 4.692913,
-12.214848 2.806524 4.702756,
-12.121710 2.806524 4.702756,
-12.121710 2.713386 4.702756,
-12.214848 2.713386 4.702756,
-12.518560 2.705287 4.692913,
-12.425422 2.705287 4.692913,
-12.425422 2.612148 4.692913,
-12.518560 2.612148 4.692913,
-12.518560 2.705287 4.702756,
-12.425422 2.705287 4.702756,
-12.425422 2.612148 4.702756,
-12.518560 2.612148 4.702756,
-12.518560 2.604049 4.692913,
-12.425422 2.604049 4.692913,
-12.425422 2.510911 4.692913,
-12.518560 2.510911 4.692913,
-12.518560 2.604049 4.702756,
-12.425422 2.604049 4.702756,
-12.425422 2.510911 4.702756,
-12.518560 2.510911 4.702756,
-12.518560 2.502812 4.692913,
-12.425422 2.502812 4.692913,
-12.425422 2.409674 4.692913,
-12.518560 2.409674 4.692913,
-12.518560 2.502812 4.702756,
-12.425422 2.502812 4.702756,
-12.425422 2.409674 4.702756,
-12.518560 2.409674 4.702756,
-12.417323 2.502812 4.692913,
-12.324184 2.502812 4.692913,
-12.324184 2.409674 4.692913,
-12.417323 2.409674 4.692913,
-12.417323 2.502812 4.702756,
-12.324184 2.502812 4.702756,
-12.324184 2.409674 4.702756,
-12.417323 2.409674 4.702756,
-12.316085 2.502812 4.692913,
-12.222947 2.502812 4.692913,
-12.222947 2.409674 4.692913,
-12.316085 2.409674 4.692913,
-12.316085 2.502812 4.702756,
-12.222947 2.502812 4.702756,
-12.222947 2.409674 4.702756,
-12.316085 2.409674 4.702756,
-12.214848 2.502812 4.692913,
-12.121710 2.502812 4.692913,
-12.121710 2.409674 4.692913,
-12.214848 2.409674 4.692913,
-12.214848 2.502812 4.702756,
-12.121710 2.502812 4.702756,
-12.121710 2.409674 4.702756,
-12.214848 2.409674 4.702756,
-12.113611 2.502812 4.692913,
-12.020472 2.502812 4.692913,
-12.020472 2.409674 4.692913,
-12.113611 2.409674 4.692913,
-12.113611 2.502812 4.702756,
-12.020472 2.502812 4.702756,
-12.020472 2.409674 4.702756,
-12.113611 2.409674 4.702756,
-11.911136 3.110236 4.692913,
-11.817998 3.110236 4.692913,
-11.817998 3.017098 4.692913,
-11.911136 3.017098 4.692913,
-11.911136 3.110236 4.702756,
-11.817998 3.110236 4.702756,
-11.817998 3.017098 4.702756,
-11.911136 3.017098 4.702756,
-11.506187 3.110236 4.692913,
-11.413048 3.110236 4.692913,
-11.413048 3.017098 4.692913,
-11.506187 3.017098 4.692913,
-11.506187 3.110236 4.702756,
-11.413048 3.110236 4.702756,
-11.413048 3.017098 4.702756,
-11.506187 3.017098 4.702756,
-11.911136 3.008999 4.692913,
-11.817998 3.008999 4.692913,
-11.817998 2.915861 4.692913,
-11.911136 2.915861 4.692913,
-11.911136 3.008999 4.702756,
-11.817998 3.008999 4.702756,
-11.817998 2.915861 4.702756,
-11.911136 2.915861 4.702756,
-11.506187 3.008999 4.692913,
-11.413048 3.008999 4.692913,
-11.413048 2.915861 4.692913,
-11.506187 2.915861 4.692913,
-11.506187 3.008999 4.702756,
-11.413048 3.008999 4.702756,
-11.413048 2.915861 4.702756,
-11.506187 2.915861 4.702756,
-11.809899 2.907762 4.692913,
-11.716760 2.907762 4.692913,
-11.716760 2.814623 4.692913,
-11.809899 2.814623 4.692913,
-11.809899 2.907762 4.702756,
-11.716760 2.907762 4.702756,
-11.716760 2.814623 4.702756,
-11.809899 2.814623 4.702756,
-11.607424 2.907762 4.692913,
-11.514286 2.907762 4.692913,
-11.514286 2.814623 4.692913,
-11.607424 2.814623 4.692913,
-11.607424 2.907762 4.702756,
-11.514286 2.907762 4.702756,
-11.514286 2.814623 4.702756,
-11.607424 2.814623 4.702756,
-11.708661 2.806524 4.692913,
-11.615523 2.806524 4.692913,
-11.615523 2.713386 4.692913,
-11.708661 2.713386 4.692913,
-11.708661 2.806524 4.702756,
-11.615523 2.806524 4.702756,
-11.615523 2.713386 4.702756,
-11.708661 2.713386 4.702756,
-11.809899 2.705287 4.692913,
-11.716760 2.705287 4.692913,
-11.716760 2.612148 4.692913,
-11.809899 2.612148 4.692913,
-11.809899 2.705287 4.702756,
-11.716760 2.705287 4.702756,
-11.716760 2.612148 4.702756,
-11.809899 2.612148 4.702756,
-11.607424 2.705287 4.692913,
-11.514286 2.705287 4.692913,
-11.514286 2.612148 4.692913,
-11.607424 2.612148 4.692913,
-11.607424 2.705287 4.702756,
-11.514286 2.705287 4.702756,
-11.514286 2.612148 4.702756,
-11.607424 2.612148 4.702756,
-11.911136 2.604049 4.692913,
-11.817998 2.604049 4.692913,
-11.817998 2.510911 4.692913,
-11.911136 2.510911 4.692913,
-11.911136 2.604049 4.702756,
-11.817998 2.604049 4.702756,
-11.817998 2.510911 4.702756,
-11.911136 2.510911 4.702756,
-11.506187 2.604049 4.692913,
-11.413048 2.604049 4.692913,
-11.413048 2.510911 4.692913,
-11.506187 2.510911 4.692913,
-11.506187 2.604049 4.702756,
-11.413048 2.604049 4.702756,
-11.413048 2.510911 4.702756,
-11.506187 2.510911 4.702756,
-11.911136 2.502812 4.692913,
-11.817998 2.502812 4.692913,
-11.817998 2.409674 4.692913,
-11.911136 2.409674 4.692913,
-11.911136 2.502812 4.702756,
-11.817998 2.502812 4.702756,
-11.817998 2.409674 4.702756,
-11.911136 2.409674 4.702756,
-11.506187 2.502812 4.692913,
-11.413048 2.502812 4.692913,
-11.413048 2.409674 4.692913,
-11.506187 2.409674 4.692913,
-11.506187 2.502812 4.702756,
-11.413048 2.502812 4.702756,
-11.413048 2.409674 4.702756,
-11.506187 2.409674 4.702756,
-11.303712 3.110236 4.692913,
-11.210574 3.110236 4.692913,
-11.210574 3.017098 4.692913,
-11.303712 3.017098 4.692913,
-11.303712 3.110236 4.702756,
-11.210574 3.110236 4.702756,
-11.210574 3.017098 4.702756,
-11.303712 3.017098 4.702756,
-11.202475 3.110236 4.692913,
-11.109336 3.110236 4.692913,
-11.109336 3.017098 4.692913,
-11.202475 3.017098 4.692913,
-11.202475 3.110236 4.702756,
-11.109336 3.110236 4.702756,
-11.109336 3.017098 4.702756,
-11.202475 3.017098 4.702756,
-11.101237 3.110236 4.692913,
-11.008099 3.110236 4.692913,
-11.008099 3.017098 4.692913,
-11.101237 3.017098 4.692913,
-11.101237 3.110236 4.702756,
-11.008099 3.110236 4.702756,
-11.008099 3.017098 4.702756,
-11.101237 3.017098 4.702756,
-11.000000 3.110236 4.692913,
-10.906862 3.110236 4.692913,
-10.906862 3.017098 4.692913,
-11.000000 3.017098 4.692913,
-11.000000 3.110236 4.702756,
-10.906862 3.110236 4.702756,
-10.906862 3.017098 4.702756,
-11.000000 3.017098 4.702756,
-10.898763 3.110236 4.692913,
-10.805624 3.110236 4.692913,
-10.805624 3.017098 4.692913,
-10.898763 3.017098 4.692913,
-10.898763 3.110236 4.702756,
-10.805624 3.110236 4.702756,
-10.805624 3.017098 4.702756,
-10.898763 3.017098 4.702756,
-11.101237 3.008999 4.692913,
-11.008099 3.008999 4.692913,
-11.008099 2.915861 4.692913,
-11.101237 2.915861 4.692913,
-11.101237 3.008999 4.702756,
-11.008099 3.008999 4.702756,
-11.008099 2.915861 4.702756,
-11.101237 2.915861 4.702756,
-11.101237 2.907762 4.692913,
-11.008099 2.907762 4.692913,
-11.008099 2.814623 4.692913,
-11.101237 2.814623 4.692913,
-11.101237 2.907762 4.702756,
-11.008099 2.907762 4.702756,
-11.008099 2.814623 4.702756,
-11.101237 2.814623 4.702756,
-11.101237 2.806524 4.692913,
-11.008099 2.806524 4.692913,
-11.008099 2.713386 4.692913,
-11.101237 2.713386 4.692913,
-11.101237 2.806524 4.702756,
-11.008099 2.806524 4.702756,
-11.008099 2.713386 4.702756,
-11.101237 2.713386 4.702756,
-11.101237 2.705287 4.692913,
-11.008099 2.705287 4.692913,
-11.008099 2.612148 4.692913,
-11.101237 2.612148 4.692913,
-11.101237 2.705287 4.702756,
-11.008099 2.705287 4.702756,
-11.008099 2.612148 4.702756,
-11.101237 2.612148 4.702756,
-11.101237 2.604049 4.692913,
-11.008099 2.604049 4.692913,
-11.008099 2.510911 4.692913,
-11.101237 2.510911 4.692913,
-11.101237 2.604049 4.702756,
-11.008099 2.604049 4.702756,
-11.008099 2.510911 4.702756,
-11.101237 2.510911 4.702756,
-11.101237 2.502812 4.692913,
-11.008099 2.502812 4.692913,
-11.008099 2.409674 4.692913,
-11.101237 2.409674 4.692913,
-11.101237 2.502812 4.702756,
-11.008099 2.502812 4.702756,
-11.008099 2.409674 4.702756,
-11.101237 2.409674 4.702756,
-10.595051 3.110236 4.692913,
-10.501912 3.110236 4.692913,
-10.501912 3.017098 4.692913,
-10.595051 3.017098 4.692913,
-10.595051 3.110236 4.702756,
-10.501912 3.110236 4.702756,
-10.501912 3.017098 4.702756,
-10.595051 3.017098 4.702756,
-10.493813 3.110236 4.692913,
-10.400675 3.110236 4.692913,
-10.400675 3.017098 4.692913,
-10.493813 3.017098 4.692913,
-10.493813 3.110236 4.702756,
-10.400675 3.110236 4.702756,
-10.400675 3.017098 4.702756,
-10.493813 3.017098 4.702756,
-10.392576 3.110236 4.692913,
-10.299438 3.110236 4.692913,
-10.299438 3.017098 4.692913,
-10.392576 3.017098 4.692913,
-10.392576 3.110236 4.702756,
-10.299438 3.110236 4.702756,
-10.299438 3.017098 4.702756,
-10.392576 3.017098 4.702756,
-10.696288 3.008999 4.692913,
-10.603150 3.008999 4.692913,
-10.603150 2.915861 4.692913,
-10.696288 2.915861 4.692913,
-10.696288 3.008999 4.702756,
-10.603150 3.008999 4.702756,
-10.603150 2.915861 4.702756,
-10.696288 2.915861 4.702756,
-10.291339 3.008999 4.692913,
-10.198200 3.008999 4.692913,
-10.198200 2.915861 4.692913,
-10.291339 2.915861 4.692913,
-10.291339 3.008999 4.702756,
-10.198200 3.008999 4.702756,
-10.198200 2.915861 4.702756,
-10.291339 2.915861 4.702756,
-10.696288 2.907762 4.692913,
-10.603150 2.907762 4.692913,
-10.603150 2.814623 4.692913,
-10.696288 2.814623 4.692913,
-10.696288 2.907762 4.702756,
-10.603150 2.907762 4.702756,
-10.603150 2.814623 4.702756,
-10.696288 2.814623 4.702756,
-10.291339 2.907762 4.692913,
-10.198200 2.907762 4.692913,
-10.198200 2.814623 4.692913,
-10.291339 2.814623 4.692913,
-10.291339 2.907762 4.702756,
-10.198200 2.907762 4.702756,
-10.198200 2.814623 4.702756,
-10.291339 2.814623 4.702756,
-10.696288 2.806524 4.692913,
-10.603150 2.806524 4.692913,
-10.603150 2.713386 4.692913,
-10.696288 2.713386 4.692913,
-10.696288 2.806524 4.702756,
-10.603150 2.806524 4.702756,
-10.603150 2.713386 4.702756,
-10.696288 2.713386 4.702756,
-10.291339 2.806524 4.692913,
-10.198200 2.806524 4.692913,
-10.198200 2.713386 4.692913,
-10.291339 2.713386 4.692913,
-10.291339 2.806524 4.702756,
-10.198200 2.806524 4.702756,
-10.198200 2.713386 4.702756,
-10.291339 2.713386 4.702756,
-10.696288 2.705287 4.692913,
-10.603150 2.705287 4.692913,
-10.603150 2.612148 4.692913,
-10.696288 2.612148 4.692913,
-10.696288 2.705287 4.702756,
-10.603150 2.705287 4.702756,
-10.603150 2.612148 4.702756,
-10.696288 2.612148 4.702756,
-10.291339 2.705287 4.692913,
-10.198200 2.705287 4.692913,
-10.198200 2.612148 4.692913,
-10.291339 2.612148 4.692913,
-10.291339 2.705287 4.702756,
-10.198200 2.705287 4.702756,
-10.198200 2.612148 4.702756,
-10.291339 2.612148 4.702756,
-10.696288 2.604049 4.692913,
-10.603150 2.604049 4.692913,
-10.603150 2.510911 4.692913,
-10.696288 2.510911 4.692913,
-10.696288 2.604049 4.702756,
-10.603150 2.604049 4.702756,
-10.603150 2.510911 4.702756,
-10.696288 2.510911 4.702756,
-10.291339 2.604049 4.692913,
-10.198200 2.604049 4.692913,
-10.198200 2.510911 4.692913,
-10.291339 2.510911 4.692913,
-10.291339 2.604049 4.702756,
-10.198200 2.604049 4.702756,
-10.198200 2.510911 4.702756,
-10.291339 2.510911 4.702756,
-10.595051 2.502812 4.692913,
-10.501912 2.502812 4.692913,
-10.501912 2.409674 4.692913,
-10.595051 2.409674 4.692913,
-10.595051 2.502812 4.702756,
-10.501912 2.502812 4.702756,
-10.501912 2.409674 4.702756,
-10.595051 2.409674 4.702756,
-10.493813 2.502812 4.692913,
-10.400675 2.502812 4.692913,
-10.400675 2.409674 4.692913,
-10.493813 2.409674 4.692913,
-10.493813 2.502812 4.702756,
-10.400675 2.502812 4.702756,
-10.400675 2.409674 4.702756,
-10.493813 2.409674 4.702756,
-10.392576 2.502812 4.692913,
-10.299438 2.502812 4.692913,
-10.299438 2.409674 4.692913,
-10.392576 2.409674 4.692913,
-10.392576 2.502812 4.702756,
-10.299438 2.502812 4.702756,
-10.299438 2.409674 4.702756,
-10.392576 2.409674 4.702756,
-9.987627 3.110236 4.692913,
-9.894488 3.110236 4.692913,
-9.894488 3.017098 4.692913,
-9.987627 3.017098 4.692913,
-9.987627 3.110236 4.702756,
-9.894488 3.110236 4.702756,
-9.894488 3.017098 4.702756,
-9.987627 3.017098 4.702756,
-9.886389 3.110236 4.692913,
-9.793251 3.110236 4.692913,
-9.793251 3.017098 4.692913,
-9.886389 3.017098 4.692913,
-9.886389 3.110236 4.702756,
-9.793251 3.110236 4.702756,
-9.793251 3.017098 4.702756,
-9.886389 3.017098 4.702756,
-9.785152 3.110236 4.692913,
-9.692013 3.110236 4.692913,
-9.692013 3.017098 4.692913,
-9.785152 3.017098 4.692913,
-9.785152 3.110236 4.702756,
-9.692013 3.110236 4.702756,
-9.692013 3.017098 4.702756,
-9.785152 3.017098 4.702756,
-10.088864 3.008999 4.692913,
-9.995726 3.008999 4.692913,
-9.995726 2.915861 4.692913,
-10.088864 2.915861 4.692913,
-10.088864 3.008999 4.702756,
-9.995726 3.008999 4.702756,
-9.995726 2.915861 4.702756,
-10.088864 2.915861 4.702756,
-9.683915 3.008999 4.692913,
-9.590776 3.008999 4.692913,
-9.590776 2.915861 4.692913,
-9.683915 2.915861 4.692913,
-9.683915 3.008999 4.702756,
-9.590776 3.008999 4.702756,
-9.590776 2.915861 4.702756,
-9.683915 2.915861 4.702756,
-10.088864 2.907762 4.692913,
-9.995726 2.907762 4.692913,
-9.995726 2.814623 4.692913,
-10.088864 2.814623 4.692913,
-10.088864 2.907762 4.702756,
-9.995726 2.907762 4.702756,
-9.995726 2.814623 4.702756,
-10.088864 2.814623 4.702756,
-9.683915 2.907762 4.692913,
-9.590776 2.907762 4.692913,
-9.590776 2.814623 4.692913,
-9.683915 2.814623 4.692913,
-9.683915 2.907762 4.702756,
-9.590776 2.907762 4.702756,
-9.590776 2.814623 4.702756,
-9.683915 2.814623 4.702756,
-10.088864 2.806524 4.692913,
-9.995726 2.806524 4.692913,
-9.995726 2.713386 4.692913,
-10.088864 2.713386 4.692913,
-10.088864 2.806524 4.702756,
-9.995726 2.806524 4.702756,
-9.995726 2.713386 4.702756,
-10.088864 2.713386 4.702756,
-9.683915 2.806524 4.692913,
-9.590776 2.806524 4.692913,
-9.590776 2.713386 4.692913,
-9.683915 2.713386 4.692913,
-9.683915 2.806524 4.702756,
-9.590776 2.806524 4.702756,
-9.590776 2.713386 4.702756,
-9.683915 2.713386 4.702756,
-10.088864 2.705287 4.692913,
-9.995726 2.705287 4.692913,
-9.995726 2.612148 4.692913,
-10.088864 2.612148 4.692913,
-10.088864 2.705287 4.702756,
-9.995726 2.705287 4.702756,
-9.995726 2.612148 4.702756,
-10.088864 2.612148 4.702756,
-9.683915 2.705287 4.692913,
-9.590776 2.705287 4.692913,
-9.590776 2.612148 4.692913,
-9.683915 2.612148 4.692913,
-9.683915 2.705287 4.702756,
-9.590776 2.705287 4.702756,
-9.590776 2.612148 4.702756,
-9.683915 2.612148 4.702756,
-10.088864 2.604049 4.692913,
-9.995726 2.604049 4.692913,
-9.995726 2.510911 4.692913,
-10.088864 2.510911 4.692913,
-10.088864 2.604049 4.702756,
-9.995726 2.604049 4.702756,
-9.995726 2.510911 4.702756,
-10.088864 2.510911 4.702756,
-9.683915 2.604049 4.692913,
-9.590776 2.604049 4.692913,
-9.590776 2.510911 4.692913,
-9.683915 2.510911 4.692913,
-9.683915 2.604049 4.702756,
-9.590776 2.604049 4.702756,
-9.590776 2.510911 4.702756,
-9.683915 2.510911 4.702756,
-9.987627 2.502812 4.692913,
-9.894488 2.502812 4.692913,
-9.894488 2.409674 4.692913,
-9.987627 2.409674 4.692913,
-9.987627 2.502812 4.702756,
-9.894488 2.502812 4.702756,
-9.894488 2.409674 4.702756,
-9.987627 2.409674 4.702756,
-9.886389 2.502812 4.692913,
-9.793251 2.502812 4.692913,
-9.793251 2.409674 4.692913,
-9.886389 2.409674 4.692913,
-9.886389 2.502812 4.702756,
-9.793251 2.502812 4.702756,
-9.793251 2.409674 4.702756,
-9.886389 2.409674 4.702756,
-9.785152 2.502812 4.692913,
-9.692013 2.502812 4.692913,
-9.692013 2.409674 4.692913,
-9.785152 2.409674 4.692913,
-9.785152 2.502812 4.702756,
-9.692013 2.502812 4.702756,
-9.692013 2.409674 4.702756,
-9.785152 2.409674 4.702756,
-9.481440 3.110236 4.692913,
-9.388301 3.110236 4.692913,
-9.388301 3.017098 4.692913,
-9.481440 3.017098 4.692913,
-9.481440 3.110236 4.702756,
-9.388301 3.110236 4.702756,
-9.388301 3.017098 4.702756,
-9.481440 3.017098 4.702756,
-9.481440 3.008999 4.692913,
-9.388301 3.008999 4.692913,
-9.388301 2.915861 4.692913,
-9.481440 2.915861 4.692913,
-9.481440 3.008999 4.702756,
-9.388301 3.008999 4.702756,
-9.388301 2.915861 4.702756,
-9.481440 2.915861 4.702756,
-9.481440 2.907762 4.692913,
-9.388301 2.907762 4.692913,
-9.388301 2.814623 4.692913,
-9.481440 2.814623 4.692913,
-9.481440 2.907762 4.702756,
-9.388301 2.907762 4.702756,
-9.388301 2.814623 4.702756,
-9.481440 2.814623 4.702756,
-9.481440 2.806524 4.692913,
-9.388301 2.806524 4.692913,
-9.388301 2.713386 4.692913,
-9.481440 2.713386 4.692913,
-9.481440 2.806524 4.702756,
-9.388301 2.806524 4.702756,
-9.388301 2.713386 4.702756,
-9.481440 2.713386 4.702756,
-9.481440 2.705287 4.692913,
-9.388301 2.705287 4.692913,
-9.388301 2.612148 4.692913,
-9.481440 2.612148 4.692913,
-9.481440 2.705287 4.702756,
-9.388301 2.705287 4.702756,
-9.388301 2.612148 4.702756,
-9.481440 2.612148 4.702756,
-9.481440 2.604049 4.692913,
-9.388301 2.604049 4.692913,
-9.388301 2.510911 4.692913,
-9.481440 2.510911 4.692913,
-9.481440 2.604049 4.702756,
-9.388301 2.604049 4.702756,
-9.388301 2.510911 4.702756,
-9.481440 2.510911 4.702756,
-9.481440 2.502812 4.692913,
-9.388301 2.502812 4.692913,
-9.388301 2.409674 4.692913,
-9.481440 2.409674 4.692913,
-9.481440 2.502812 4.702756,
-9.388301 2.502812 4.702756,
-9.388301 2.409674 4.702756,
-9.481440 2.409674 4.702756,
-9.380202 2.502812 4.692913,
-9.287064 2.502812 4.692913,
-9.287064 2.409674 4.692913,
-9.380202 2.409674 4.692913,
-9.380202 2.502812 4.702756,
-9.287064 2.502812 4.702756,
-9.287064 2.409674 4.702756,
-9.380202 2.409674 4.702756,
-9.278965 2.502812 4.692913,
-9.185827 2.502812 4.692913,
-9.185827 2.409674 4.692913,
-9.278965 2.409674 4.692913,
-9.278965 2.502812 4.702756,
-9.185827 2.502812 4.702756,
-9.185827 2.409674 4.702756,
-9.278965 2.409674 4.702756,
-9.177728 2.502812 4.692913,
-9.084589 2.502812 4.692913,
-9.084589 2.409674 4.692913,
-9.177728 2.409674 4.692913,
-9.177728 2.502812 4.702756,
-9.084589 2.502812 4.702756,
-9.084589 2.409674 4.702756,
-9.177728 2.409674 4.702756,
-9.076490 2.502812 4.692913,
-8.983352 2.502812 4.692913,
-8.983352 2.409674 4.692913,
-9.076490 2.409674 4.692913,
-9.076490 2.502812 4.702756,
-8.983352 2.502812 4.702756,
-8.983352 2.409674 4.702756,
-9.076490 2.409674 4.702756,
-13.069741 -2.440945 4.692913,
-12.986952 -2.440945 4.692913,
-12.986952 -2.523735 4.692913,
-13.069741 -2.523735 4.692913,
-13.069741 -2.440945 4.702756,
-12.986952 -2.440945 4.702756,
-12.986952 -2.523735 4.702756,
-13.069741 -2.523735 4.702756,
-12.979753 -2.440945 4.692913,
-12.896963 -2.440945 4.692913,
-12.896963 -2.523735 4.692913,
-12.979753 -2.523735 4.692913,
-12.979753 -2.440945 4.702756,
-12.896963 -2.440945 4.702756,
-12.896963 -2.523735 4.702756,
-12.979753 -2.523735 4.702756,
-12.889764 -2.440945 4.692913,
-12.806974 -2.440945 4.692913,
-12.806974 -2.523735 4.692913,
-12.889764 -2.523735 4.692913,
-12.889764 -2.440945 4.702756,
-12.806974 -2.440945 4.702756,
-12.806974 -2.523735 4.702756,
-12.889764 -2.523735 4.702756,
-13.159730 -2.530934 4.692913,
-13.076940 -2.530934 4.692913,
-13.076940 -2.613723 4.692913,
-13.159730 -2.613723 4.692913,
-13.159730 -2.530934 4.702756,
-13.076940 -2.530934 4.702756,
-13.076940 -2.613723 4.702756,
-13.159730 -2.613723 4.702756,
-12.799775 -2.530934 4.692913,
-12.716985 -2.530934 4.692913,
-12.716985 -2.613723 4.692913,
-12.799775 -2.613723 4.692913,
-12.799775 -2.530934 4.702756,
-12.716985 -2.530934 4.702756,
-12.716985 -2.613723 4.702756,
-12.799775 -2.613723 4.702756,
-12.799775 -2.620922 4.692913,
-12.716985 -2.620922 4.692913,
-12.716985 -2.703712 4.692913,
-12.799775 -2.703712 4.692913,
-12.799775 -2.620922 4.702756,
-12.716985 -2.620922 4.702756,
-12.716985 -2.703712 4.702756,
-12.799775 -2.703712 4.702756,
-12.889764 -2.710911 4.692913,
-12.806974 -2.710911 4.692913,
-12.806974 -2.793701 4.692913,
-12.889764 -2.793701 4.692913,
-12.889764 -2.710911 4.702756,
-12.806974 -2.710911 4.702756,
-12.806974 -2.793701 4.702756,
-12.889764 -2.793701 4.702756,
-12.979753 -2.800900 4.692913,
-12.896963 -2.800900 4.692913,
-12.896963 -2.883690 4.692913,
-12.979753 -2.883690 4.692913,
-12.979753 -2.800900 4.702756,
-12.896963 -2.800900 4.702756,
-12.896963 -2.883690 4.702756,
-12.979753 -2.883690 4.702756,
-13.069741 -2.890889 4.692913,
-12.986952 -2.890889 4.692913,
-12.986952 -2.973678 4.692913,
-13.069741 -2.973678 4.692913,
-13.069741 -2.890889 4.702756,
-12.986952 -2.890889 4.702756,
-12.986952 -2.973678 4.702756,
-13.069741 -2.973678 4.702756,
-13.159730 -2.980877 4.692913,
-13.076940 -2.980877 4.692913,
-13.076940 -3.063667 4.692913,
-13.159730 -3.063667 4.692913,
-13.159730 -2.980877 4.702756,
-13.076940 -2.980877 4.702756,
-13.076940 -3.063667 4.702756,
-13.159730 -3.063667 4.702756,
-13.069741 -2.980877 4.692913,
-12.986952 -2.980877 4.692913,
-12.986952 -3.063667 4.692913,
-13.069741 -3.063667 4.692913,
-13.069741 -2.980877 4.702756,
-12.986952 -2.980877 4.702756,
-12.986952 -3.063667 4.702756,
-13.069741 -3.063667 4.702756,
-12.979753 -2.980877 4.692913,
-12.896963 -2.980877 4.692913,
-12.896963 -3.063667 4.692913,
-12.979753 -3.063667 4.692913,
-12.979753 -2.980877 4.702756,
-12.896963 -2.980877 4.702756,
-12.896963 -3.063667 4.702756,
-12.979753 -3.063667 4.702756,
-12.889764 -2.980877 4.692913,
-12.806974 -2.980877 4.692913,
-12.806974 -3.063667 4.692913,
-12.889764 -3.063667 4.692913,
-12.889764 -2.980877 4.702756,
-12.806974 -2.980877 4.702756,
-12.806974 -3.063667 4.702756,
-12.889764 -3.063667 4.702756,
-12.799775 -2.980877 4.692913,
-12.716985 -2.980877 4.692913,
-12.716985 -3.063667 4.692913,
-12.799775 -3.063667 4.692913,
-12.799775 -2.980877 4.702756,
-12.716985 -2.980877 4.702756,
-12.716985 -3.063667 4.702756,
-12.799775 -3.063667 4.702756,
-12.529809 -2.440945 4.692913,
-12.447019 -2.440945 4.692913,
-12.447019 -2.523735 4.692913,
-12.529809 -2.523735 4.692913,
-12.529809 -2.440945 4.702756,
-12.447019 -2.440945 4.702756,
-12.447019 -2.523735 4.702756,
-12.529809 -2.523735 4.702756,
-12.439820 -2.440945 4.692913,
-12.357030 -2.440945 4.692913,
-12.357030 -2.523735 4.692913,
-12.439820 -2.523735 4.692913,
-12.439820 -2.440945 4.702756,
-12.357030 -2.440945 4.702756,
-12.357030 -2.523735 4.702756,
-12.439820 -2.523735 4.702756,
-12.349831 -2.440945 4.692913,
-12.267042 -2.440945 4.692913,
-12.267042 -2.523735 4.692913,
-12.349831 -2.523735 4.692913,
-12.349831 -2.440945 4.702756,
-12.267042 -2.440945 4.702756,
-12.267042 -2.523735 4.702756,
-12.349831 -2.523735 4.702756,
-12.619798 -2.530934 4.692913,
-12.537008 -2.530934 4.692913,
-12.537008 -2.613723 4.692913,
-12.619798 -2.613723 4.692913,
-12.619798 -2.530934 4.702756,
-12.537008 -2.530934 4.702756,
-12.537008 -2.613723 4.702756,
-12.619798 -2.613723 4.702756,
-12.619798 -2.620922 4.692913,
-12.537008 -2.620922 4.692913,
-12.537008 -2.703712 4.692913,
-12.619798 -2.703712 4.692913,
-12.619798 -2.620922 4.702756,
-12.537008 -2.620922 4.702756,
-12.537008 -2.703712 4.702756,
-12.619798 -2.703712 4.702756,
-12.619798 -2.710911 4.692913,
-12.537008 -2.710911 4.692913,
-12.537008 -2.793701 4.692913,
-12.619798 -2.793701 4.692913,
-12.619798 -2.710911 4.702756,
-12.537008 -2.710911 4.702756,
-12.537008 -2.793701 4.702756,
-12.619798 -2.793701 4.702756,
-12.529809 -2.710911 4.692913,
-12.447019 -2.710911 4.692913,
-12.447019 -2.793701 4.692913,
-12.529809 -2.793701 4.692913,
-12.529809 -2.710911 4.702756,
-12.447019 -2.710911 4.702756,
-12.447019 -2.793701 4.702756,
-12.529809 -2.793701 4.702756,
-12.439820 -2.710911 4.692913,
-12.357030 -2.710911 4.692913,
-12.357030 -2.793701 4.692913,
-12.439820 -2.793701 4.692913,
-12.439820 -2.710911 4.702756,
-12.357030 -2.710911 4.702756,
-12.357030 -2.793701 4.702756,
-12.439820 -2.793701 4.702756,
-12.349831 -2.710911 4.692913,
-12.267042 -2.710911 4.692913,
-12.267042 -2.793701 4.692913,
-12.349831 -2.793701 4.692913,
-12.349831 -2.710911 4.702756,
-12.267042 -2.710911 4.702756,
-12.267042 -2.793701 4.702756,
-12.349831 -2.793701 4.702756,
-12.619798 -2.800900 4.692913,
-12.537008 -2.800900 4.692913,
-12.537008 -2.883690 4.692913,
-12.619798 -2.883690 4.692913,
-12.619798 -2.800900 4.702756,
-12.537008 -2.800900 4.702756,
-12.537008 -2.883690 4.702756,
-12.619798 -2.883690 4.702756,
-12.259843 -2.800900 4.692913,
-12.177053 -2.800900 4.692913,
-12.177053 -2.883690 4.692913,
-12.259843 -2.883690 4.692913,
-12.259843 -2.800900 4.702756,
-12.177053 -2.800900 4.702756,
-12.177053 -2.883690 4.702756,
-12.259843 -2.883690 4.702756,
-12.619798 -2.890889 4.692913,
-12.537008 -2.890889 4.692913,
-12.537008 -2.973678 4.692913,
-12.619798 -2.973678 4.692913,
-12.619798 -2.890889 4.702756,
-12.537008 -2.890889 4.702756,
-12.537008 -2.973678 4.702756,
-12.619798 -2.973678 4.702756,
-12.259843 -2.890889 4.692913,
-12.177053 -2.890889 4.692913,
-12.177053 -2.973678 4.692913,
-12.259843 -2.973678 4.692913,
-12.259843 -2.890889 4.702756,
-12.177053 -2.890889 4.702756,
-12.177053 -2.973678 4.702756,
-12.259843 -2.973678 4.702756,
-12.529809 -2.980877 4.692913,
-12.447019 -2.980877 4.692913,
-12.447019 -3.063667 4.692913,
-12.529809 -3.063667 4.692913,
-12.529809 -2.980877 4.702756,
-12.447019 -2.980877 4.702756,
-12.447019 -3.063667 4.702756,
-12.529809 -3.063667 4.702756,
-12.439820 -2.980877 4.692913,
-12.357030 -2.980877 4.692913,
-12.357030 -3.063667 4.692913,
-12.439820 -3.063667 4.692913,
-12.439820 -2.980877 4.702756,
-12.357030 -2.980877 4.702756,
-12.357030 -3.063667 4.702756,
-12.439820 -3.063667 4.702756,
-12.349831 -2.980877 4.692913,
-12.267042 -2.980877 4.692913,
-12.267042 -3.063667 4.692913,
-12.349831 -3.063667 4.692913,
-12.349831 -2.980877 4.702756,
-12.267042 -2.980877 4.702756,
-12.267042 -3.063667 4.702756,
-12.349831 -3.063667 4.702756,
-11.809899 -2.440945 4.692913,
-11.727109 -2.440945 4.692913,
-11.727109 -2.523735 4.692913,
-11.809899 -2.523735 4.692913,
-11.809899 -2.440945 4.702756,
-11.727109 -2.440945 4.702756,
-11.727109 -2.523735 4.702756,
-11.809899 -2.523735 4.702756,
-11.899888 -2.530934 4.692913,
-11.817098 -2.530934 4.692913,
-11.817098 -2.613723 4.692913,
-11.899888 -2.613723 4.692913,
-11.899888 -2.530934 4.702756,
-11.817098 -2.530934 4.702756,
-11.817098 -2.613723 4.702756,
-11.899888 -2.613723 4.702756,
-11.809899 -2.530934 4.692913,
-11.727109 -2.530934 4.692913,
-11.727109 -2.613723 4.692913,
-11.809899 -2.613723 4.692913,
-11.809899 -2.530934 4.702756,
-11.727109 -2.530934 4.702756,
-11.727109 -2.613723 4.702756,
-11.809899 -2.613723 4.702756,
-11.989876 -2.620922 4.692913,
-11.907087 -2.620922 4.692913,
-11.907087 -2.703712 4.692913,
-11.989876 -2.703712 4.692913,
-11.989876 -2.620922 4.702756,
-11.907087 -2.620922 4.702756,
-11.907087 -2.703712 4.702756,
-11.989876 -2.703712 4.702756,
-11.809899 -2.620922 4.692913,
-11.727109 -2.620922 4.692913,
-11.727109 -2.703712 4.692913,
-11.809899 -2.703712 4.692913,
-11.809899 -2.620922 4.702756,
-11.727109 -2.620922 4.702756,
-11.727109 -2.703712 4.702756,
-11.809899 -2.703712 4.702756,
-12.079865 -2.710911 4.692913,
-11.997075 -2.710911 4.692913,
-11.997075 -2.793701 4.692913,
-12.079865 -2.793701 4.692913,
-12.079865 -2.710911 4.702756,
-11.997075 -2.710911 4.702756,
-11.997075 -2.793701 4.702756,
-12.079865 -2.793701 4.702756,
-11.809899 -2.710911 4.692913,
-11.727109 -2.710911 4.692913,
-11.727109 -2.793701 4.692913,
-11.809899 -2.793701 4.692913,
-11.809899 -2.710911 4.702756,
-11.727109 -2.710911 4.702756,
-11.727109 -2.793701 4.702756,
-11.809899 -2.793701 4.702756,
-12.079865 -2.800900 4.692913,
-11.997075 -2.800900 4.692913,
-11.997075 -2.883690 4.692913,
-12.079865 -2.883690 4.692913,
-12.079865 -2.800900 4.702756,
-11.997075 -2.800900 4.702756,
-11.997075 -2.883690 4.702756,
-12.079865 -2.883690 4.702756,
-11.989876 -2.800900 4.692913,
-11.907087 -2.800900 4.692913,
-11.907087 -2.883690 4.692913,
-11.989876 -2.883690 4.692913,
-11.989876 -2.800900 4.702756,
-11.907087 -2.800900 4.702756,
-11.907087 -2.883690 4.702756,
-11.989876 -2.883690 4.702756,
-11.899888 -2.800900 4.692913,
-11.817098 -2.800900 4.692913,
-11.817098 -2.883690 4.692913,
-11.899888 -2.883690 4.692913,
-11.899888 -2.800900 4.702756,
-11.817098 -2.800900 4.702756,
-11.817098 -2.883690 4.702756,
-11.899888 -2.883690 4.702756,
-11.809899 -2.800900 4.692913,
-11.727109 -2.800900 4.692913,
-11.727109 -2.883690 4.692913,
-11.809899 -2.883690 4.692913,
-11.809899 -2.800900 4.702756,
-11.727109 -2.800900 4.702756,
-11.727109 -2.883690 4.702756,
-11.809899 -2.883690 4.702756,
-11.719910 -2.800900 4.692913,
-11.637120 -2.800900 4.692913,
-11.637120 -2.883690 4.692913,
-11.719910 -2.883690 4.692913,
-11.719910 -2.800900 4.702756,
-11.637120 -2.800900 4.702756,
-11.637120 -2.883690 4.702756,
-11.719910 -2.883690 4.702756,
-11.809899 -2.890889 4.692913,
-11.727109 -2.890889 4.692913,
-11.727109 -2.973678 4.692913,
-11.809899 -2.973678 4.692913,
-11.809899 -2.890889 4.702756,
-11.727109 -2.890889 4.702756,
-11.727109 -2.973678 4.702756,
-11.809899 -2.973678 4.702756,
-11.809899 -2.980877 4.692913,
-11.727109 -2.980877 4.692913,
-11.727109 -3.063667 4.692913,
-11.809899 -3.063667 4.692913,
-11.809899 -2.980877 4.702756,
-11.727109 -2.980877 4.702756,
-11.727109 -3.063667 4.702756,
-11.809899 -3.063667 4.702756,
-11.539933 -2.710911 4.692913,
-11.457143 -2.710911 4.692913,
-11.457143 -2.793701 4.692913,
-11.539933 -2.793701 4.692913,
-11.539933 -2.710911 4.702756,
-11.457143 -2.710911 4.702756,
-11.457143 -2.793701 4.702756,
-11.539933 -2.793701 4.702756,
-11.449944 -2.710911 4.692913,
-11.367154 -2.710911 4.692913,
-11.367154 -2.793701 4.692913,
-11.449944 -2.793701 4.692913,
-11.449944 -2.710911 4.702756,
-11.367154 -2.710911 4.702756,
-11.367154 -2.793701 4.702756,
-11.449944 -2.793701 4.702756,
-11.359955 -2.710911 4.692913,
-11.277165 -2.710911 4.692913,
-11.277165 -2.793701 4.692913,
-11.359955 -2.793701 4.692913,
-11.359955 -2.710911 4.702756,
-11.277165 -2.710911 4.702756,
-11.277165 -2.793701 4.702756,
-11.359955 -2.793701 4.702756,
-11.269966 -2.710911 4.692913,
-11.187177 -2.710911 4.692913,
-11.187177 -2.793701 4.692913,
-11.269966 -2.793701 4.692913,
-11.269966 -2.710911 4.702756,
-11.187177 -2.710911 4.702756,
-11.187177 -2.793701 4.702756,
-11.269966 -2.793701 4.702756,
-11.179978 -2.710911 4.692913,
-11.097188 -2.710911 4.692913,
-11.097188 -2.793701 4.692913,
-11.179978 -2.793701 4.692913,
-11.179978 -2.710911 4.702756,
-11.097188 -2.710911 4.702756,
-11.097188 -2.793701 4.702756,
-11.179978 -2.793701 4.702756,
-10.730034 -2.440945 4.692913,
-10.647244 -2.440945 4.692913,
-10.647244 -2.523735 4.692913,
-10.730034 -2.523735 4.692913,
-10.730034 -2.440945 4.702756,
-10.647244 -2.440945 4.702756,
-10.647244 -2.523735 4.702756,
-10.730034 -2.523735 4.702756,
-10.820022 -2.530934 4.692913,
-10.737233 -2.530934 4.692913,
-10.737233 -2.613723 4.692913,
-10.820022 -2.613723 4.692913,
-10.820022 -2.530934 4.702756,
-10.737233 -2.530934 4.702756,
-10.737233 -2.613723 4.702756,
-10.820022 -2.613723 4.702756,
-10.730034 -2.530934 4.692913,
-10.647244 -2.530934 4.692913,
-10.647244 -2.613723 4.692913,
-10.730034 -2.613723 4.692913,
-10.730034 -2.530934 4.702756,
-10.647244 -2.530934 4.702756,
-10.647244 -2.613723 4.702756,
-10.730034 -2.613723 4.702756,
-10.910011 -2.620922 4.692913,
-10.827222 -2.620922 4.692913,
-10.827222 -2.703712 4.692913,
-10.910011 -2.703712 4.692913,
-10.910011 -2.620922 4.702756,
-10.827222 -2.620922 4.702756,
-10.827222 -2.703712 4.702756,
-10.910011 -2.703712 4.702756,
-10.730034 -2.620922 4.692913,
-10.647244 -2.620922 4.692913,
-10.647244 -2.703712 4.692913,
-10.730034 -2.703712 4.692913,
-10.730034 -2.620922 4.702756,
-10.647244 -2.620922 4.702756,
-10.647244 -2.703712 4.702756,
-10.730034 -2.703712 4.702756,
-11.000000 -2.710911 4.692913,
-10.917210 -2.710911 4.692913,
-10.917210 -2.793701 4.692913,
-11.000000 -2.793701 4.692913,
-11.000000 -2.710911 4.702756,
-10.917210 -2.710911 4.702756,
-10.917210 -2.793701 4.702756,
-11.000000 -2.793701 4.702756,
-10.730034 -2.710911 4.692913,
-10.647244 -2.710911 4.692913,
-10.647244 -2.793701 4.692913,
-10.730034 -2.793701 4.692913,
-10.730034 -2.710911 4.702756,
-10.647244 -2.710911 4.702756,
-10.647244 -2.793701 4.702756,
-10.730034 -2.793701 4.702756,
-11.000000 -2.800900 4.692913,
-10.917210 -2.800900 4.692913,
-10.917210 -2.883690 4.692913,
-11.000000 -2.883690 4.692913,
-11.000000 -2.800900 4.702756,
-10.917210 -2.800900 4.702756,
-10.917210 -2.883690 4.702756,
-11.000000 -2.883690 4.702756,
-10.910011 -2.800900 4.692913,
-10.827222 -2.800900 4.692913,
-10.827222 -2.883690 4.692913,
-10.910011 -2.883690 4.692913,
-10.910011 -2.800900 4.702756,
-10.827222 -2.800900 4.702756,
-10.827222 -2.883690 4.702756,
-10.910011 -2.883690 4.702756,
-10.820022 -2.800900 4.692913,
-10.737233 -2.800900 4.692913,
-10.737233 -2.883690 4.692913,
-10.820022 -2.883690 4.692913,
-10.820022 -2.800900 4.702756,
-10.737233 -2.800900 4.702756,
-10.737233 -2.883690 4.702756,
-10.820022 -2.883690 4.702756,
-10.730034 -2.800900 4.692913,
-10.647244 -2.800900 4.692913,
-10.647244 -2.883690 4.692913,
-10.730034 -2.883690 4.692913,
-10.730034 -2.800900 4.702756,
-10.647244 -2.800900 4.702756,
-10.647244 -2.883690 4.702756,
-10.730034 -2.883690 4.702756,
-10.640045 -2.800900 4.692913,
-10.557255 -2.800900 4.692913,
-10.557255 -2.883690 4.692913,
-10.640045 -2.883690 4.692913,
-10.640045 -2.800900 4.702756,
-10.557255 -2.800900 4.702756,
-10.557255 -2.883690 4.702756,
-10.640045 -2.883690 4.702756,
-10.730034 -2.890889 4.692913,
-10.647244 -2.890889 4.692913,
-10.647244 -2.973678 4.692913,
-10.730034 -2.973678 4.692913,
-10.730034 -2.890889 4.702756,
-10.647244 -2.890889 4.702756,
-10.647244 -2.973678 4.702756,
-10.730034 -2.973678 4.702756,
-10.730034 -2.980877 4.692913,
-10.647244 -2.980877 4.692913,
-10.647244 -3.063667 4.692913,
-10.730034 -3.063667 4.692913,
-10.730034 -2.980877 4.702756,
-10.647244 -2.980877 4.702756,
-10.647244 -3.063667 4.702756,
-10.730034 -3.063667 4.702756,
-10.190101 -2.440945 4.692913,
-10.107312 -2.440945 4.692913,
-10.107312 -2.523735 4.692913,
-10.190101 -2.523735 4.692913,
-10.190101 -2.440945 4.702756,
-10.107312 -2.440945 4.702756,
-10.107312 -2.523735 4.702756,
-10.190101 -2.523735 4.702756,
-10.280090 -2.530934 4.692913,
-10.197300 -2.530934 4.692913,
-10.197300 -2.613723 4.692913,
-10.280090 -2.613723 4.692913,
-10.280090 -2.530934 4.702756,
-10.197300 -2.530934 4.702756,
-10.197300 -2.613723 4.702756,
-10.280090 -2.613723 4.702756,
-10.190101 -2.530934 4.692913,
-10.107312 -2.530934 4.692913,
-10.107312 -2.613723 4.692913,
-10.190101 -2.613723 4.692913,
-10.190101 -2.530934 4.702756,
-10.107312 -2.530934 4.702756,
-10.107312 -2.613723 4.702756,
-10.190101 -2.613723 4.702756,
-10.370079 -2.620922 4.692913,
-10.287289 -2.620922 4.692913,
-10.287289 -2.703712 4.692913,
-10.370079 -2.703712 4.692913,
-10.370079 -2.620922 4.702756,
-10.287289 -2.620922 4.702756,
-10.287289 -2.703712 4.702756,
-10.370079 -2.703712 4.702756,
-10.190101 -2.620922 4.692913,
-10.107312 -2.620922 4.692913,
-10.107312 -2.703712 4.692913,
-10.190101 -2.703712 4.692913,
-10.190101 -2.620922 4.702756,
-10.107312 -2.620922 4.702756,
-10.107312 -2.703712 4.702756,
-10.190101 -2.703712 4.702756,
-10.460067 -2.710911 4.692913,
-10.377278 -2.710911 4.692913,
-10.377278 -2.793701 4.692913,
-10.460067 -2.793701 4.692913,
-10.460067 -2.710911 4.702756,
-10.377278 -2.710911 4.702756,
-10.377278 -2.793701 4.702756,
-10.460067 -2.793701 4.702756,
-10.190101 -2.710911 4.692913,
-10.107312 -2.710911 4.692913,
-10.107312 -2.793701 4.692913,
-10.190101 -2.793701 4.692913,
-10.190101 -2.710911 4.702756,
-10.107312 -2.710911 4.702756,
-10.107312 -2.793701 4.702756,
-10.190101 -2.793701 4.702756,
-10.460067 -2.800900 4.692913,
-10.377278 -2.800900 4.692913,
-10.377278 -2.883690 4.692913,
-10.460067 -2.883690 4.692913,
-10.460067 -2.800900 4.702756,
-10.377278 -2.800900 4.702756,
-10.377278 -2.883690 4.702756,
-10.460067 -2.883690 4.702756,
-10.370079 -2.800900 4.692913,
-10.287289 -2.800900 4.692913,
-10.287289 -2.883690 4.692913,
-10.370079 -2.883690 4.692913,
-10.370079 -2.800900 4.702756,
-10.287289 -2.800900 4.702756,
-10.287289 -2.883690 4.702756,
-10.370079 -2.883690 4.702756,
-10.280090 -2.800900 4.692913,
-10.197300 -2.800900 4.692913,
-10.197300 -2.883690 4.692913,
-10.280090 -2.883690 4.692913,
-10.280090 -2.800900 4.702756,
-10.197300 -2.800900 4.702756,
-10.197300 -2.883690 4.702756,
-10.280090 -2.883690 4.702756,
-10.190101 -2.800900 4.692913,
-10.107312 -2.800900 4.692913,
-10.107312 -2.883690 4.692913,
-10.190101 -2.883690 4.692913,
-10.190101 -2.800900 4.702756,
-10.107312 -2.800900 4.702756,
-10.107312 -2.883690 4.702756,
-10.190101 -2.883690 4.702756,
-10.100112 -2.800900 4.692913,
-10.017323 -2.800900 4.692913,
-10.017323 -2.883690 4.692913,
-10.100112 -2.883690 4.692913,
-10.100112 -2.800900 4.702756,
-10.017323 -2.800900 4.702756,
-10.017323 -2.883690 4.702756,
-10.100112 -2.883690 4.702756,
-10.190101 -2.890889 4.692913,
-10.107312 -2.890889 4.692913,
-10.107312 -2.973678 4.692913,
-10.190101 -2.973678 4.692913,
-10.190101 -2.890889 4.702756,
-10.107312 -2.890889 4.702756,
-10.107312 -2.973678 4.702756,
-10.190101 -2.973678 4.702756,
-10.190101 -2.980877 4.692913,
-10.107312 -2.980877 4.692913,
-10.107312 -3.063667 4.692913,
-10.190101 -3.063667 4.692913,
-10.190101 -2.980877 4.702756,
-10.107312 -2.980877 4.702756,
-10.107312 -3.063667 4.702756,
-10.190101 -3.063667 4.702756,
-9.830146 -2.440945 4.692913,
-9.747357 -2.440945 4.692913,
-9.747357 -2.523735 4.692913,
-9.830146 -2.523735 4.692913,
-9.830146 -2.440945 4.702756,
-9.747357 -2.440945 4.702756,
-9.747357 -2.523735 4.702756,
-9.830146 -2.523735 4.702756,
-9.740157 -2.440945 4.692913,
-9.657368 -2.440945 4.692913,
-9.657368 -2.523735 4.692913,
-9.740157 -2.523735 4.692913,
-9.740157 -2.440945 4.702756,
-9.657368 -2.440945 4.702756,
-9.657368 -2.523735 4.702756,
-9.740157 -2.523735 4.702756,
-9.650169 -2.440945 4.692913,
-9.567379 -2.440945 4.692913,
-9.567379 -2.523735 4.692913,
-9.650169 -2.523735 4.692913,
-9.650169 -2.440945 4.702756,
-9.567379 -2.440945 4.702756,
-9.567379 -2.523735 4.702756,
-9.650169 -2.523735 4.702756,
-9.920135 -2.530934 4.692913,
-9.837345 -2.530934 4.692913,
-9.837345 -2.613723 4.692913,
-9.920135 -2.613723 4.692913,
-9.920135 -2.530934 4.702756,
-9.837345 -2.530934 4.702756,
-9.837345 -2.613723 4.702756,
-9.920135 -2.613723 4.702756,
-9.560180 -2.530934 4.692913,
-9.477390 -2.530934 4.692913,
-9.477390 -2.613723 4.692913,
-9.560180 -2.613723 4.692913,
-9.560180 -2.530934 4.702756,
-9.477390 -2.530934 4.702756,
-9.477390 -2.613723 4.702756,
-9.560180 -2.613723 4.702756,
-9.920135 -2.620922 4.692913,
-9.837345 -2.620922 4.692913,
-9.837345 -2.703712 4.692913,
-9.920135 -2.703712 4.692913,
-9.920135 -2.620922 4.702756,
-9.837345 -2.620922 4.702756,
-9.837345 -2.703712 4.702756,
-9.920135 -2.703712 4.702756,
-9.560180 -2.620922 4.692913,
-9.477390 -2.620922 4.692913,
-9.477390 -2.703712 4.692913,
-9.560180 -2.703712 4.692913,
-9.560180 -2.620922 4.702756,
-9.477390 -2.620922 4.702756,
-9.477390 -2.703712 4.702756,
-9.560180 -2.703712 4.702756,
-9.830146 -2.710911 4.692913,
-9.747357 -2.710911 4.692913,
-9.747357 -2.793701 4.692913,
-9.830146 -2.793701 4.692913,
-9.830146 -2.710911 4.702756,
-9.747357 -2.710911 4.702756,
-9.747357 -2.793701 4.702756,
-9.830146 -2.793701 4.702756,
-9.740157 -2.710911 4.692913,
-9.657368 -2.710911 4.692913,
-9.657368 -2.793701 4.692913,
-9.740157 -2.793701 4.692913,
-9.740157 -2.710911 4.702756,
-9.657368 -2.710911 4.702756,
-9.657368 -2.793701 4.702756,
-9.740157 -2.793701 4.702756,
-9.650169 -2.710911 4.692913,
-9.567379 -2.710911 4.692913,
-9.567379 -2.793701 4.692913,
-9.650169 -2.793701 4.692913,
-9.650169 -2.710911 4.702756,
-9.567379 -2.710911 4.702756,
-9.567379 -2.793701 4.702756,
-9.650169 -2.793701 4.702756,
-9.560180 -2.710911 4.692913,
-9.477390 -2.710911 4.692913,
-9.477390 -2.793701 4.692913,
-9.560180 -2.793701 4.692913,
-9.560180 -2.710911 4.702756,
-9.477390 -2.710911 4.702756,
-9.477390 -2.793701 4.702756,
-9.560180 -2.793701 4.702756,
-9.560180 -2.800900 4.692913,
-9.477390 -2.800900 4.692913,
-9.477390 -2.883690 4.692913,
-9.560180 -2.883690 4.692913,
-9.560180 -2.800900 4.702756,
-9.477390 -2.800900 4.702756,
-9.477390 -2.883690 4.702756,
-9.560180 -2.883690 4.702756,
-9.560180 -2.890889 4.692913,
-9.477390 -2.890889 4.692913,
-9.477390 -2.973678 4.692913,
-9.560180 -2.973678 4.692913,
-9.560180 -2.890889 4.702756,
-9.477390 -2.890889 4.702756,
-9.477390 -2.973678 4.702756,
-9.560180 -2.973678 4.702756,
-9.830146 -2.980877 4.692913,
-9.747357 -2.980877 4.692913,
-9.747357 -3.063667 4.692913,
-9.830146 -3.063667 4.692913,
-9.830146 -2.980877 4.702756,
-9.747357 -2.980877 4.702756,
-9.747357 -3.063667 4.702756,
-9.830146 -3.063667 4.702756,
-9.740157 -2.980877 4.692913,
-9.657368 -2.980877 4.692913,
-9.657368 -3.063667 4.692913,
-9.740157 -3.063667 4.692913,
-9.740157 -2.980877 4.702756,
-9.657368 -2.980877 4.702756,
-9.657368 -3.063667 4.702756,
-9.740157 -3.063667 4.702756,
-9.650169 -2.980877 4.692913,
-9.567379 -2.980877 4.692913,
-9.567379 -3.063667 4.692913,
-9.650169 -3.063667 4.692913,
-9.650169 -2.980877 4.702756,
-9.567379 -2.980877 4.702756,
-9.567379 -3.063667 4.702756,
-9.650169 -3.063667 4.702756,
-9.380202 -2.440945 4.692913,
-9.297413 -2.440945 4.692913,
-9.297413 -2.523735 4.692913,
-9.380202 -2.523735 4.692913,
-9.380202 -2.440945 4.702756,
-9.297413 -2.440945 4.702756,
-9.297413 -2.523735 4.702756,
-9.380202 -2.523735 4.702756,
-9.290214 -2.440945 4.692913,
-9.207424 -2.440945 4.692913,
-9.207424 -2.523735 4.692913,
-9.290214 -2.523735 4.692913,
-9.290214 -2.440945 4.702756,
-9.207424 -2.440945 4.702756,
-9.207424 -2.523735 4.702756,
-9.290214 -2.523735 4.702756,
-9.200225 -2.440945 4.692913,
-9.117435 -2.440945 4.692913,
-9.117435 -2.523735 4.692913,
-9.200225 -2.523735 4.692913,
-9.200225 -2.440945 4.702756,
-9.117435 -2.440945 4.702756,
-9.117435 -2.523735 4.702756,
-9.200225 -2.523735 4.702756,
-9.110236 -2.440945 4.692913,
-9.027447 -2.440945 4.692913,
-9.027447 -2.523735 4.692913,
-9.110236 -2.523735 4.692913,
-9.110236 -2.440945 4.702756,
-9.027447 -2.440945 4.702756,
-9.027447 -2.523735 4.702756,
-9.110236 -2.523735 4.702756,
-9.020247 -2.530934 4.692913,
-8.937458 -2.530934 4.692913,
-8.937458 -2.613723 4.692913,
-9.020247 -2.613723 4.692913,
-9.020247 -2.530934 4.702756,
-8.937458 -2.530934 4.702756,
-8.937458 -2.613723 4.702756,
-9.020247 -2.613723 4.702756,
-9.020247 -2.620922 4.692913,
-8.937458 -2.620922 4.692913,
-8.937458 -2.703712 4.692913,
-9.020247 -2.703712 4.692913,
-9.020247 -2.620922 4.702756,
-8.937458 -2.620922 4.702756,
-8.937458 -2.703712 4.702756,
-9.020247 -2.703712 4.702756,
-9.290214 -2.710911 4.692913,
-9.207424 -2.710911 4.692913,
-9.207424 -2.793701 4.692913,
-9.290214 -2.793701 4.692913,
-9.290214 -2.710911 4.702756,
-9.207424 -2.710911 4.702756,
-9.207424 -2.793701 4.702756,
-9.290214 -2.793701 4.702756,
-9.200225 -2.710911 4.692913,
-9.117435 -2.710911 4.692913,
-9.117435 -2.793701 4.692913,
-9.200225 -2.793701 4.692913,
-9.200225 -2.710911 4.702756,
-9.117435 -2.710911 4.702756,
-9.117435 -2.793701 4.702756,
-9.200225 -2.793701 4.702756,
-9.110236 -2.710911 4.692913,
-9.027447 -2.710911 4.692913,
-9.027447 -2.793701 4.692913,
-9.110236 -2.793701 4.692913,
-9.110236 -2.710911 4.702756,
-9.027447 -2.710911 4.702756,
-9.027447 -2.793701 4.702756,
-9.110236 -2.793701 4.702756,
-9.020247 -2.800900 4.692913,
-8.937458 -2.800900 4.692913,
-8.937458 -2.883690 4.692913,
-9.020247 -2.883690 4.692913,
-9.020247 -2.800900 4.702756,
-8.937458 -2.800900 4.702756,
-8.937458 -2.883690 4.702756,
-9.020247 -2.883690 4.702756,
-9.020247 -2.890889 4.692913,
-8.937458 -2.890889 4.692913,
-8.937458 -2.973678 4.692913,
-9.020247 -2.973678 4.692913,
-9.020247 -2.890889 4.702756,
-8.937458 -2.890889 4.702756,
-8.937458 -2.973678 4.702756,
-9.020247 -2.973678 4.702756,
-9.380202 -2.980877 4.692913,
-9.297413 -2.980877 4.692913,
-9.297413 -3.063667 4.692913,
-9.380202 -3.063667 4.692913,
-9.380202 -2.980877 4.702756,
-9.297413 -2.980877 4.702756,
-9.297413 -3.063667 4.702756,
-9.380202 -3.063667 4.702756,
-9.290214 -2.980877 4.692913,
-9.207424 -2.980877 4.692913,
-9.207424 -3.063667 4.692913,
-9.290214 -3.063667 4.692913,
-9.290214 -2.980877 4.702756,
-9.207424 -2.980877 4.702756,
-9.207424 -3.063667 4.702756,
-9.290214 -3.063667 4.702756,
-9.200225 -2.980877 4.692913,
-9.117435 -2.980877 4.692913,
-9.117435 -3.063667 4.692913,
-9.200225 -3.063667 4.692913,
-9.200225 -2.980877 4.702756,
-9.117435 -2.980877 4.702756,
-9.117435 -3.063667 4.702756,
-9.200225 -3.063667 4.702756,
-9.110236 -2.980877 4.692913,
-9.027447 -2.980877 4.692913,
-9.027447 -3.063667 4.692913,
-9.110236 -3.063667 4.692913,
-9.110236 -2.980877 4.702756,
-9.027447 -2.980877 4.702756,
-9.027447 -3.063667 4.702756,
-9.110236 -3.063667 4.702756,
4.503937 18.673228 0.200787,
4.517352 18.775126 0.200787,
4.556683 18.870079 0.200787,
4.619249 18.951617 0.200787,
4.700787 19.014183 0.200787,
4.795741 19.053514 0.200787,
4.897638 19.066929 0.200787,
17.102362 19.066929 0.200787,
17.204259 19.053514 0.200787,
17.299213 19.014183 0.200787,
17.380751 18.951617 0.200787,
17.443317 18.870079 0.200787,
17.482648 18.775126 0.200787,
17.496063 18.673228 0.200787,
17.496063 -20.145669 0.200787,
17.482648 -20.247567 0.200787,
17.443317 -20.342520 0.200787,
17.380751 -20.424058 0.200787,
17.299213 -20.486624 0.200787,
17.204259 -20.525955 0.200787,
17.102362 -20.539370 0.200787,
4.897638 -20.539370 0.200787,
4.795741 -20.525955 0.200787,
4.700787 -20.486624 0.200787,
4.619249 -20.424058 0.200787,
4.556683 -20.342520 0.200787,
4.517352 -20.247567 0.200787,
4.503937 -20.145669 0.200787,
4.503937 18.673228 3.070866,
4.517352 18.775126 3.070866,
4.556683 18.870079 3.070866,
4.619249 18.951617 3.070866,
4.700787 19.014183 3.070866,
4.795741 19.053514 3.070866,
4.897638 19.066929 3.070866,
17.102362 19.066929 3.070866,
17.204259 19.053514 3.070866,
17.299213 19.014183 3.070866,
17.380751 18.951617 3.070866,
17.443317 18.870079 3.070866,
17.482648 18.775126 3.070866,
17.496063 18.673228 3.070866,
17.496063 -20.145669 3.070866,
17.482648 -20.247567 3.070866,
17.443317 -20.342520 3.070866,
17.380751 -20.424058 3.070866,
17.299213 -20.486624 3.070866,
17.204259 -20.525955 3.070866,
17.102362 -20.539370 3.070866,
4.897638 -20.539370 3.070866,
4.795741 -20.525955 3.070866,
4.700787 -20.486624 3.070866,
4.619249 -20.424058 3.070866,
4.556683 -20.342520 3.070866,
4.517352 -20.247567 3.070866,
4.503937 -20.145669 3.070866,
13.125984 -3.110236 4.692913,
13.032846 -3.110236 4.692913,
13.032846 -3.017098 4.692913,
13.125984 -3.017098 4.692913,
13.125984 -3.110236 4.702756,
13.032846 -3.110236 4.702756,
13.032846 -3.017098 4.702756,
13.125984 -3.017098 4.702756,
13.024747 -3.110236 4.692913,
12.931609 -3.110236 4.692913,
12.931609 -3.017098 4.692913,
13.024747 -3.017098 4.692913,
13.024747 -3.110236 4.702756,
12.931609 -3.110236 4.702756,
12.931609 -3.017098 4.702756,
13.024747 -3.017098 4.702756,
12.923510 -3.110236 4.692913,
12.830371 -3.110236 4.692913,
12.830371 -3.017098 4.692913,
12.923510 -3.017098 4.692913,
12.923510 -3.110236 4.702756,
12.830371 -3.110236 4.702756,
12.830371 -3.017098 4.702756,
12.923510 -3.017098 4.702756,
12.822272 -3.110236 4.692913,
12.729134 -3.110236 4.692913,
12.729134 -3.017098 4.692913,
12.822272 -3.017098 4.692913,
12.822272 -3.110236 4.702756,
12.729134 -3.110236 4.702756,
12.729134 -3.017098 4.702756,
12.822272 -3.017098 4.702756,
12.721035 -3.110236 4.692913,
12.627897 -3.110236 4.692913,
12.627897 -3.017098 4.692913,
12.721035 -3.017098 4.692913,
12.721035 -3.110236 4.702756,
12.627897 -3.110236 4.702756,
12.627897 -3.017098 4.702756,
12.721035 -3.017098 4.702756,
12.923510 -3.008999 4.692913,
12.830371 -3.008999 4.692913,
12.830371 -2.915861 4.692913,
12.923510 -2.915861 4.692913,
12.923510 -3.008999 4.702756,
12.830371 -3.008999 4.702756,
12.830371 -2.915861 4.702756,
12.923510 -2.915861 4.702756,
12.923510 -2.907762 4.692913,
12.830371 -2.907762 4.692913,
12.830371 -2.814623 4.692913,
12.923510 -2.814623 4.692913,
12.923510 -2.907762 4.702756,
12.830371 -2.907762 4.702756,
12.830371 -2.814623 4.702756,
12.923510 -2.814623 4.702756,
12.923510 -2.806524 4.692913,
12.830371 -2.806524 4.692913,
12.830371 -2.713386 4.692913,
12.923510 -2.713386 4.692913,
12.923510 -2.806524 4.702756,
12.830371 -2.806524 4.702756,
12.830371 -2.713386 4.702756,
12.923510 -2.713386 4.702756,
12.923510 -2.705287 4.692913,
12.830371 -2.705287 4.692913,
12.830371 -2.612148 4.692913,
12.923510 -2.612148 4.692913,
12.923510 -2.705287 4.702756,
12.830371 -2.705287 4.702756,
12.830371 -2.612148 4.702756,
12.923510 -2.612148 4.702756,
12.923510 -2.604049 4.692913,
12.830371 -2.604049 4.692913,
12.830371 -2.510911 4.692913,
12.923510 -2.510911 4.692913,
12.923510 -2.604049 4.702756,
12.830371 -2.604049 4.702756,
12.830371 -2.510911 4.702756,
12.923510 -2.510911 4.702756,
12.923510 -2.502812 4.692913,
12.830371 -2.502812 4.692913,
12.830371 -2.409674 4.692913,
12.923510 -2.409674 4.692913,
12.923510 -2.502812 4.702756,
12.830371 -2.502812 4.702756,
12.830371 -2.409674 4.702756,
12.923510 -2.409674 4.702756,
12.518560 -3.110236 4.692913,
12.425422 -3.110236 4.692913,
12.425422 -3.017098 4.692913,
12.518560 -3.017098 4.692913,
12.518560 -3.110236 4.702756,
12.425422 -3.110236 4.702756,
12.425422 -3.017098 4.702756,
12.518560 -3.017098 4.702756,
12.417323 -3.110236 4.692913,
12.324184 -3.110236 4.692913,
12.324184 -3.017098 4.692913,
12.417323 -3.017098 4.692913,
12.417323 -3.110236 4.702756,
12.324184 -3.110236 4.702756,
12.324184 -3.017098 4.702756,
12.417323 -3.017098 4.702756,
12.316085 -3.110236 4.692913,
12.222947 -3.110236 4.692913,
12.222947 -3.017098 4.692913,
12.316085 -3.017098 4.692913,
12.316085 -3.110236 4.702756,
12.222947 -3.110236 4.702756,
12.222947 -3.017098 4.702756,
12.316085 -3.017098 4.702756,
12.214848 -3.110236 4.692913,
12.121710 -3.110236 4.692913,
12.121710 -3.017098 4.692913,
12.214848 -3.017098 4.692913,
12.214848 -3.110236 4.702756,
12.121710 -3.110236 4.702756,
12.121710 -3.017098 4.702756,
12.214848 -3.017098 4.702756,
12.113611 -3.110236 4.692913,
12.020472 -3.110236 4.692913,
12.020472 -3.017098 4.692913,
12.113611 -3.017098 4.692913,
12.113611 -3.110236 4.702756,
12.020472 -3.110236 4.702756,
12.020472 -3.017098 4.702756,
12.113611 -3.017098 4.702756,
12.518560 -3.008999 4.692913,
12.425422 -3.008999 4.692913,
12.425422 -2.915861 4.692913,
12.518560 -2.915861 4.692913,
12.518560 -3.008999 4.702756,
12.425422 -3.008999 4.702756,
12.425422 -2.915861 4.702756,
12.518560 -2.915861 4.702756,
12.518560 -2.907762 4.692913,
12.425422 -2.907762 4.692913,
12.425422 -2.814623 4.692913,
12.518560 -2.814623 4.692913,
12.518560 -2.907762 4.702756,
12.425422 -2.907762 4.702756,
12.425422 -2.814623 4.702756,
12.518560 -2.814623 4.702756,
12.518560 -2.806524 4.692913,
12.425422 -2.806524 4.692913,
12.425422 -2.713386 4.692913,
12.518560 -2.713386 4.692913,
12.518560 -2.806524 4.702756,
12.425422 -2.806524 4.702756,
12.425422 -2.713386 4.702756,
12.518560 -2.713386 4.702756,
12.417323 -2.806524 4.692913,
12.324184 -2.806524 4.692913,
12.324184 -2.713386 4.692913,
12.417323 -2.713386 4.692913,
12.417323 -2.806524 4.702756,
12.324184 -2.806524 4.702756,
12.324184 -2.713386 4.702756,
12.417323 -2.713386 4.702756,
12.316085 -2.806524 4.692913,
12.222947 -2.806524 4.692913,
12.222947 -2.713386 4.692913,
12.316085 -2.713386 4.692913,
12.316085 -2.806524 4.702756,
12.222947 -2.806524 4.702756,
12.222947 -2.713386 4.702756,
12.316085 -2.713386 4.702756,
12.214848 -2.806524 4.692913,
12.121710 -2.806524 4.692913,
12.121710 -2.713386 4.692913,
12.214848 -2.713386 4.692913,
12.214848 -2.806524 4.702756,
12.121710 -2.806524 4.702756,
12.121710 -2.713386 4.702756,
12.214848 -2.713386 4.702756,
12.518560 -2.705287 4.692913,
12.425422 -2.705287 4.692913,
12.425422 -2.612148 4.692913,
12.518560 -2.612148 4.692913,
12.518560 -2.705287 4.702756,
12.425422 -2.705287 4.702756,
12.425422 -2.612148 4.702756,
12.518560 -2.612148 4.702756,
12.518560 -2.604049 4.692913,
12.425422 -2.604049 4.692913,
12.425422 -2.510911 4.692913,
12.518560 -2.510911 4.692913,
12.518560 -2.604049 4.702756,
12.425422 -2.604049 4.702756,
12.425422 -2.510911 4.702756,
12.518560 -2.510911 4.702756,
12.518560 -2.502812 4.692913,
12.425422 -2.502812 4.692913,
12.425422 -2.409674 4.692913,
12.518560 -2.409674 4.692913,
12.518560 -2.502812 4.702756,
12.425422 -2.502812 4.702756,
12.425422 -2.409674 4.702756,
12.518560 -2.409674 4.702756,
12.417323 -2.502812 4.692913,
12.324184 -2.502812 4.692913,
12.324184 -2.409674 4.692913,
12.417323 -2.409674 4.692913,
12.417323 -2.502812 4.702756,
12.324184 -2.502812 4.702756,
12.324184 -2.409674 4.702756,
12.417323 -2.409674 4.702756,
12.316085 -2.502812 4.692913,
12.222947 -2.502812 4.692913,
12.222947 -2.409674 4.692913,
12.316085 -2.409674 4.692913,
12.316085 -2.502812 4.702756,
12.222947 -2.502812 4.702756,
12.222947 -2.409674 4.702756,
12.316085 -2.409674 4.702756,
12.214848 -2.502812 4.692913,
12.121710 -2.502812 4.692913,
12.121710 -2.409674 4.692913,
12.214848 -2.409674 4.692913,
12.214848 -2.502812 4.702756,
12.121710 -2.502812 4.702756,
12.121710 -2.409674 4.702756,
12.214848 -2.409674 4.702756,
12.113611 -2.502812 4.692913,
12.020472 -2.502812 4.692913,
12.020472 -2.409674 4.692913,
12.113611 -2.409674 4.692913,
12.113611 -2.502812 4.702756,
12.020472 -2.502812 4.702756,
12.020472 -2.409674 4.702756,
12.113611 -2.409674 4.702756,
11.911136 -3.110236 4.692913,
11.817998 -3.110236 4.692913,
11.817998 -3.017098 4.692913,
11.911136 -3.017098 4.692913,
11.911136 -3.110236 4.702756,
11.817998 -3.110236 4.702756,
11.817998 -3.017098 4.702756,
11.911136 -3.017098 4.702756,
11.506187 -3.110236 4.692913,
11.413048 -3.110236 4.692913,
11.413048 -3.017098 4.692913,
11.506187 -3.017098 4.692913,
11.506187 -3.110236 4.702756,
11.413048 -3.110236 4.702756,
11.413048 -3.017098 4.702756,
11.506187 -3.017098 4.702756,
11.911136 -3.008999 4.692913,
11.817998 -3.008999 4.692913,
11.817998 -2.915861 4.692913,
11.911136 -2.915861 4.692913,
11.911136 -3.008999 4.702756,
11.817998 -3.008999 4.702756,
11.817998 -2.915861 4.702756,
11.911136 -2.915861 4.702756,
11.506187 -3.008999 4.692913,
11.413048 -3.008999 4.692913,
11.413048 -2.915861 4.692913,
11.506187 -2.915861 4.692913,
11.506187 -3.008999 4.702756,
11.413048 -3.008999 4.702756,
11.413048 -2.915861 4.702756,
11.506187 -2.915861 4.702756,
11.809899 -2.907762 4.692913,
11.716760 -2.907762 4.692913,
11.716760 -2.814623 4.692913,
11.809899 -2.814623 4.692913,
11.809899 -2.907762 4.702756,
11.716760 -2.907762 4.702756,
11.716760 -2.814623 4.702756,
11.809899 -2.814623 4.702756,
11.607424 -2.907762 4.692913,
11.514286 -2.907762 4.692913,
11.514286 -2.814623 4.692913,
11.607424 -2.814623 4.692913,
11.607424 -2.907762 4.702756,
11.514286 -2.907762 4.702756,
11.514286 -2.814623 4.702756,
11.607424 -2.814623 4.702756,
11.708661 -2.806524 4.692913,
11.615523 -2.806524 4.692913,
11.615523 -2.713386 4.692913,
11.708661 -2.713386 4.692913,
11.708661 -2.806524 4.702756,
11.615523 -2.806524 4.702756,
11.615523 -2.713386 4.702756,
11.708661 -2.713386 4.702756,
11.809899 -2.705287 4.692913,
11.716760 -2.705287 4.692913,
11.716760 -2.612148 4.692913,
11.809899 -2.612148 4.692913,
11.809899 -2.705287 4.702756,
11.716760 -2.705287 4.702756,
11.716760 -2.612148 4.702756,
11.809899 -2.612148 4.702756,
11.607424 -2.705287 4.692913,
11.514286 -2.705287 4.692913,
11.514286 -2.612148 4.692913,
11.607424 -2.612148 4.692913,
11.607424 -2.705287 4.702756,
11.514286 -2.705287 4.702756,
11.514286 -2.612148 4.702756,
11.607424 -2.612148 4.702756,
11.911136 -2.604049 4.692913,
11.817998 -2.604049 4.692913,
11.817998 -2.510911 4.692913,
11.911136 -2.510911 4.692913,
11.911136 -2.604049 4.702756,
11.817998 -2.604049 4.702756,
11.817998 -2.510911 4.702756,
11.911136 -2.510911 4.702756,
11.506187 -2.604049 4.692913,
11.413048 -2.604049 4.692913,
11.413048 -2.510911 4.692913,
11.506187 -2.510911 4.692913,
11.506187 -2.604049 4.702756,
11.413048 -2.604049 4.702756,
11.413048 -2.510911 4.702756,
11.506187 -2.510911 4.702756,
11.911136 -2.502812 4.692913,
11.817998 -2.502812 4.692913,
11.817998 -2.409674 4.692913,
11.911136 -2.409674 4.692913,
11.911136 -2.502812 4.702756,
11.817998 -2.502812 4.702756,
11.817998 -2.409674 4.702756,
11.911136 -2.409674 4.702756,
11.506187 -2.502812 4.692913,
11.413048 -2.502812 4.692913,
11.413048 -2.409674 4.692913,
11.506187 -2.409674 4.692913,
11.506187 -2.502812 4.702756,
11.413048 -2.502812 4.702756,
11.413048 -2.409674 4.702756,
11.506187 -2.409674 4.702756,
11.303712 -3.110236 4.692913,
11.210574 -3.110236 4.692913,
11.210574 -3.017098 4.692913,
11.303712 -3.017098 4.692913,
11.303712 -3.110236 4.702756,
11.210574 -3.110236 4.702756,
11.210574 -3.017098 4.702756,
11.303712 -3.017098 4.702756,
11.202475 -3.110236 4.692913,
11.109336 -3.110236 4.692913,
11.109336 -3.017098 4.692913,
11.202475 -3.017098 4.692913,
11.202475 -3.110236 4.702756,
11.109336 -3.110236 4.702756,
11.109336 -3.017098 4.702756,
11.202475 -3.017098 4.702756,
11.101237 -3.110236 4.692913,
11.008099 -3.110236 4.692913,
11.008099 -3.017098 4.692913,
11.101237 -3.017098 4.692913,
11.101237 -3.110236 4.702756,
11.008099 -3.110236 4.702756,
11.008099 -3.017098 4.702756,
11.101237 -3.017098 4.702756,
11.000000 -3.110236 4.692913,
10.906862 -3.110236 4.692913,
10.906862 -3.017098 4.692913,
11.000000 -3.017098 4.692913,
11.000000 -3.110236 4.702756,
10.906862 -3.110236 4.702756,
10.906862 -3.017098 4.702756,
11.000000 -3.017098 4.702756,
10.898763 -3.110236 4.692913,
10.805624 -3.110236 4.692913,
10.805624 -3.017098 4.692913,
10.898763 -3.017098 4.692913,
10.898763 -3.110236 4.702756,
10.805624 -3.110236 4.702756,
10.805624 -3.017098 4.702756,
10.898763 -3.017098 4.702756,
11.101237 -3.008999 4.692913,
11.008099 -3.008999 4.692913,
11.008099 -2.915861 4.692913,
11.101237 -2.915861 4.692913,
11.101237 -3.008999 4.702756,
11.008099 -3.008999 4.702756,
11.008099 -2.915861 4.702756,
11.101237 -2.915861 4.702756,
11.101237 -2.907762 4.692913,
11.008099 -2.907762 4.692913,
11.008099 -2.814623 4.692913,
11.101237 -2.814623 4.692913,
11.101237 -2.907762 4.702756,
11.008099 -2.907762 4.702756,
11.008099 -2.814623 4.702756,
11.101237 -2.814623 4.702756,
11.101237 -2.806524 4.692913,
11.008099 -2.806524 4.692913,
11.008099 -2.713386 4.692913,
11.101237 -2.713386 4.692913,
11.101237 -2.806524 4.702756,
11.008099 -2.806524 4.702756,
11.008099 -2.713386 4.702756,
11.101237 -2.713386 4.702756,
11.101237 -2.705287 4.692913,
11.008099 -2.705287 4.692913,
11.008099 -2.612148 4.692913,
11.101237 -2.612148 4.692913,
11.101237 -2.705287 4.702756,
11.008099 -2.705287 4.702756,
11.008099 -2.612148 4.702756,
11.101237 -2.612148 4.702756,
11.101237 -2.604049 4.692913,
11.008099 -2.604049 4.692913,
11.008099 -2.510911 4.692913,
11.101237 -2.510911 4.692913,
11.101237 -2.604049 4.702756,
11.008099 -2.604049 4.702756,
11.008099 -2.510911 4.702756,
11.101237 -2.510911 4.702756,
11.101237 -2.502812 4.692913,
11.008099 -2.502812 4.692913,
11.008099 -2.409674 4.692913,
11.101237 -2.409674 4.692913,
11.101237 -2.502812 4.702756,
11.008099 -2.502812 4.702756,
11.008099 -2.409674 4.702756,
11.101237 -2.409674 4.702756,
10.595051 -3.110236 4.692913,
10.501912 -3.110236 4.692913,
10.501912 -3.017098 4.692913,
10.595051 -3.017098 4.692913,
10.595051 -3.110236 4.702756,
10.501912 -3.110236 4.702756,
10.501912 -3.017098 4.702756,
10.595051 -3.017098 4.702756,
10.493813 -3.110236 4.692913,
10.400675 -3.110236 4.692913,
10.400675 -3.017098 4.692913,
10.493813 -3.017098 4.692913,
10.493813 -3.110236 4.702756,
10.400675 -3.110236 4.702756,
10.400675 -3.017098 4.702756,
10.493813 -3.017098 4.702756,
10.392576 -3.110236 4.692913,
10.299438 -3.110236 4.692913,
10.299438 -3.017098 4.692913,
10.392576 -3.017098 4.692913,
10.392576 -3.110236 4.702756,
10.299438 -3.110236 4.702756,
10.299438 -3.017098 4.702756,
10.392576 -3.017098 4.702756,
10.696288 -3.008999 4.692913,
10.603150 -3.008999 4.692913,
10.603150 -2.915861 4.692913,
10.696288 -2.915861 4.692913,
10.696288 -3.008999 4.702756,
10.603150 -3.008999 4.702756,
10.603150 -2.915861 4.702756,
10.696288 -2.915861 4.702756,
10.291339 -3.008999 4.692913,
10.198200 -3.008999 4.692913,
10.198200 -2.915861 4.692913,
10.291339 -2.915861 4.692913,
10.291339 -3.008999 4.702756,
10.198200 -3.008999 4.702756,
10.198200 -2.915861 4.702756,
10.291339 -2.915861 4.702756,
10.696288 -2.907762 4.692913,
10.603150 -2.907762 4.692913,
10.603150 -2.814623 4.692913,
10.696288 -2.814623 4.692913,
10.696288 -2.907762 4.702756,
10.603150 -2.907762 4.702756,
10.603150 -2.814623 4.702756,
10.696288 -2.814623 4.702756,
10.291339 -2.907762 4.692913,
10.198200 -2.907762 4.692913,
10.198200 -2.814623 4.692913,
10.291339 -2.814623 4.692913,
10.291339 -2.907762 4.702756,
10.198200 -2.907762 4.702756,
10.198200 -2.814623 4.702756,
10.291339 -2.814623 4.702756,
10.696288 -2.806524 4.692913,
10.603150 -2.806524 4.692913,
10.603150 -2.713386 4.692913,
10.696288 -2.713386 4.692913,
10.696288 -2.806524 4.702756,
10.603150 -2.806524 4.702756,
10.603150 -2.713386 4.702756,
10.696288 -2.713386 4.702756,
10.291339 -2.806524 4.692913,
10.198200 -2.806524 4.692913,
10.198200 -2.713386 4.692913,
10.291339 -2.713386 4.692913,
10.291339 -2.806524 4.702756,
10.198200 -2.806524 4.702756,
10.198200 -2.713386 4.702756,
10.291339 -2.713386 4.702756,
10.696288 -2.705287 4.692913,
10.603150 -2.705287 4.692913,
10.603150 -2.612148 4.692913,
10.696288 -2.612148 4.692913,
10.696288 -2.705287 4.702756,
10.603150 -2.705287 4.702756,
10.603150 -2.612148 4.702756,
10.696288 -2.612148 4.702756,
10.291339 -2.705287 4.692913,
10.198200 -2.705287 4.692913,
10.198200 -2.612148 4.692913,
10.291339 -2.612148 4.692913,
10.291339 -2.705287 4.702756,
10.198200 -2.705287 4.702756,
10.198200 -2.612148 4.702756,
10.291339 -2.612148 4.702756,
10.696288 -2.604049 4.692913,
10.603150 -2.604049 4.692913,
10.603150 -2.510911 4.692913,
10.696288 -2.510911 4.692913,
10.696288 -2.604049 4.702756,
10.603150 -2.604049 4.702756,
10.603150 -2.510911 4.702756,
10.696288 -2.510911 4.702756,
10.291339 -2.604049 4.692913,
10.198200 -2.604049 4.692913,
10.198200 -2.510911 4.692913,
10.291339 -2.510911 4.692913,
10.291339 -2.604049 4.702756,
10.198200 -2.604049 4.702756,
10.198200 -2.510911 4.702756,
10.291339 -2.510911 4.702756,
10.595051 -2.502812 4.692913,
10.501912 -2.502812 4.692913,
10.501912 -2.409674 4.692913,
10.595051 -2.409674 4.692913,
10.595051 -2.502812 4.702756,
10.501912 -2.502812 4.702756,
10.501912 -2.409674 4.702756,
10.595051 -2.409674 4.702756,
10.493813 -2.502812 4.692913,
10.400675 -2.502812 4.692913,
10.400675 -2.409674 4.692913,
10.493813 -2.409674 4.692913,
10.493813 -2.502812 4.702756,
10.400675 -2.502812 4.702756,
10.400675 -2.409674 4.702756,
10.493813 -2.409674 4.702756,
10.392576 -2.502812 4.692913,
10.299438 -2.502812 4.692913,
10.299438 -2.409674 4.692913,
10.392576 -2.409674 4.692913,
10.392576 -2.502812 4.702756,
10.299438 -2.502812 4.702756,
10.299438 -2.409674 4.702756,
10.392576 -2.409674 4.702756,
9.987627 -3.110236 4.692913,
9.894488 -3.110236 4.692913,
9.894488 -3.017098 4.692913,
9.987627 -3.017098 4.692913,
9.987627 -3.110236 4.702756,
9.894488 -3.110236 4.702756,
9.894488 -3.017098 4.702756,
9.987627 -3.017098 4.702756,
9.886389 -3.110236 4.692913,
9.793251 -3.110236 4.692913,
9.793251 -3.017098 4.692913,
9.886389 -3.017098 4.692913,
9.886389 -3.110236 4.702756,
9.793251 -3.110236 4.702756,
9.793251 -3.017098 4.702756,
9.886389 -3.017098 4.702756,
9.785152 -3.110236 4.692913,
9.692013 -3.110236 4.692913,
9.692013 -3.017098 4.692913,
9.785152 -3.017098 4.692913,
9.785152 -3.110236 4.702756,
9.692013 -3.110236 4.702756,
9.692013 -3.017098 4.702756,
9.785152 -3.017098 4.702756,
10.088864 -3.008999 4.692913,
9.995726 -3.008999 4.692913,
9.995726 -2.915861 4.692913,
10.088864 -2.915861 4.692913,
10.088864 -3.008999 4.702756,
9.995726 -3.008999 4.702756,
9.995726 -2.915861 4.702756,
10.088864 -2.915861 4.702756,
9.683915 -3.008999 4.692913,
9.590776 -3.008999 4.692913,
9.590776 -2.915861 4.692913,
9.683915 -2.915861 4.692913,
9.683915 -3.008999 4.702756,
9.590776 -3.008999 4.702756,
9.590776 -2.915861 4.702756,
9.683915 -2.915861 4.702756,
10.088864 -2.907762 4.692913,
9.995726 -2.907762 4.692913,
9.995726 -2.814623 4.692913,
10.088864 -2.814623 4.692913,
10.088864 -2.907762 4.702756,
9.995726 -2.907762 4.702756,
9.995726 -2.814623 4.702756,
10.088864 -2.814623 4.702756,
9.683915 -2.907762 4.692913,
9.590776 -2.907762 4.692913,
9.590776 -2.814623 4.692913,
9.683915 -2.814623 4.692913,
9.683915 -2.907762 4.702756,
9.590776 -2.907762 4.702756,
9.590776 -2.814623 4.702756,
9.683915 -2.814623 4.702756,
10.088864 -2.806524 4.692913,
9.995726 -2.806524 4.692913,
9.995726 -2.713386 4.692913,
10.088864 -2.713386 4.692913,
10.088864 -2.806524 4.702756,
9.995726 -2.806524 4.702756,
9.995726 -2.713386 4.702756,
10.088864 -2.713386 4.702756,
9.683915 -2.806524 4.692913,
9.590776 -2.806524 4.692913,
9.590776 -2.713386 4.692913,
9.683915 -2.713386 4.692913,
9.683915 -2.806524 4.702756,
9.590776 -2.806524 4.702756,
9.590776 -2.713386 4.702756,
9.683915 -2.713386 4.702756,
10.088864 -2.705287 4.692913,
9.995726 -2.705287 4.692913,
9.995726 -2.612148 4.692913,
10.088864 -2.612148 4.692913,
10.088864 -2.705287 4.702756,
9.995726 -2.705287 4.702756,
9.995726 -2.612148 4.702756,
10.088864 -2.612148 4.702756,
9.683915 -2.705287 4.692913,
9.590776 -2.705287 4.692913,
9.590776 -2.612148 4.692913,
9.683915 -2.612148 4.692913,
9.683915 -2.705287 4.702756,
9.590776 -2.705287 4.702756,
9.590776 -2.612148 4.702756,
9.683915 -2.612148 4.702756,
10.088864 -2.604049 4.692913,
9.995726 -2.604049 4.692913,
9.995726 -2.510911 4.692913,
10.088864 -2.510911 4.692913,
10.088864 -2.604049 4.702756,
9.995726 -2.604049 4.702756,
9.995726 -2.510911 4.702756,
10.088864 -2.510911 4.702756,
9.683915 -2.604049 4.692913,
9.590776 -2.604049 4.692913,
9.590776 -2.510911 4.692913,
9.683915 -2.510911 4.692913,
9.683915 -2.604049 4.702756,
9.590776 -2.604049 4.702756,
9.590776 -2.510911 4.702756,
9.683915 -2.510911 4.702756,
9.987627 -2.502812 4.692913,
9.894488 -2.502812 4.692913,
9.894488 -2.409674 4.692913,
9.987627 -2.409674 4.692913,
9.987627 -2.502812 4.702756,
9.894488 -2.502812 4.702756,
9.894488 -2.409674 4.702756,
9.987627 -2.409674 4.702756,
9.886389 -2.502812 4.692913,
9.793251 -2.502812 4.692913,
9.793251 -2.409674 4.692913,
9.886389 -2.409674 4.692913,
9.886389 -2.502812 4.702756,
9.793251 -2.502812 4.702756,
9.793251 -2.409674 4.702756,
9.886389 -2.409674 4.702756,
9.785152 -2.502812 4.692913,
9.692013 -2.502812 4.692913,
9.692013 -2.409674 4.692913,
9.785152 -2.409674 4.692913,
9.785152 -2.502812 4.702756,
9.692013 -2.502812 4.702756,
9.692013 -2.409674 4.702756,
9.785152 -2.409674 4.702756,
9.481440 -3.110236 4.692913,
9.388301 -3.110236 4.692913,
9.388301 -3.017098 4.692913,
9.481440 -3.017098 4.692913,
9.481440 -3.110236 4.702756,
9.388301 -3.110236 4.702756,
9.388301 -3.017098 4.702756,
9.481440 -3.017098 4.702756,
9.481440 -3.008999 4.692913,
9.388301 -3.008999 4.692913,
9.388301 -2.915861 4.692913,
9.481440 -2.915861 4.692913,
9.481440 -3.008999 4.702756,
9.388301 -3.008999 4.702756,
9.388301 -2.915861 4.702756,
9.481440 -2.915861 4.702756,
9.481440 -2.907762 4.692913,
9.388301 -2.907762 4.692913,
9.388301 -2.814623 4.692913,
9.481440 -2.814623 4.692913,
9.481440 -2.907762 4.702756,
9.388301 -2.907762 4.702756,
9.388301 -2.814623 4.702756,
9.481440 -2.814623 4.702756,
9.481440 -2.806524 4.692913,
9.388301 -2.806524 4.692913,
9.388301 -2.713386 4.692913,
9.481440 -2.713386 4.692913,
9.481440 -2.806524 4.702756,
9.388301 -2.806524 4.702756,
9.388301 -2.713386 4.702756,
9.481440 -2.713386 4.702756,
9.481440 -2.705287 4.692913,
9.388301 -2.705287 4.692913,
9.388301 -2.612148 4.692913,
9.481440 -2.612148 4.692913,
9.481440 -2.705287 4.702756,
9.388301 -2.705287 4.702756,
9.388301 -2.612148 4.702756,
9.481440 -2.612148 4.702756,
9.481440 -2.604049 4.692913,
9.388301 -2.604049 4.692913,
9.388301 -2.510911 4.692913,
9.481440 -2.510911 4.692913,
9.481440 -2.604049 4.702756,
9.388301 -2.604049 4.702756,
9.388301 -2.510911 4.702756,
9.481440 -2.510911 4.702756,
9.481440 -2.502812 4.692913,
9.388301 -2.502812 4.692913,
9.388301 -2.409674 4.692913,
9.481440 -2.409674 4.692913,
9.481440 -2.502812 4.702756,
9.388301 -2.502812 4.702756,
9.388301 -2.409674 4.702756,
9.481440 -2.409674 4.702756,
9.380202 -2.502812 4.692913,
9.287064 -2.502812 4.692913,
9.287064 -2.409674 4.692913,
9.380202 -2.409674 4.692913,
9.380202 -2.502812 4.702756,
9.287064 -2.502812 4.702756,
9.287064 -2.409674 4.702756,
9.380202 -2.409674 4.702756,
9.278965 -2.502812 4.692913,
9.185827 -2.502812 4.692913,
9.185827 -2.409674 4.692913,
9.278965 -2.409674 4.692913,
9.278965 -2.502812 4.702756,
9.185827 -2.502812 4.702756,
9.185827 -2.409674 4.702756,
9.278965 -2.409674 4.702756,
9.177728 -2.502812 4.692913,
9.084589 -2.502812 4.692913,
9.084589 -2.409674 4.692913,
9.177728 -2.409674 4.692913,
9.177728 -2.502812 4.702756,
9.084589 -2.502812 4.702756,
9.084589 -2.409674 4.702756,
9.177728 -2.409674 4.702756,
9.076490 -2.502812 4.692913,
8.983352 -2.502812 4.692913,
8.983352 -2.409674 4.692913,
9.076490 -2.409674 4.692913,
9.076490 -2.502812 4.702756,
8.983352 -2.502812 4.702756,
8.983352 -2.409674 4.702756,
9.076490 -2.409674 4.702756,
13.069741 2.440945 4.692913,
12.986952 2.440945 4.692913,
12.986952 2.523735 4.692913,
13.069741 2.523735 4.692913,
13.069741 2.440945 4.702756,
12.986952 2.440945 4.702756,
12.986952 2.523735 4.702756,
13.069741 2.523735 4.702756,
12.979753 2.440945 4.692913,
12.896963 2.440945 4.692913,
12.896963 2.523735 4.692913,
12.979753 2.523735 4.692913,
12.979753 2.440945 4.702756,
12.896963 2.440945 4.702756,
12.896963 2.523735 4.702756,
12.979753 2.523735 4.702756,
12.889764 2.440945 4.692913,
12.806974 2.440945 4.692913,
12.806974 2.523735 4.692913,
12.889764 2.523735 4.692913,
12.889764 2.440945 4.702756,
12.806974 2.440945 4.702756,
12.806974 2.523735 4.702756,
12.889764 2.523735 4.702756,
13.159730 2.530934 4.692913,
13.076940 2.530934 4.692913,
13.076940 2.613723 4.692913,
13.159730 2.613723 4.692913,
13.159730 2.530934 4.702756,
13.076940 2.530934 4.702756,
13.076940 2.613723 4.702756,
13.159730 2.613723 4.702756,
12.799775 2.530934 4.692913,
12.716985 2.530934 4.692913,
12.716985 2.613723 4.692913,
12.799775 2.613723 4.692913,
12.799775 2.530934 4.702756,
12.716985 2.530934 4.702756,
12.716985 2.613723 4.702756,
12.799775 2.613723 4.702756,
12.799775 2.620922 4.692913,
12.716985 2.620922 4.692913,
12.716985 2.703712 4.692913,
12.799775 2.703712 4.692913,
12.799775 2.620922 4.702756,
12.716985 2.620922 4.702756,
12.716985 2.703712 4.702756,
12.799775 2.703712 4.702756,
12.889764 2.710911 4.692913,
12.806974 2.710911 4.692913,
12.806974 2.793701 4.692913,
12.889764 2.793701 4.692913,
12.889764 2.710911 4.702756,
12.806974 2.710911 4.702756,
12.806974 2.793701 4.702756,
12.889764 2.793701 4.702756,
12.979753 2.800900 4.692913,
12.896963 2.800900 4.692913,
12.896963 2.883690 4.692913,
12.979753 2.883690 4.692913,
12.979753 2.800900 4.702756,
12.896963 2.800900 4.702756,
12.896963 2.883690 4.702756,
12.979753 2.883690 4.702756,
13.069741 2.890889 4.692913,
12.986952 2.890889 4.692913,
12.986952 2.973678 4.692913,
13.069741 2.973678 4.692913,
13.069741 2.890889 4.702756,
12.986952 2.890889 4.702756,
12.986952 2.973678 4.702756,
13.069741 2.973678 4.702756,
13.159730 2.980877 4.692913,
13.076940 2.980877 4.692913,
13.076940 3.063667 4.692913,
13.159730 3.063667 4.692913,
13.159730 2.980877 4.702756,
13.076940 2.980877 4.702756,
13.076940 3.063667 4.702756,
13.159730 3.063667 4.702756,
13.069741 2.980877 4.692913,
12.986952 2.980877 4.692913,
12.986952 3.063667 4.692913,
13.069741 3.063667 4.692913,
13.069741 2.980877 4.702756,
12.986952 2.980877 4.702756,
12.986952 3.063667 4.702756,
13.069741 3.063667 4.702756,
12.979753 2.980877 4.692913,
12.896963 2.980877 4.692913,
12.896963 3.063667 4.692913,
12.979753 3.063667 4.692913,
12.979753 2.980877 4.702756,
12.896963 2.980877 4.702756,
12.896963 3.063667 4.702756,
12.979753 3.063667 4.702756,
12.889764 2.980877 4.692913,
12.806974 2.980877 4.692913,
12.806974 3.063667 4.692913,
12.889764 3.063667 4.692913,
12.889764 2.980877 4.702756,
12.806974 2.980877 4.702756,
12.806974 3.063667 4.702756,
12.889764 3.063667 4.702756,
12.799775 2.980877 4.692913,
12.716985 2.980877 4.692913,
12.716985 3.063667 4.692913,
12.799775 3.063667 4.692913,
12.799775 2.980877 4.702756,
12.716985 2.980877 4.702756,
12.716985 3.063667 4.702756,
12.799775 3.063667 4.702756,
12.529809 2.440945 4.692913,
12.447019 2.440945 4.692913,
12.447019 2.523735 4.692913,
12.529809 2.523735 4.692913,
12.529809 2.440945 4.702756,
12.447019 2.440945 4.702756,
12.447019 2.523735 4.702756,
12.529809 2.523735 4.702756,
12.439820 2.440945 4.692913,
12.357030 2.440945 4.692913,
12.357030 2.523735 4.692913,
12.439820 2.523735 4.692913,
12.439820 2.440945 4.702756,
12.357030 2.440945 4.702756,
12.357030 2.523735 4.702756,
12.439820 2.523735 4.702756,
12.349831 2.440945 4.692913,
12.267042 2.440945 4.692913,
12.267042 2.523735 4.692913,
12.349831 2.523735 4.692913,
12.349831 2.440945 4.702756,
12.267042 2.440945 4.702756,
12.267042 2.523735 4.702756,
12.349831 2.523735 4.702756,
12.619798 2.530934 4.692913,
12.537008 2.530934 4.692913,
12.537008 2.613723 4.692913,
12.619798 2.613723 4.692913,
12.619798 2.530934 4.702756,
12.537008 2.530934 4.702756,
12.537008 2.613723 4.702756,
12.619798 2.613723 4.702756,
12.619798 2.620922 4.692913,
12.537008 2.620922 4.692913,
12.537008 2.703712 4.692913,
12.619798 2.703712 4.692913,
12.619798 2.620922 4.702756,
12.537008 2.620922 4.702756,
12.537008 2.703712 4.702756,
12.619798 2.703712 4.702756,
12.619798 2.710911 4.692913,
12.537008 2.710911 4.692913,
12.537008 2.793701 4.692913,
12.619798 2.793701 4.692913,
12.619798 2.710911 4.702756,
12.537008 2.710911 4.702756,
12.537008 2.793701 4.702756,
12.619798 2.793701 4.702756,
12.529809 2.710911 4.692913,
12.447019 2.710911 4.692913,
12.447019 2.793701 4.692913,
12.529809 2.793701 4.692913,
12.529809 2.710911 4.702756,
12.447019 2.710911 4.702756,
12.447019 2.793701 4.702756,
12.529809 2.793701 4.702756,
12.439820 2.710911 4.692913,
12.357030 2.710911 4.692913,
12.357030 2.793701 4.692913,
12.439820 2.793701 4.692913,
12.439820 2.710911 4.702756,
12.357030 2.710911 4.702756,
12.357030 2.793701 4.702756,
12.439820 2.793701 4.702756,
12.349831 2.710911 4.692913,
12.267042 2.710911 4.692913,
12.267042 2.793701 4.692913,
12.349831 2.793701 4.692913,
12.349831 2.710911 4.702756,
12.267042 2.710911 4.702756,
12.267042 2.793701 4.702756,
12.349831 2.793701 4.702756,
12.619798 2.800900 4.692913,
12.537008 2.800900 4.692913,
12.537008 2.883690 4.692913,
12.619798 2.883690 4.692913,
12.619798 2.800900 4.702756,
12.537008 2.800900 4.702756,
12.537008 2.883690 4.702756,
12.619798 2.883690 4.702756,
12.259843 2.800900 4.692913,
12.177053 2.800900 4.692913,
12.177053 2.883690 4.692913,
12.259843 2.883690 4.692913,
12.259843 2.800900 4.702756,
12.177053 2.800900 4.702756,
12.177053 2.883690 4.702756,
12.259843 2.883690 4.702756,
12.619798 2.890889 4.692913,
12.537008 2.890889 4.692913,
12.537008 2.973678 4.692913,
12.619798 2.973678 4.692913,
12.619798 2.890889 4.702756,
12.537008 2.890889 4.702756,
12.537008 2.973678 4.702756,
12.619798 2.973678 4.702756,
12.259843 2.890889 4.692913,
12.177053 2.890889 4.692913,
12.177053 2.973678 4.692913,
12.259843 2.973678 4.692913,
12.259843 2.890889 4.702756,
12.177053 2.890889 4.702756,
12.177053 2.973678 4.702756,
12.259843 2.973678 4.702756,
12.529809 2.980877 4.692913,
12.447019 2.980877 4.692913,
12.447019 3.063667 4.692913,
12.529809 3.063667 4.692913,
12.529809 2.980877 4.702756,
12.447019 2.980877 4.702756,
12.447019 3.063667 4.702756,
12.529809 3.063667 4.702756,
12.439820 2.980877 4.692913,
12.357030 2.980877 4.692913,
12.357030 3.063667 4.692913,
12.439820 3.063667 4.692913,
12.439820 2.980877 4.702756,
12.357030 2.980877 4.702756,
12.357030 3.063667 4.702756,
12.439820 3.063667 4.702756,
12.349831 2.980877 4.692913,
12.267042 2.980877 4.692913,
12.267042 3.063667 4.692913,
12.349831 3.063667 4.692913,
12.349831 2.980877 4.702756,
12.267042 2.980877 4.702756,
12.267042 3.063667 4.702756,
12.349831 3.063667 4.702756,
11.809899 2.440945 4.692913,
11.727109 2.440945 4.692913,
11.727109 2.523735 4.692913,
11.809899 2.523735 4.692913,
11.809899 2.440945 4.702756,
11.727109 2.440945 4.702756,
11.727109 2.523735 4.702756,
11.809899 2.523735 4.702756,
11.899888 2.530934 4.692913,
11.817098 2.530934 4.692913,
11.817098 2.613723 4.692913,
11.899888 2.613723 4.692913,
11.899888 2.530934 4.702756,
11.817098 2.530934 4.702756,
11.817098 2.613723 4.702756,
11.899888 2.613723 4.702756,
11.809899 2.530934 4.692913,
11.727109 2.530934 4.692913,
11.727109 2.613723 4.692913,
11.809899 2.613723 4.692913,
11.809899 2.530934 4.702756,
11.727109 2.530934 4.702756,
11.727109 2.613723 4.702756,
11.809899 2.613723 4.702756,
11.989876 2.620922 4.692913,
11.907087 2.620922 4.692913,
11.907087 2.703712 4.692913,
11.989876 2.703712 4.692913,
11.989876 2.620922 4.702756,
11.907087 2.620922 4.702756,
11.907087 2.703712 4.702756,
11.989876 2.703712 4.702756,
11.809899 2.620922 4.692913,
11.727109 2.620922 4.692913,
11.727109 2.703712 4.692913,
11.809899 2.703712 4.692913,
11.809899 2.620922 4.702756,
11.727109 2.620922 4.702756,
11.727109 2.703712 4.702756,
11.809899 2.703712 4.702756,
12.079865 2.710911 4.692913,
11.997075 2.710911 4.692913,
11.997075 2.793701 4.692913,
12.079865 2.793701 4.692913,
12.079865 2.710911 4.702756,
11.997075 2.710911 4.702756,
11.997075 2.793701 4.702756,
12.079865 2.793701 4.702756,
11.809899 2.710911 4.692913,
11.727109 2.710911 4.692913,
11.727109 2.793701 4.692913,
11.809899 2.793701 4.692913,
11.809899 2.710911 4.702756,
11.727109 2.710911 4.702756,
11.727109 2.793701 4.702756,
11.809899 2.793701 4.702756,
12.079865 2.800900 4.692913,
11.997075 2.800900 4.692913,
11.997075 2.883690 4.692913,
12.079865 2.883690 4.692913,
12.079865 2.800900 4.702756,
11.997075 2.800900 4.702756,
11.997075 2.883690 4.702756,
12.079865 2.883690 4.702756,
11.989876 2.800900 4.692913,
11.907087 2.800900 4.692913,
11.907087 2.883690 4.692913,
11.989876 2.883690 4.692913,
11.989876 2.800900 4.702756,
11.907087 2.800900 4.702756,
11.907087 2.883690 4.702756,
11.989876 2.883690 4.702756,
11.899888 2.800900 4.692913,
11.817098 2.800900 4.692913,
11.817098 2.883690 4.692913,
11.899888 2.883690 4.692913,
11.899888 2.800900 4.702756,
11.817098 2.800900 4.702756,
11.817098 2.883690 4.702756,
11.899888 2.883690 4.702756,
11.809899 2.800900 4.692913,
11.727109 2.800900 4.692913,
11.727109 2.883690 4.692913,
11.809899 2.883690 4.692913,
11.809899 2.800900 4.702756,
11.727109 2.800900 4.702756,
11.727109 2.883690 4.702756,
11.809899 2.883690 4.702756,
11.719910 2.800900 4.692913,
11.637120 2.800900 4.692913,
11.637120 2.883690 4.692913,
11.719910 2.883690 4.692913,
11.719910 2.800900 4.702756,
11.637120 2.800900 4.702756,
11.637120 2.883690 4.702756,
11.719910 2.883690 4.702756,
11.809899 2.890889 4.692913,
11.727109 2.890889 4.692913,
11.727109 2.973678 4.692913,
11.809899 2.973678 4.692913,
11.809899 2.890889 4.702756,
11.727109 2.890889 4.702756,
11.727109 2.973678 4.702756,
11.809899 2.973678 4.702756,
11.809899 2.980877 4.692913,
11.727109 2.980877 4.692913,
11.727109 3.063667 4.692913,
11.809899 3.063667 4.692913,
11.809899 2.980877 4.702756,
11.727109 2.980877 4.702756,
11.727109 3.063667 4.702756,
11.809899 3.063667 4.702756,
11.539933 2.710911 4.692913,
11.457143 2.710911 4.692913,
11.457143 2.793701 4.692913,
11.539933 2.793701 4.692913,
11.539933 2.710911 4.702756,
11.457143 2.710911 4.702756,
11.457143 2.793701 4.702756,
11.539933 2.793701 4.702756,
11.449944 2.710911 4.692913,
11.367154 2.710911 4.692913,
11.367154 2.793701 4.692913,
11.449944 2.793701 4.692913,
11.449944 2.710911 4.702756,
11.367154 2.710911 4.702756,
11.367154 2.793701 4.702756,
11.449944 2.793701 4.702756,
11.359955 2.710911 4.692913,
11.277165 2.710911 4.692913,
11.277165 2.793701 4.692913,
11.359955 2.793701 4.692913,
11.359955 2.710911 4.702756,
11.277165 2.710911 4.702756,
11.277165 2.793701 4.702756,
11.359955 2.793701 4.702756,
11.269966 2.710911 4.692913,
11.187177 2.710911 4.692913,
11.187177 2.793701 4.692913,
11.269966 2.793701 4.692913,
11.269966 2.710911 4.702756,
11.187177 2.710911 4.702756,
11.187177 2.793701 4.702756,
11.269966 2.793701 4.702756,
11.179978 2.710911 4.692913,
11.097188 2.710911 4.692913,
11.097188 2.793701 4.692913,
11.179978 2.793701 4.692913,
11.179978 2.710911 4.702756,
11.097188 2.710911 4.702756,
11.097188 2.793701 4.702756,
11.179978 2.793701 4.702756,
10.730034 2.440945 4.692913,
10.647244 2.440945 4.692913,
10.647244 2.523735 4.692913,
10.730034 2.523735 4.692913,
10.730034 2.440945 4.702756,
10.647244 2.440945 4.702756,
10.647244 2.523735 4.702756,
10.730034 2.523735 4.702756,
10.820022 2.530934 4.692913,
10.737233 2.530934 4.692913,
10.737233 2.613723 4.692913,
10.820022 2.613723 4.692913,
10.820022 2.530934 4.702756,
10.737233 2.530934 4.702756,
10.737233 2.613723 4.702756,
10.820022 2.613723 4.702756,
10.730034 2.530934 4.692913,
10.647244 2.530934 4.692913,
10.647244 2.613723 4.692913,
10.730034 2.613723 4.692913,
10.730034 2.530934 4.702756,
10.647244 2.530934 4.702756,
10.647244 2.613723 4.702756,
10.730034 2.613723 4.702756,
10.910011 2.620922 4.692913,
10.827222 2.620922 4.692913,
10.827222 2.703712 4.692913,
10.910011 2.703712 4.692913,
10.910011 2.620922 4.702756,
10.827222 2.620922 4.702756,
10.827222 2.703712 4.702756,
10.910011 2.703712 4.702756,
10.730034 2.620922 4.692913,
10.647244 2.620922 4.692913,
10.647244 2.703712 4.692913,
10.730034 2.703712 4.692913,
10.730034 2.620922 4.702756,
10.647244 2.620922 4.702756,
10.647244 2.703712 4.702756,
10.730034 2.703712 4.702756,
11.000000 2.710911 4.692913,
10.917210 2.710911 4.692913,
10.917210 2.793701 4.692913,
11.000000 2.793701 4.692913,
11.000000 2.710911 4.702756,
10.917210 2.710911 4.702756,
10.917210 2.793701 4.702756,
11.000000 2.793701 4.702756,
10.730034 2.710911 4.692913,
10.647244 2.710911 4.692913,
10.647244 2.793701 4.692913,
10.730034 2.793701 4.692913,
10.730034 2.710911 4.702756,
10.647244 2.710911 4.702756,
10.647244 2.793701 4.702756,
10.730034 2.793701 4.702756,
11.000000 2.800900 4.692913,
10.917210 2.800900 4.692913,
10.917210 2.883690 4.692913,
11.000000 2.883690 4.692913,
11.000000 2.800900 4.702756,
10.917210 2.800900 4.702756,
10.917210 2.883690 4.702756,
11.000000 2.883690 4.702756,
10.910011 2.800900 4.692913,
10.827222 2.800900 4.692913,
10.827222 2.883690 4.692913,
10.910011 2.883690 4.692913,
10.910011 2.800900 4.702756,
10.827222 2.800900 4.702756,
10.827222 2.883690 4.702756,
10.910011 2.883690 4.702756,
10.820022 2.800900 4.692913,
10.737233 2.800900 4.692913,
10.737233 2.883690 4.692913,
10.820022 2.883690 4.692913,
10.820022 2.800900 4.702756,
10.737233 2.800900 4.702756,
10.737233 2.883690 4.702756,
10.820022 2.883690 4.702756,
10.730034 2.800900 4.692913,
10.647244 2.800900 4.692913,
10.647244 2.883690 4.692913,
10.730034 2.883690 4.692913,
10.730034 2.800900 4.702756,
10.647244 2.800900 4.702756,
10.647244 2.883690 4.702756,
10.730034 2.883690 4.702756,
10.640045 2.800900 4.692913,
10.557255 2.800900 4.692913,
10.557255 2.883690 4.692913,
10.640045 2.883690 4.692913,
10.640045 2.800900 4.702756,
10.557255 2.800900 4.702756,
10.557255 2.883690 4.702756,
10.640045 2.883690 4.702756,
10.730034 2.890889 4.692913,
10.647244 2.890889 4.692913,
10.647244 2.973678 4.692913,
10.730034 2.973678 4.692913,
10.730034 2.890889 4.702756,
10.647244 2.890889 4.702756,
10.647244 2.973678 4.702756,
10.730034 2.973678 4.702756,
10.730034 2.980877 4.692913,
10.647244 2.980877 4.692913,
10.647244 3.063667 4.692913,
10.730034 3.063667 4.692913,
10.730034 2.980877 4.702756,
10.647244 2.980877 4.702756,
10.647244 3.063667 4.702756,
10.730034 3.063667 4.702756,
10.190101 2.440945 4.692913,
10.107312 2.440945 4.692913,
10.107312 2.523735 4.692913,
10.190101 2.523735 4.692913,
10.190101 2.440945 4.702756,
10.107312 2.440945 4.702756,
10.107312 2.523735 4.702756,
10.190101 2.523735 4.702756,
10.280090 2.530934 4.692913,
10.197300 2.530934 4.692913,
10.197300 2.613723 4.692913,
10.280090 2.613723 4.692913,
10.280090 2.530934 4.702756,
10.197300 2.530934 4.702756,
10.197300 2.613723 4.702756,
10.280090 2.613723 4.702756,
10.190101 2.530934 4.692913,
10.107312 2.530934 4.692913,
10.107312 2.613723 4.692913,
10.190101 2.613723 4.692913,
10.190101 2.530934 4.702756,
10.107312 2.530934 4.702756,
10.107312 2.613723 4.702756,
10.190101 2.613723 4.702756,
10.370079 2.620922 4.692913,
10.287289 2.620922 4.692913,
10.287289 2.703712 4.692913,
10.370079 2.703712 4.692913,
10.370079 2.620922 4.702756,
10.287289 2.620922 4.702756,
10.287289 2.703712 4.702756,
10.370079 2.703712 4.702756,
10.190101 2.620922 4.692913,
10.107312 2.620922 4.692913,
10.107312 2.703712 4.692913,
10.190101 2.703712 4.692913,
10.190101 2.620922 4.702756,
10.107312 2.620922 4.702756,
10.107312 2.703712 4.702756,
10.190101 2.703712 4.702756,
10.460067 2.710911 4.692913,
10.377278 2.710911 4.692913,
10.377278 2.793701 4.692913,
10.460067 2.793701 4.692913,
10.460067 2.710911 4.702756,
10.377278 2.710911 4.702756,
10.377278 2.793701 4.702756,
10.460067 2.793701 4.702756,
10.190101 2.710911 4.692913,
10.107312 2.710911 4.692913,
10.107312 2.793701 4.692913,
10.190101 2.793701 4.692913,
10.190101 2.710911 4.702756,
10.107312 2.710911 4.702756,
10.107312 2.793701 4.702756,
10.190101 2.793701 4.702756,
10.460067 2.800900 4.692913,
10.377278 2.800900 4.692913,
10.377278 2.883690 4.692913,
10.460067 2.883690 4.692913,
10.460067 2.800900 4.702756,
10.377278 2.800900 4.702756,
10.377278 2.883690 4.702756,
10.460067 2.883690 4.702756,
10.370079 2.800900 4.692913,
10.287289 2.800900 4.692913,
10.287289 2.883690 4.692913,
10.370079 2.883690 4.692913,
10.370079 2.800900 4.702756,
10.287289 2.800900 4.702756,
10.287289 2.883690 4.702756,
10.370079 2.883690 4.702756,
10.280090 2.800900 4.692913,
10.197300 2.800900 4.692913,
10.197300 2.883690 4.692913,
10.280090 2.883690 4.692913,
10.280090 2.800900 4.702756,
10.197300 2.800900 4.702756,
10.197300 2.883690 4.702756,
10.280090 2.883690 4.702756,
10.190101 2.800900 4.692913,
10.107312 2.800900 4.692913,
10.107312 2.883690 4.692913,
10.190101 2.883690 4.692913,
10.190101 2.800900 4.702756,
10.107312 2.800900 4.702756,
10.107312 2.883690 4.702756,
10.190101 2.883690 4.702756,
10.100112 2.800900 4.692913,
10.017323 2.800900 4.692913,
10.017323 2.883690 4.692913,
10.100112 2.883690 4.692913,
10.100112 2.800900 4.702756,
10.017323 2.800900 4.702756,
10.017323 2.883690 4.702756,
10.100112 2.883690 4.702756,
10.190101 2.890889 4.692913,
10.107312 2.890889 4.692913,
10.107312 2.973678 4.692913,
10.190101 2.973678 4.692913,
10.190101 2.890889 4.702756,
10.107312 2.890889 4.702756,
10.107312 2.973678 4.702756,
10.190101 2.973678 4.702756,
10.190101 2.980877 4.692913,
10.107312 2.980877 4.692913,
10.107312 3.063667 4.692913,
10.190101 3.063667 4.692913,
10.190101 2.980877 4.702756,
10.107312 2.980877 4.702756,
10.107312 3.063667 4.702756,
10.190101 3.063667 4.702756,
9.830146 2.440945 4.692913,
9.747357 2.440945 4.692913,
9.747357 2.523735 4.692913,
9.830146 2.523735 4.692913,
9.830146 2.440945 4.702756,
9.747357 2.440945 4.702756,
9.747357 2.523735 4.702756,
9.830146 2.523735 4.702756,
9.740157 2.440945 4.692913,
9.657368 2.440945 4.692913,
9.657368 2.523735 4.692913,
9.740157 2.523735 4.692913,
9.740157 2.440945 4.702756,
9.657368 2.440945 4.702756,
9.657368 2.523735 4.702756,
9.740157 2.523735 4.702756,
9.650169 2.440945 4.692913,
9.567379 2.440945 4.692913,
9.567379 2.523735 4.692913,
9.650169 2.523735 4.692913,
9.650169 2.440945 4.702756,
9.567379 2.440945 4.702756,
9.567379 2.523735 4.702756,
9.650169 2.523735 4.702756,
9.920135 2.530934 4.692913,
9.837345 2.530934 4.692913,
9.837345 2.613723 4.692913,
9.920135 2.613723 4.692913,
9.920135 2.530934 4.702756,
9.837345 2.530934 4.702756,
9.837345 2.613723 4.702756,
9.920135 2.613723 4.702756,
9.560180 2.530934 4.692913,
9.477390 2.530934 4.692913,
9.477390 2.613723 4.692913,
9.560180 2.613723 4.692913,
9.560180 2.530934 4.702756,
9.477390 2.530934 4.702756,
9.477390 2.613723 4.702756,
9.560180 2.613723 4.702756,
9.920135 2.620922 4.692913,
9.837345 2.620922 4.692913,
9.837345 2.703712 4.692913,
9.920135 2.703712 4.692913,
9.920135 2.620922 4.702756,
9.837345 2.620922 4.702756,
9.837345 2.703712 4.702756,
9.920135 2.703712 4.702756,
9.560180 2.620922 4.692913,
9.477390 2.620922 4.692913,
9.477390 2.703712 4.692913,
9.560180 2.703712 4.692913,
9.560180 2.620922 4.702756,
9.477390 2.620922 4.702756,
9.477390 2.703712 4.702756,
9.560180 2.703712 4.702756,
9.830146 2.710911 4.692913,
9.747357 2.710911 4.692913,
9.747357 2.793701 4.692913,
9.830146 2.793701 4.692913,
9.830146 2.710911 4.702756,
9.747357 2.710911 4.702756,
9.747357 2.793701 4.702756,
9.830146 2.793701 4.702756,
9.740157 2.710911 4.692913,
9.657368 2.710911 4.692913,
9.657368 2.793701 4.692913,
9.740157 2.793701 4.692913,
9.740157 2.710911 4.702756,
9.657368 2.710911 4.702756,
9.657368 2.793701 4.702756,
9.740157 2.793701 4.702756,
9.650169 2.710911 4.692913,
9.567379 2.710911 4.692913,
9.567379 2.793701 4.692913,
9.650169 2.793701 4.692913,
9.650169 2.710911 4.702756,
9.567379 2.710911 4.702756,
9.567379 2.793701 4.702756,
9.650169 2.793701 4.702756,
9.560180 2.710911 4.692913,
9.477390 2.710911 4.692913,
9.477390 2.793701 4.692913,
9.560180 2.793701 4.692913,
9.560180 2.710911 4.702756,
9.477390 2.710911 4.702756,
9.477390 2.793701 4.702756,
9.560180 2.793701 4.702756,
9.560180 2.800900 4.692913,
9.477390 2.800900 4.692913,
9.477390 2.883690 4.692913,
9.560180 2.883690 4.692913,
9.560180 2.800900 4.702756,
9.477390 2.800900 4.702756,
9.477390 2.883690 4.702756,
9.560180 2.883690 4.702756,
9.560180 2.890889 4.692913,
9.477390 2.890889 4.692913,
9.477390 2.973678 4.692913,
9.560180 2.973678 4.692913,
9.560180 2.890889 4.702756,
9.477390 2.890889 4.702756,
9.477390 2.973678 4.702756,
9.560180 2.973678 4.702756,
9.830146 2.980877 4.692913,
9.747357 2.980877 4.692913,
9.747357 3.063667 4.692913,
9.830146 3.063667 4.692913,
9.830146 2.980877 4.702756,
9.747357 2.980877 4.702756,
9.747357 3.063667 4.702756,
9.830146 3.063667 4.702756,
9.740157 2.980877 4.692913,
9.657368 2.980877 4.692913,
9.657368 3.063667 4.692913,
9.740157 3.063667 4.692913,
9.740157 2.980877 4.702756,
9.657368 2.980877 4.702756,
9.657368 3.063667 4.702756,
9.740157 3.063667 4.702756,
9.650169 2.980877 4.692913,
9.567379 2.980877 4.692913,
9.567379 3.063667 4.692913,
9.650169 3.063667 4.692913,
9.650169 2.980877 4.702756,
9.567379 2.980877 4.702756,
9.567379 3.063667 4.702756,
9.650169 3.063667 4.702756,
9.380202 2.440945 4.692913,
9.297413 2.440945 4.692913,
9.297413 2.523735 4.692913,
9.380202 2.523735 4.692913,
9.380202 2.440945 4.702756,
9.297413 2.440945 4.702756,
9.297413 2.523735 4.702756,
9.380202 2.523735 4.702756,
9.290214 2.440945 4.692913,
9.207424 2.440945 4.692913,
9.207424 2.523735 4.692913,
9.290214 2.523735 4.692913,
9.290214 2.440945 4.702756,
9.207424 2.440945 4.702756,
9.207424 2.523735 4.702756,
9.290214 2.523735 4.702756,
9.200225 2.440945 4.692913,
9.117435 2.440945 4.692913,
9.117435 2.523735 4.692913,
9.200225 2.523735 4.692913,
9.200225 2.440945 4.702756,
9.117435 2.440945 4.702756,
9.117435 2.523735 4.702756,
9.200225 2.523735 4.702756,
9.110236 2.440945 4.692913,
9.027447 2.440945 4.692913,
9.027447 2.523735 4.692913,
9.110236 2.523735 4.692913,
9.110236 2.440945 4.702756,
9.027447 2.440945 4.702756,
9.027447 2.523735 4.702756,
9.110236 2.523735 4.702756,
9.020247 2.530934 4.692913,
8.937458 2.530934 4.692913,
8.937458 2.613723 4.692913,
9.020247 2.613723 4.692913,
9.020247 2.530934 4.702756,
8.937458 2.530934 4.702756,
8.937458 2.613723 4.702756,
9.020247 2.613723 4.702756,
9.020247 2.620922 4.692913,
8.937458 2.620922 4.692913,
8.937458 2.703712 4.692913,
9.020247 2.703712 4.692913,
9.020247 2.620922 4.702756,
8.937458 2.620922 4.702756,
8.937458 2.703712 4.702756,
9.020247 2.703712 4.702756,
9.290214 2.710911 4.692913,
9.207424 2.710911 4.692913,
9.207424 2.793701 4.692913,
9.290214 2.793701 4.692913,
9.290214 2.710911 4.702756,
9.207424 2.710911 4.702756,
9.207424 2.793701 4.702756,
9.290214 2.793701 4.702756,
9.200225 2.710911 4.692913,
9.117435 2.710911 4.692913,
9.117435 2.793701 4.692913,
9.200225 2.793701 4.692913,
9.200225 2.710911 4.702756,
9.117435 2.710911 4.702756,
9.117435 2.793701 4.702756,
9.200225 2.793701 4.702756,
9.110236 2.710911 4.692913,
9.027447 2.710911 4.692913,
9.027447 2.793701 4.692913,
9.110236 2.793701 4.692913,
9.110236 2.710911 4.702756,
9.027447 2.710911 4.702756,
9.027447 2.793701 4.702756,
9.110236 2.793701 4.702756,
9.020247 2.800900 4.692913,
8.937458 2.800900 4.692913,
8.937458 2.883690 4.692913,
9.020247 2.883690 4.692913,
9.020247 2.800900 4.702756,
8.937458 2.800900 4.702756,
8.937458 2.883690 4.702756,
9.020247 2.883690 4.702756,
9.020247 2.890889 4.692913,
8.937458 2.890889 4.692913,
8.937458 2.973678 4.692913,
9.020247 2.973678 4.692913,
9.020247 2.890889 4.702756,
8.937458 2.890889 4.702756,
8.937458 2.973678 4.702756,
9.020247 2.973678 4.702756,
9.380202 2.980877 4.692913,
9.297413 2.980877 4.692913,
9.297413 3.063667 4.692913,
9.380202 3.063667 4.692913,
9.380202 2.980877 4.702756,
9.297413 2.980877 4.702756,
9.297413 3.063667 4.702756,
9.380202 3.063667 4.702756,
9.290214 2.980877 4.692913,
9.207424 2.980877 4.692913,
9.207424 3.063667 4.692913,
9.290214 3.063667 4.692913,
9.290214 2.980877 4.702756,
9.207424 2.980877 4.702756,
9.207424 3.063667 4.702756,
9.290214 3.063667 4.702756,
9.200225 2.980877 4.692913,
9.117435 2.980877 4.692913,
9.117435 3.063667 4.692913,
9.200225 3.063667 4.692913,
9.200225 2.980877 4.702756,
9.117435 2.980877 4.702756,
9.117435 3.063667 4.702756,
9.200225 3.063667 4.702756,
9.110236 2.980877 4.692913,
9.027447 2.980877 4.692913,
9.027447 3.063667 4.692913,
9.110236 3.063667 4.692913,
9.110236 2.980877 4.702756,
9.027447 2.980877 4.702756,
9.027447 3.063667 4.702756,
9.110236 3.063667 4.702756,
] } coordIndex [
28,29,1,0,-1,
29,30,2,1,-1,
30,31,3,2,-1,
31,32,4,3,-1,
32,33,5,4,-1,
33,34,6,5,-1,
34,35,7,6,-1,
35,36,8,7,-1,
36,37,9,8,-1,
37,38,10,9,-1,
38,39,11,10,-1,
39,40,12,11,-1,
40,41,13,12,-1,
41,42,14,13,-1,
42,43,15,14,-1,
43,44,16,15,-1,
44,45,17,16,-1,
45,46,18,17,-1,
46,47,19,18,-1,
47,48,20,19,-1,
48,49,21,20,-1,
49,50,22,21,-1,
50,51,23,22,-1,
51,52,24,23,-1,
52,53,25,24,-1,
53,54,26,25,-1,
54,55,27,26,-1,
55,28,0,27,-1,
1,2,0,-1,
2,3,0,-1,
3,4,0,-1,
4,5,0,-1,
5,6,0,-1,
6,7,0,-1,
7,8,0,-1,
8,9,0,-1,
9,10,0,-1,
10,11,0,-1,
11,12,0,-1,
12,13,0,-1,
13,14,0,-1,
14,15,0,-1,
15,16,0,-1,
16,17,0,-1,
17,18,0,-1,
18,19,0,-1,
19,20,0,-1,
20,21,0,-1,
21,22,0,-1,
22,23,0,-1,
23,24,0,-1,
24,25,0,-1,
25,26,0,-1,
26,27,0,-1,
30,29,28,-1,
31,30,28,-1,
32,31,28,-1,
33,32,28,-1,
34,33,28,-1,
35,34,28,-1,
36,35,28,-1,
37,36,28,-1,
38,37,28,-1,
39,38,28,-1,
40,39,28,-1,
41,40,28,-1,
42,41,28,-1,
43,42,28,-1,
44,43,28,-1,
45,44,28,-1,
46,45,28,-1,
47,46,28,-1,
48,47,28,-1,
49,48,28,-1,
50,49,28,-1,
51,50,28,-1,
52,51,28,-1,
53,52,28,-1,
54,53,28,-1,
55,54,28,-1,
56,57,58,59,-1,
60,61,57,56,-1,
61,62,58,57,-1,
62,63,59,58,-1,
63,60,56,59,-1,
63,62,61,60,-1,
64,65,66,67,-1,
68,69,65,64,-1,
69,70,66,65,-1,
70,71,67,66,-1,
71,68,64,67,-1,
71,70,69,68,-1,
72,73,74,75,-1,
76,77,73,72,-1,
77,78,74,73,-1,
78,79,75,74,-1,
79,76,72,75,-1,
79,78,77,76,-1,
80,81,82,83,-1,
84,85,81,80,-1,
85,86,82,81,-1,
86,87,83,82,-1,
87,84,80,83,-1,
87,86,85,84,-1,
88,89,90,91,-1,
92,93,89,88,-1,
93,94,90,89,-1,
94,95,91,90,-1,
95,92,88,91,-1,
95,94,93,92,-1,
96,97,98,99,-1,
100,101,97,96,-1,
101,102,98,97,-1,
102,103,99,98,-1,
103,100,96,99,-1,
103,102,101,100,-1,
104,105,106,107,-1,
108,109,105,104,-1,
109,110,106,105,-1,
110,111,107,106,-1,
111,108,104,107,-1,
111,110,109,108,-1,
112,113,114,115,-1,
116,117,113,112,-1,
117,118,114,113,-1,
118,119,115,114,-1,
119,116,112,115,-1,
119,118,117,116,-1,
120,121,122,123,-1,
124,125,121,120,-1,
125,126,122,121,-1,
126,127,123,122,-1,
127,124,120,123,-1,
127,126,125,124,-1,
128,129,130,131,-1,
132,133,129,128,-1,
133,134,130,129,-1,
134,135,131,130,-1,
135,132,128,131,-1,
135,134,133,132,-1,
136,137,138,139,-1,
140,141,137,136,-1,
141,142,138,137,-1,
142,143,139,138,-1,
143,140,136,139,-1,
143,142,141,140,-1,
144,145,146,147,-1,
148,149,145,144,-1,
149,150,146,145,-1,
150,151,147,146,-1,
151,148,144,147,-1,
151,150,149,148,-1,
152,153,154,155,-1,
156,157,153,152,-1,
157,158,154,153,-1,
158,159,155,154,-1,
159,156,152,155,-1,
159,158,157,156,-1,
160,161,162,163,-1,
164,165,161,160,-1,
165,166,162,161,-1,
166,167,163,162,-1,
167,164,160,163,-1,
167,166,165,164,-1,
168,169,170,171,-1,
172,173,169,168,-1,
173,174,170,169,-1,
174,175,171,170,-1,
175,172,168,171,-1,
175,174,173,172,-1,
176,177,178,179,-1,
180,181,177,176,-1,
181,182,178,177,-1,
182,183,179,178,-1,
183,180,176,179,-1,
183,182,181,180,-1,
184,185,186,187,-1,
188,189,185,184,-1,
189,190,186,185,-1,
190,191,187,186,-1,
191,188,184,187,-1,
191,190,189,188,-1,
192,193,194,195,-1,
196,197,193,192,-1,
197,198,194,193,-1,
198,199,195,194,-1,
199,196,192,195,-1,
199,198,197,196,-1,
200,201,202,203,-1,
204,205,201,200,-1,
205,206,202,201,-1,
206,207,203,202,-1,
207,204,200,203,-1,
207,206,205,204,-1,
208,209,210,211,-1,
212,213,209,208,-1,
213,214,210,209,-1,
214,215,211,210,-1,
215,212,208,211,-1,
215,214,213,212,-1,
216,217,218,219,-1,
220,221,217,216,-1,
221,222,218,217,-1,
222,223,219,218,-1,
223,220,216,219,-1,
223,222,221,220,-1,
224,225,226,227,-1,
228,229,225,224,-1,
229,230,226,225,-1,
230,231,227,226,-1,
231,228,224,227,-1,
231,230,229,228,-1,
232,233,234,235,-1,
236,237,233,232,-1,
237,238,234,233,-1,
238,239,235,234,-1,
239,236,232,235,-1,
239,238,237,236,-1,
240,241,242,243,-1,
244,245,241,240,-1,
245,246,242,241,-1,
246,247,243,242,-1,
247,244,240,243,-1,
247,246,245,244,-1,
248,249,250,251,-1,
252,253,249,248,-1,
253,254,250,249,-1,
254,255,251,250,-1,
255,252,248,251,-1,
255,254,253,252,-1,
256,257,258,259,-1,
260,261,257,256,-1,
261,262,258,257,-1,
262,263,259,258,-1,
263,260,256,259,-1,
263,262,261,260,-1,
264,265,266,267,-1,
268,269,265,264,-1,
269,270,266,265,-1,
270,271,267,266,-1,
271,268,264,267,-1,
271,270,269,268,-1,
272,273,274,275,-1,
276,277,273,272,-1,
277,278,274,273,-1,
278,279,275,274,-1,
279,276,272,275,-1,
279,278,277,276,-1,
280,281,282,283,-1,
284,285,281,280,-1,
285,286,282,281,-1,
286,287,283,282,-1,
287,284,280,283,-1,
287,286,285,284,-1,
288,289,290,291,-1,
292,293,289,288,-1,
293,294,290,289,-1,
294,295,291,290,-1,
295,292,288,291,-1,
295,294,293,292,-1,
296,297,298,299,-1,
300,301,297,296,-1,
301,302,298,297,-1,
302,303,299,298,-1,
303,300,296,299,-1,
303,302,301,300,-1,
304,305,306,307,-1,
308,309,305,304,-1,
309,310,306,305,-1,
310,311,307,306,-1,
311,308,304,307,-1,
311,310,309,308,-1,
312,313,314,315,-1,
316,317,313,312,-1,
317,318,314,313,-1,
318,319,315,314,-1,
319,316,312,315,-1,
319,318,317,316,-1,
320,321,322,323,-1,
324,325,321,320,-1,
325,326,322,321,-1,
326,327,323,322,-1,
327,324,320,323,-1,
327,326,325,324,-1,
328,329,330,331,-1,
332,333,329,328,-1,
333,334,330,329,-1,
334,335,331,330,-1,
335,332,328,331,-1,
335,334,333,332,-1,
336,337,338,339,-1,
340,341,337,336,-1,
341,342,338,337,-1,
342,343,339,338,-1,
343,340,336,339,-1,
343,342,341,340,-1,
344,345,346,347,-1,
348,349,345,344,-1,
349,350,346,345,-1,
350,351,347,346,-1,
351,348,344,347,-1,
351,350,349,348,-1,
352,353,354,355,-1,
356,357,353,352,-1,
357,358,354,353,-1,
358,359,355,354,-1,
359,356,352,355,-1,
359,358,357,356,-1,
360,361,362,363,-1,
364,365,361,360,-1,
365,366,362,361,-1,
366,367,363,362,-1,
367,364,360,363,-1,
367,366,365,364,-1,
368,369,370,371,-1,
372,373,369,368,-1,
373,374,370,369,-1,
374,375,371,370,-1,
375,372,368,371,-1,
375,374,373,372,-1,
376,377,378,379,-1,
380,381,377,376,-1,
381,382,378,377,-1,
382,383,379,378,-1,
383,380,376,379,-1,
383,382,381,380,-1,
384,385,386,387,-1,
388,389,385,384,-1,
389,390,386,385,-1,
390,391,387,386,-1,
391,388,384,387,-1,
391,390,389,388,-1,
392,393,394,395,-1,
396,397,393,392,-1,
397,398,394,393,-1,
398,399,395,394,-1,
399,396,392,395,-1,
399,398,397,396,-1,
400,401,402,403,-1,
404,405,401,400,-1,
405,406,402,401,-1,
406,407,403,402,-1,
407,404,400,403,-1,
407,406,405,404,-1,
408,409,410,411,-1,
412,413,409,408,-1,
413,414,410,409,-1,
414,415,411,410,-1,
415,412,408,411,-1,
415,414,413,412,-1,
416,417,418,419,-1,
420,421,417,416,-1,
421,422,418,417,-1,
422,423,419,418,-1,
423,420,416,419,-1,
423,422,421,420,-1,
424,425,426,427,-1,
428,429,425,424,-1,
429,430,426,425,-1,
430,431,427,426,-1,
431,428,424,427,-1,
431,430,429,428,-1,
432,433,434,435,-1,
436,437,433,432,-1,
437,438,434,433,-1,
438,439,435,434,-1,
439,436,432,435,-1,
439,438,437,436,-1,
440,441,442,443,-1,
444,445,441,440,-1,
445,446,442,441,-1,
446,447,443,442,-1,
447,444,440,443,-1,
447,446,445,444,-1,
448,449,450,451,-1,
452,453,449,448,-1,
453,454,450,449,-1,
454,455,451,450,-1,
455,452,448,451,-1,
455,454,453,452,-1,
456,457,458,459,-1,
460,461,457,456,-1,
461,462,458,457,-1,
462,463,459,458,-1,
463,460,456,459,-1,
463,462,461,460,-1,
464,465,466,467,-1,
468,469,465,464,-1,
469,470,466,465,-1,
470,471,467,466,-1,
471,468,464,467,-1,
471,470,469,468,-1,
472,473,474,475,-1,
476,477,473,472,-1,
477,478,474,473,-1,
478,479,475,474,-1,
479,476,472,475,-1,
479,478,477,476,-1,
480,481,482,483,-1,
484,485,481,480,-1,
485,486,482,481,-1,
486,487,483,482,-1,
487,484,480,483,-1,
487,486,485,484,-1,
488,489,490,491,-1,
492,493,489,488,-1,
493,494,490,489,-1,
494,495,491,490,-1,
495,492,488,491,-1,
495,494,493,492,-1,
496,497,498,499,-1,
500,501,497,496,-1,
501,502,498,497,-1,
502,503,499,498,-1,
503,500,496,499,-1,
503,502,501,500,-1,
504,505,506,507,-1,
508,509,505,504,-1,
509,510,506,505,-1,
510,511,507,506,-1,
511,508,504,507,-1,
511,510,509,508,-1,
512,513,514,515,-1,
516,517,513,512,-1,
517,518,514,513,-1,
518,519,515,514,-1,
519,516,512,515,-1,
519,518,517,516,-1,
520,521,522,523,-1,
524,525,521,520,-1,
525,526,522,521,-1,
526,527,523,522,-1,
527,524,520,523,-1,
527,526,525,524,-1,
528,529,530,531,-1,
532,533,529,528,-1,
533,534,530,529,-1,
534,535,531,530,-1,
535,532,528,531,-1,
535,534,533,532,-1,
536,537,538,539,-1,
540,541,537,536,-1,
541,542,538,537,-1,
542,543,539,538,-1,
543,540,536,539,-1,
543,542,541,540,-1,
544,545,546,547,-1,
548,549,545,544,-1,
549,550,546,545,-1,
550,551,547,546,-1,
551,548,544,547,-1,
551,550,549,548,-1,
552,553,554,555,-1,
556,557,553,552,-1,
557,558,554,553,-1,
558,559,555,554,-1,
559,556,552,555,-1,
559,558,557,556,-1,
560,561,562,563,-1,
564,565,561,560,-1,
565,566,562,561,-1,
566,567,563,562,-1,
567,564,560,563,-1,
567,566,565,564,-1,
568,569,570,571,-1,
572,573,569,568,-1,
573,574,570,569,-1,
574,575,571,570,-1,
575,572,568,571,-1,
575,574,573,572,-1,
576,577,578,579,-1,
580,581,577,576,-1,
581,582,578,577,-1,
582,583,579,578,-1,
583,580,576,579,-1,
583,582,581,580,-1,
584,585,586,587,-1,
588,589,585,584,-1,
589,590,586,585,-1,
590,591,587,586,-1,
591,588,584,587,-1,
591,590,589,588,-1,
592,593,594,595,-1,
596,597,593,592,-1,
597,598,594,593,-1,
598,599,595,594,-1,
599,596,592,595,-1,
599,598,597,596,-1,
600,601,602,603,-1,
604,605,601,600,-1,
605,606,602,601,-1,
606,607,603,602,-1,
607,604,600,603,-1,
607,606,605,604,-1,
608,609,610,611,-1,
612,613,609,608,-1,
613,614,610,609,-1,
614,615,611,610,-1,
615,612,608,611,-1,
615,614,613,612,-1,
616,617,618,619,-1,
620,621,617,616,-1,
621,622,618,617,-1,
622,623,619,618,-1,
623,620,616,619,-1,
623,622,621,620,-1,
624,625,626,627,-1,
628,629,625,624,-1,
629,630,626,625,-1,
630,631,627,626,-1,
631,628,624,627,-1,
631,630,629,628,-1,
632,633,634,635,-1,
636,637,633,632,-1,
637,638,634,633,-1,
638,639,635,634,-1,
639,636,632,635,-1,
639,638,637,636,-1,
640,641,642,643,-1,
644,645,641,640,-1,
645,646,642,641,-1,
646,647,643,642,-1,
647,644,640,643,-1,
647,646,645,644,-1,
648,649,650,651,-1,
652,653,649,648,-1,
653,654,650,649,-1,
654,655,651,650,-1,
655,652,648,651,-1,
655,654,653,652,-1,
656,657,658,659,-1,
660,661,657,656,-1,
661,662,658,657,-1,
662,663,659,658,-1,
663,660,656,659,-1,
663,662,661,660,-1,
664,665,666,667,-1,
668,669,665,664,-1,
669,670,666,665,-1,
670,671,667,666,-1,
671,668,664,667,-1,
671,670,669,668,-1,
672,673,674,675,-1,
676,677,673,672,-1,
677,678,674,673,-1,
678,679,675,674,-1,
679,676,672,675,-1,
679,678,677,676,-1,
680,681,682,683,-1,
684,685,681,680,-1,
685,686,682,681,-1,
686,687,683,682,-1,
687,684,680,683,-1,
687,686,685,684,-1,
688,689,690,691,-1,
692,693,689,688,-1,
693,694,690,689,-1,
694,695,691,690,-1,
695,692,688,691,-1,
695,694,693,692,-1,
696,697,698,699,-1,
700,701,697,696,-1,
701,702,698,697,-1,
702,703,699,698,-1,
703,700,696,699,-1,
703,702,701,700,-1,
704,705,706,707,-1,
708,709,705,704,-1,
709,710,706,705,-1,
710,711,707,706,-1,
711,708,704,707,-1,
711,710,709,708,-1,
712,713,714,715,-1,
716,717,713,712,-1,
717,718,714,713,-1,
718,719,715,714,-1,
719,716,712,715,-1,
719,718,717,716,-1,
720,721,722,723,-1,
724,725,721,720,-1,
725,726,722,721,-1,
726,727,723,722,-1,
727,724,720,723,-1,
727,726,725,724,-1,
728,729,730,731,-1,
732,733,729,728,-1,
733,734,730,729,-1,
734,735,731,730,-1,
735,732,728,731,-1,
735,734,733,732,-1,
736,737,738,739,-1,
740,741,737,736,-1,
741,742,738,737,-1,
742,743,739,738,-1,
743,740,736,739,-1,
743,742,741,740,-1,
744,745,746,747,-1,
748,749,745,744,-1,
749,750,746,745,-1,
750,751,747,746,-1,
751,748,744,747,-1,
751,750,749,748,-1,
752,753,754,755,-1,
756,757,753,752,-1,
757,758,754,753,-1,
758,759,755,754,-1,
759,756,752,755,-1,
759,758,757,756,-1,
760,761,762,763,-1,
764,765,761,760,-1,
765,766,762,761,-1,
766,767,763,762,-1,
767,764,760,763,-1,
767,766,765,764,-1,
768,769,770,771,-1,
772,773,769,768,-1,
773,774,770,769,-1,
774,775,771,770,-1,
775,772,768,771,-1,
775,774,773,772,-1,
776,777,778,779,-1,
780,781,777,776,-1,
781,782,778,777,-1,
782,783,779,778,-1,
783,780,776,779,-1,
783,782,781,780,-1,
784,785,786,787,-1,
788,789,785,784,-1,
789,790,786,785,-1,
790,791,787,786,-1,
791,788,784,787,-1,
791,790,789,788,-1,
792,793,794,795,-1,
796,797,793,792,-1,
797,798,794,793,-1,
798,799,795,794,-1,
799,796,792,795,-1,
799,798,797,796,-1,
800,801,802,803,-1,
804,805,801,800,-1,
805,806,802,801,-1,
806,807,803,802,-1,
807,804,800,803,-1,
807,806,805,804,-1,
808,809,810,811,-1,
812,813,809,808,-1,
813,814,810,809,-1,
814,815,811,810,-1,
815,812,808,811,-1,
815,814,813,812,-1,
816,817,818,819,-1,
820,821,817,816,-1,
821,822,818,817,-1,
822,823,819,818,-1,
823,820,816,819,-1,
823,822,821,820,-1,
824,825,826,827,-1,
828,829,825,824,-1,
829,830,826,825,-1,
830,831,827,826,-1,
831,828,824,827,-1,
831,830,829,828,-1,
832,833,834,835,-1,
836,837,833,832,-1,
837,838,834,833,-1,
838,839,835,834,-1,
839,836,832,835,-1,
839,838,837,836,-1,
840,841,842,843,-1,
844,845,841,840,-1,
845,846,842,841,-1,
846,847,843,842,-1,
847,844,840,843,-1,
847,846,845,844,-1,
848,849,850,851,-1,
852,853,849,848,-1,
853,854,850,849,-1,
854,855,851,850,-1,
855,852,848,851,-1,
855,854,853,852,-1,
856,857,858,859,-1,
860,861,857,856,-1,
861,862,858,857,-1,
862,863,859,858,-1,
863,860,856,859,-1,
863,862,861,860,-1,
864,865,866,867,-1,
868,869,865,864,-1,
869,870,866,865,-1,
870,871,867,866,-1,
871,868,864,867,-1,
871,870,869,868,-1,
872,873,874,875,-1,
876,877,873,872,-1,
877,878,874,873,-1,
878,879,875,874,-1,
879,876,872,875,-1,
879,878,877,876,-1,
880,881,882,883,-1,
884,885,881,880,-1,
885,886,882,881,-1,
886,887,883,882,-1,
887,884,880,883,-1,
887,886,885,884,-1,
888,889,890,891,-1,
892,893,889,888,-1,
893,894,890,889,-1,
894,895,891,890,-1,
895,892,888,891,-1,
895,894,893,892,-1,
896,897,898,899,-1,
900,901,897,896,-1,
901,902,898,897,-1,
902,903,899,898,-1,
903,900,896,899,-1,
903,902,901,900,-1,
904,905,906,907,-1,
908,909,905,904,-1,
909,910,906,905,-1,
910,911,907,906,-1,
911,908,904,907,-1,
911,910,909,908,-1,
912,913,914,915,-1,
916,917,913,912,-1,
917,918,914,913,-1,
918,919,915,914,-1,
919,916,912,915,-1,
919,918,917,916,-1,
920,921,922,923,-1,
924,925,921,920,-1,
925,926,922,921,-1,
926,927,923,922,-1,
927,924,920,923,-1,
927,926,925,924,-1,
928,929,930,931,-1,
932,933,929,928,-1,
933,934,930,929,-1,
934,935,931,930,-1,
935,932,928,931,-1,
935,934,933,932,-1,
936,937,938,939,-1,
940,941,937,936,-1,
941,942,938,937,-1,
942,943,939,938,-1,
943,940,936,939,-1,
943,942,941,940,-1,
944,945,946,947,-1,
948,949,945,944,-1,
949,950,946,945,-1,
950,951,947,946,-1,
951,948,944,947,-1,
951,950,949,948,-1,
952,953,954,955,-1,
956,957,953,952,-1,
957,958,954,953,-1,
958,959,955,954,-1,
959,956,952,955,-1,
959,958,957,956,-1,
960,961,962,963,-1,
964,965,961,960,-1,
965,966,962,961,-1,
966,967,963,962,-1,
967,964,960,963,-1,
967,966,965,964,-1,
968,969,970,971,-1,
972,973,969,968,-1,
973,974,970,969,-1,
974,975,971,970,-1,
975,972,968,971,-1,
975,974,973,972,-1,
976,977,978,979,-1,
980,981,977,976,-1,
981,982,978,977,-1,
982,983,979,978,-1,
983,980,976,979,-1,
983,982,981,980,-1,
984,985,986,987,-1,
988,989,985,984,-1,
989,990,986,985,-1,
990,991,987,986,-1,
991,988,984,987,-1,
991,990,989,988,-1,
992,993,994,995,-1,
996,997,993,992,-1,
997,998,994,993,-1,
998,999,995,994,-1,
999,996,992,995,-1,
999,998,997,996,-1,
1000,1001,1002,1003,-1,
1004,1005,1001,1000,-1,
1005,1006,1002,1001,-1,
1006,1007,1003,1002,-1,
1007,1004,1000,1003,-1,
1007,1006,1005,1004,-1,
1008,1009,1010,1011,-1,
1012,1013,1009,1008,-1,
1013,1014,1010,1009,-1,
1014,1015,1011,1010,-1,
1015,1012,1008,1011,-1,
1015,1014,1013,1012,-1,
1016,1017,1018,1019,-1,
1020,1021,1017,1016,-1,
1021,1022,1018,1017,-1,
1022,1023,1019,1018,-1,
1023,1020,1016,1019,-1,
1023,1022,1021,1020,-1,
1024,1025,1026,1027,-1,
1028,1029,1025,1024,-1,
1029,1030,1026,1025,-1,
1030,1031,1027,1026,-1,
1031,1028,1024,1027,-1,
1031,1030,1029,1028,-1,
1032,1033,1034,1035,-1,
1036,1037,1033,1032,-1,
1037,1038,1034,1033,-1,
1038,1039,1035,1034,-1,
1039,1036,1032,1035,-1,
1039,1038,1037,1036,-1,
1040,1041,1042,1043,-1,
1044,1045,1041,1040,-1,
1045,1046,1042,1041,-1,
1046,1047,1043,1042,-1,
1047,1044,1040,1043,-1,
1047,1046,1045,1044,-1,
1048,1049,1050,1051,-1,
1052,1053,1049,1048,-1,
1053,1054,1050,1049,-1,
1054,1055,1051,1050,-1,
1055,1052,1048,1051,-1,
1055,1054,1053,1052,-1,
1056,1057,1058,1059,-1,
1060,1061,1057,1056,-1,
1061,1062,1058,1057,-1,
1062,1063,1059,1058,-1,
1063,1060,1056,1059,-1,
1063,1062,1061,1060,-1,
1064,1065,1066,1067,-1,
1068,1069,1065,1064,-1,
1069,1070,1066,1065,-1,
1070,1071,1067,1066,-1,
1071,1068,1064,1067,-1,
1071,1070,1069,1068,-1,
1072,1073,1074,1075,-1,
1076,1077,1073,1072,-1,
1077,1078,1074,1073,-1,
1078,1079,1075,1074,-1,
1079,1076,1072,1075,-1,
1079,1078,1077,1076,-1,
1080,1081,1082,1083,-1,
1084,1085,1081,1080,-1,
1085,1086,1082,1081,-1,
1086,1087,1083,1082,-1,
1087,1084,1080,1083,-1,
1087,1086,1085,1084,-1,
1088,1089,1090,1091,-1,
1092,1093,1089,1088,-1,
1093,1094,1090,1089,-1,
1094,1095,1091,1090,-1,
1095,1092,1088,1091,-1,
1095,1094,1093,1092,-1,
1096,1097,1098,1099,-1,
1100,1101,1097,1096,-1,
1101,1102,1098,1097,-1,
1102,1103,1099,1098,-1,
1103,1100,1096,1099,-1,
1103,1102,1101,1100,-1,
1104,1105,1106,1107,-1,
1108,1109,1105,1104,-1,
1109,1110,1106,1105,-1,
1110,1111,1107,1106,-1,
1111,1108,1104,1107,-1,
1111,1110,1109,1108,-1,
1112,1113,1114,1115,-1,
1116,1117,1113,1112,-1,
1117,1118,1114,1113,-1,
1118,1119,1115,1114,-1,
1119,1116,1112,1115,-1,
1119,1118,1117,1116,-1,
1120,1121,1122,1123,-1,
1124,1125,1121,1120,-1,
1125,1126,1122,1121,-1,
1126,1127,1123,1122,-1,
1127,1124,1120,1123,-1,
1127,1126,1125,1124,-1,
1128,1129,1130,1131,-1,
1132,1133,1129,1128,-1,
1133,1134,1130,1129,-1,
1134,1135,1131,1130,-1,
1135,1132,1128,1131,-1,
1135,1134,1133,1132,-1,
1136,1137,1138,1139,-1,
1140,1141,1137,1136,-1,
1141,1142,1138,1137,-1,
1142,1143,1139,1138,-1,
1143,1140,1136,1139,-1,
1143,1142,1141,1140,-1,
1144,1145,1146,1147,-1,
1148,1149,1145,1144,-1,
1149,1150,1146,1145,-1,
1150,1151,1147,1146,-1,
1151,1148,1144,1147,-1,
1151,1150,1149,1148,-1,
1152,1153,1154,1155,-1,
1156,1157,1153,1152,-1,
1157,1158,1154,1153,-1,
1158,1159,1155,1154,-1,
1159,1156,1152,1155,-1,
1159,1158,1157,1156,-1,
1160,1161,1162,1163,-1,
1164,1165,1161,1160,-1,
1165,1166,1162,1161,-1,
1166,1167,1163,1162,-1,
1167,1164,1160,1163,-1,
1167,1166,1165,1164,-1,
1168,1169,1170,1171,-1,
1172,1173,1169,1168,-1,
1173,1174,1170,1169,-1,
1174,1175,1171,1170,-1,
1175,1172,1168,1171,-1,
1175,1174,1173,1172,-1,
1176,1177,1178,1179,-1,
1180,1181,1177,1176,-1,
1181,1182,1178,1177,-1,
1182,1183,1179,1178,-1,
1183,1180,1176,1179,-1,
1183,1182,1181,1180,-1,
1184,1185,1186,1187,-1,
1188,1189,1185,1184,-1,
1189,1190,1186,1185,-1,
1190,1191,1187,1186,-1,
1191,1188,1184,1187,-1,
1191,1190,1189,1188,-1,
1192,1193,1194,1195,-1,
1196,1197,1193,1192,-1,
1197,1198,1194,1193,-1,
1198,1199,1195,1194,-1,
1199,1196,1192,1195,-1,
1199,1198,1197,1196,-1,
1200,1201,1202,1203,-1,
1204,1205,1201,1200,-1,
1205,1206,1202,1201,-1,
1206,1207,1203,1202,-1,
1207,1204,1200,1203,-1,
1207,1206,1205,1204,-1,
1208,1209,1210,1211,-1,
1212,1213,1209,1208,-1,
1213,1214,1210,1209,-1,
1214,1215,1211,1210,-1,
1215,1212,1208,1211,-1,
1215,1214,1213,1212,-1,
1216,1217,1218,1219,-1,
1220,1221,1217,1216,-1,
1221,1222,1218,1217,-1,
1222,1223,1219,1218,-1,
1223,1220,1216,1219,-1,
1223,1222,1221,1220,-1,
1224,1225,1226,1227,-1,
1228,1229,1225,1224,-1,
1229,1230,1226,1225,-1,
1230,1231,1227,1226,-1,
1231,1228,1224,1227,-1,
1231,1230,1229,1228,-1,
1232,1233,1234,1235,-1,
1236,1237,1233,1232,-1,
1237,1238,1234,1233,-1,
1238,1239,1235,1234,-1,
1239,1236,1232,1235,-1,
1239,1238,1237,1236,-1,
1240,1241,1242,1243,-1,
1244,1245,1241,1240,-1,
1245,1246,1242,1241,-1,
1246,1247,1243,1242,-1,
1247,1244,1240,1243,-1,
1247,1246,1245,1244,-1,
1248,1249,1250,1251,-1,
1252,1253,1249,1248,-1,
1253,1254,1250,1249,-1,
1254,1255,1251,1250,-1,
1255,1252,1248,1251,-1,
1255,1254,1253,1252,-1,
1256,1257,1258,1259,-1,
1260,1261,1257,1256,-1,
1261,1262,1258,1257,-1,
1262,1263,1259,1258,-1,
1263,1260,1256,1259,-1,
1263,1262,1261,1260,-1,
1264,1265,1266,1267,-1,
1268,1269,1265,1264,-1,
1269,1270,1266,1265,-1,
1270,1271,1267,1266,-1,
1271,1268,1264,1267,-1,
1271,1270,1269,1268,-1,
1272,1273,1274,1275,-1,
1276,1277,1273,1272,-1,
1277,1278,1274,1273,-1,
1278,1279,1275,1274,-1,
1279,1276,1272,1275,-1,
1279,1278,1277,1276,-1,
1280,1281,1282,1283,-1,
1284,1285,1281,1280,-1,
1285,1286,1282,1281,-1,
1286,1287,1283,1282,-1,
1287,1284,1280,1283,-1,
1287,1286,1285,1284,-1,
1288,1289,1290,1291,-1,
1292,1293,1289,1288,-1,
1293,1294,1290,1289,-1,
1294,1295,1291,1290,-1,
1295,1292,1288,1291,-1,
1295,1294,1293,1292,-1,
1296,1297,1298,1299,-1,
1300,1301,1297,1296,-1,
1301,1302,1298,1297,-1,
1302,1303,1299,1298,-1,
1303,1300,1296,1299,-1,
1303,1302,1301,1300,-1,
1304,1305,1306,1307,-1,
1308,1309,1305,1304,-1,
1309,1310,1306,1305,-1,
1310,1311,1307,1306,-1,
1311,1308,1304,1307,-1,
1311,1310,1309,1308,-1,
1312,1313,1314,1315,-1,
1316,1317,1313,1312,-1,
1317,1318,1314,1313,-1,
1318,1319,1315,1314,-1,
1319,1316,1312,1315,-1,
1319,1318,1317,1316,-1,
1320,1321,1322,1323,-1,
1324,1325,1321,1320,-1,
1325,1326,1322,1321,-1,
1326,1327,1323,1322,-1,
1327,1324,1320,1323,-1,
1327,1326,1325,1324,-1,
1328,1329,1330,1331,-1,
1332,1333,1329,1328,-1,
1333,1334,1330,1329,-1,
1334,1335,1331,1330,-1,
1335,1332,1328,1331,-1,
1335,1334,1333,1332,-1,
1336,1337,1338,1339,-1,
1340,1341,1337,1336,-1,
1341,1342,1338,1337,-1,
1342,1343,1339,1338,-1,
1343,1340,1336,1339,-1,
1343,1342,1341,1340,-1,
1344,1345,1346,1347,-1,
1348,1349,1345,1344,-1,
1349,1350,1346,1345,-1,
1350,1351,1347,1346,-1,
1351,1348,1344,1347,-1,
1351,1350,1349,1348,-1,
1352,1353,1354,1355,-1,
1356,1357,1353,1352,-1,
1357,1358,1354,1353,-1,
1358,1359,1355,1354,-1,
1359,1356,1352,1355,-1,
1359,1358,1357,1356,-1,
1360,1361,1362,1363,-1,
1364,1365,1361,1360,-1,
1365,1366,1362,1361,-1,
1366,1367,1363,1362,-1,
1367,1364,1360,1363,-1,
1367,1366,1365,1364,-1,
1368,1369,1370,1371,-1,
1372,1373,1369,1368,-1,
1373,1374,1370,1369,-1,
1374,1375,1371,1370,-1,
1375,1372,1368,1371,-1,
1375,1374,1373,1372,-1,
1376,1377,1378,1379,-1,
1380,1381,1377,1376,-1,
1381,1382,1378,1377,-1,
1382,1383,1379,1378,-1,
1383,1380,1376,1379,-1,
1383,1382,1381,1380,-1,
1384,1385,1386,1387,-1,
1388,1389,1385,1384,-1,
1389,1390,1386,1385,-1,
1390,1391,1387,1386,-1,
1391,1388,1384,1387,-1,
1391,1390,1389,1388,-1,
1392,1393,1394,1395,-1,
1396,1397,1393,1392,-1,
1397,1398,1394,1393,-1,
1398,1399,1395,1394,-1,
1399,1396,1392,1395,-1,
1399,1398,1397,1396,-1,
1400,1401,1402,1403,-1,
1404,1405,1401,1400,-1,
1405,1406,1402,1401,-1,
1406,1407,1403,1402,-1,
1407,1404,1400,1403,-1,
1407,1406,1405,1404,-1,
1408,1409,1410,1411,-1,
1412,1413,1409,1408,-1,
1413,1414,1410,1409,-1,
1414,1415,1411,1410,-1,
1415,1412,1408,1411,-1,
1415,1414,1413,1412,-1,
1416,1417,1418,1419,-1,
1420,1421,1417,1416,-1,
1421,1422,1418,1417,-1,
1422,1423,1419,1418,-1,
1423,1420,1416,1419,-1,
1423,1422,1421,1420,-1,
1424,1425,1426,1427,-1,
1428,1429,1425,1424,-1,
1429,1430,1426,1425,-1,
1430,1431,1427,1426,-1,
1431,1428,1424,1427,-1,
1431,1430,1429,1428,-1,
1432,1433,1434,1435,-1,
1436,1437,1433,1432,-1,
1437,1438,1434,1433,-1,
1438,1439,1435,1434,-1,
1439,1436,1432,1435,-1,
1439,1438,1437,1436,-1,
1440,1441,1442,1443,-1,
1444,1445,1441,1440,-1,
1445,1446,1442,1441,-1,
1446,1447,1443,1442,-1,
1447,1444,1440,1443,-1,
1447,1446,1445,1444,-1,
1448,1449,1450,1451,-1,
1452,1453,1449,1448,-1,
1453,1454,1450,1449,-1,
1454,1455,1451,1450,-1,
1455,1452,1448,1451,-1,
1455,1454,1453,1452,-1,
1456,1457,1458,1459,-1,
1460,1461,1457,1456,-1,
1461,1462,1458,1457,-1,
1462,1463,1459,1458,-1,
1463,1460,1456,1459,-1,
1463,1462,1461,1460,-1,
1464,1465,1466,1467,-1,
1468,1469,1465,1464,-1,
1469,1470,1466,1465,-1,
1470,1471,1467,1466,-1,
1471,1468,1464,1467,-1,
1471,1470,1469,1468,-1,
1472,1473,1474,1475,-1,
1476,1477,1473,1472,-1,
1477,1478,1474,1473,-1,
1478,1479,1475,1474,-1,
1479,1476,1472,1475,-1,
1479,1478,1477,1476,-1,
1480,1481,1482,1483,-1,
1484,1485,1481,1480,-1,
1485,1486,1482,1481,-1,
1486,1487,1483,1482,-1,
1487,1484,1480,1483,-1,
1487,1486,1485,1484,-1,
1488,1489,1490,1491,-1,
1492,1493,1489,1488,-1,
1493,1494,1490,1489,-1,
1494,1495,1491,1490,-1,
1495,1492,1488,1491,-1,
1495,1494,1493,1492,-1,
1496,1497,1498,1499,-1,
1500,1501,1497,1496,-1,
1501,1502,1498,1497,-1,
1502,1503,1499,1498,-1,
1503,1500,1496,1499,-1,
1503,1502,1501,1500,-1,
1504,1505,1506,1507,-1,
1508,1509,1505,1504,-1,
1509,1510,1506,1505,-1,
1510,1511,1507,1506,-1,
1511,1508,1504,1507,-1,
1511,1510,1509,1508,-1,
1512,1513,1514,1515,-1,
1516,1517,1513,1512,-1,
1517,1518,1514,1513,-1,
1518,1519,1515,1514,-1,
1519,1516,1512,1515,-1,
1519,1518,1517,1516,-1,
1520,1521,1522,1523,-1,
1524,1525,1521,1520,-1,
1525,1526,1522,1521,-1,
1526,1527,1523,1522,-1,
1527,1524,1520,1523,-1,
1527,1526,1525,1524,-1,
1528,1529,1530,1531,-1,
1532,1533,1529,1528,-1,
1533,1534,1530,1529,-1,
1534,1535,1531,1530,-1,
1535,1532,1528,1531,-1,
1535,1534,1533,1532,-1,
1536,1537,1538,1539,-1,
1540,1541,1537,1536,-1,
1541,1542,1538,1537,-1,
1542,1543,1539,1538,-1,
1543,1540,1536,1539,-1,
1543,1542,1541,1540,-1,
1544,1545,1546,1547,-1,
1548,1549,1545,1544,-1,
1549,1550,1546,1545,-1,
1550,1551,1547,1546,-1,
1551,1548,1544,1547,-1,
1551,1550,1549,1548,-1,
1552,1553,1554,1555,-1,
1556,1557,1553,1552,-1,
1557,1558,1554,1553,-1,
1558,1559,1555,1554,-1,
1559,1556,1552,1555,-1,
1559,1558,1557,1556,-1,
1560,1561,1562,1563,-1,
1564,1565,1561,1560,-1,
1565,1566,1562,1561,-1,
1566,1567,1563,1562,-1,
1567,1564,1560,1563,-1,
1567,1566,1565,1564,-1,
1568,1569,1570,1571,-1,
1572,1573,1569,1568,-1,
1573,1574,1570,1569,-1,
1574,1575,1571,1570,-1,
1575,1572,1568,1571,-1,
1575,1574,1573,1572,-1,
1576,1577,1578,1579,-1,
1580,1581,1577,1576,-1,
1581,1582,1578,1577,-1,
1582,1583,1579,1578,-1,
1583,1580,1576,1579,-1,
1583,1582,1581,1580,-1,
1584,1585,1586,1587,-1,
1588,1589,1585,1584,-1,
1589,1590,1586,1585,-1,
1590,1591,1587,1586,-1,
1591,1588,1584,1587,-1,
1591,1590,1589,1588,-1,
1592,1593,1594,1595,-1,
1596,1597,1593,1592,-1,
1597,1598,1594,1593,-1,
1598,1599,1595,1594,-1,
1599,1596,1592,1595,-1,
1599,1598,1597,1596,-1,
1600,1601,1602,1603,-1,
1604,1605,1601,1600,-1,
1605,1606,1602,1601,-1,
1606,1607,1603,1602,-1,
1607,1604,1600,1603,-1,
1607,1606,1605,1604,-1,
1608,1609,1610,1611,-1,
1612,1613,1609,1608,-1,
1613,1614,1610,1609,-1,
1614,1615,1611,1610,-1,
1615,1612,1608,1611,-1,
1615,1614,1613,1612,-1,
1616,1617,1618,1619,-1,
1620,1621,1617,1616,-1,
1621,1622,1618,1617,-1,
1622,1623,1619,1618,-1,
1623,1620,1616,1619,-1,
1623,1622,1621,1620,-1,
1624,1625,1626,1627,-1,
1628,1629,1625,1624,-1,
1629,1630,1626,1625,-1,
1630,1631,1627,1626,-1,
1631,1628,1624,1627,-1,
1631,1630,1629,1628,-1,
1632,1633,1634,1635,-1,
1636,1637,1633,1632,-1,
1637,1638,1634,1633,-1,
1638,1639,1635,1634,-1,
1639,1636,1632,1635,-1,
1639,1638,1637,1636,-1,
1640,1641,1642,1643,-1,
1644,1645,1641,1640,-1,
1645,1646,1642,1641,-1,
1646,1647,1643,1642,-1,
1647,1644,1640,1643,-1,
1647,1646,1645,1644,-1,
1648,1649,1650,1651,-1,
1652,1653,1649,1648,-1,
1653,1654,1650,1649,-1,
1654,1655,1651,1650,-1,
1655,1652,1648,1651,-1,
1655,1654,1653,1652,-1,
1656,1657,1658,1659,-1,
1660,1661,1657,1656,-1,
1661,1662,1658,1657,-1,
1662,1663,1659,1658,-1,
1663,1660,1656,1659,-1,
1663,1662,1661,1660,-1,
1664,1665,1666,1667,-1,
1668,1669,1665,1664,-1,
1669,1670,1666,1665,-1,
1670,1671,1667,1666,-1,
1671,1668,1664,1667,-1,
1671,1670,1669,1668,-1,
1672,1673,1674,1675,-1,
1676,1677,1673,1672,-1,
1677,1678,1674,1673,-1,
1678,1679,1675,1674,-1,
1679,1676,1672,1675,-1,
1679,1678,1677,1676,-1,
1680,1681,1682,1683,-1,
1684,1685,1681,1680,-1,
1685,1686,1682,1681,-1,
1686,1687,1683,1682,-1,
1687,1684,1680,1683,-1,
1687,1686,1685,1684,-1,
1716,1717,1689,1688,-1,
1717,1718,1690,1689,-1,
1718,1719,1691,1690,-1,
1719,1720,1692,1691,-1,
1720,1721,1693,1692,-1,
1721,1722,1694,1693,-1,
1722,1723,1695,1694,-1,
1723,1724,1696,1695,-1,
1724,1725,1697,1696,-1,
1725,1726,1698,1697,-1,
1726,1727,1699,1698,-1,
1727,1728,1700,1699,-1,
1728,1729,1701,1700,-1,
1729,1730,1702,1701,-1,
1730,1731,1703,1702,-1,
1731,1732,1704,1703,-1,
1732,1733,1705,1704,-1,
1733,1734,1706,1705,-1,
1734,1735,1707,1706,-1,
1735,1736,1708,1707,-1,
1736,1737,1709,1708,-1,
1737,1738,1710,1709,-1,
1738,1739,1711,1710,-1,
1739,1740,1712,1711,-1,
1740,1741,1713,1712,-1,
1741,1742,1714,1713,-1,
1742,1743,1715,1714,-1,
1743,1716,1688,1715,-1,
1689,1690,1688,-1,
1690,1691,1688,-1,
1691,1692,1688,-1,
1692,1693,1688,-1,
1693,1694,1688,-1,
1694,1695,1688,-1,
1695,1696,1688,-1,
1696,1697,1688,-1,
1697,1698,1688,-1,
1698,1699,1688,-1,
1699,1700,1688,-1,
1700,1701,1688,-1,
1701,1702,1688,-1,
1702,1703,1688,-1,
1703,1704,1688,-1,
1704,1705,1688,-1,
1705,1706,1688,-1,
1706,1707,1688,-1,
1707,1708,1688,-1,
1708,1709,1688,-1,
1709,1710,1688,-1,
1710,1711,1688,-1,
1711,1712,1688,-1,
1712,1713,1688,-1,
1713,1714,1688,-1,
1714,1715,1688,-1,
1718,1717,1716,-1,
1719,1718,1716,-1,
1720,1719,1716,-1,
1721,1720,1716,-1,
1722,1721,1716,-1,
1723,1722,1716,-1,
1724,1723,1716,-1,
1725,1724,1716,-1,
1726,1725,1716,-1,
1727,1726,1716,-1,
1728,1727,1716,-1,
1729,1728,1716,-1,
1730,1729,1716,-1,
1731,1730,1716,-1,
1732,1731,1716,-1,
1733,1732,1716,-1,
1734,1733,1716,-1,
1735,1734,1716,-1,
1736,1735,1716,-1,
1737,1736,1716,-1,
1738,1737,1716,-1,
1739,1738,1716,-1,
1740,1739,1716,-1,
1741,1740,1716,-1,
1742,1741,1716,-1,
1743,1742,1716,-1,
1744,1745,1746,1747,-1,
1748,1749,1745,1744,-1,
1749,1750,1746,1745,-1,
1750,1751,1747,1746,-1,
1751,1748,1744,1747,-1,
1751,1750,1749,1748,-1,
1752,1753,1754,1755,-1,
1756,1757,1753,1752,-1,
1757,1758,1754,1753,-1,
1758,1759,1755,1754,-1,
1759,1756,1752,1755,-1,
1759,1758,1757,1756,-1,
1760,1761,1762,1763,-1,
1764,1765,1761,1760,-1,
1765,1766,1762,1761,-1,
1766,1767,1763,1762,-1,
1767,1764,1760,1763,-1,
1767,1766,1765,1764,-1,
1768,1769,1770,1771,-1,
1772,1773,1769,1768,-1,
1773,1774,1770,1769,-1,
1774,1775,1771,1770,-1,
1775,1772,1768,1771,-1,
1775,1774,1773,1772,-1,
1776,1777,1778,1779,-1,
1780,1781,1777,1776,-1,
1781,1782,1778,1777,-1,
1782,1783,1779,1778,-1,
1783,1780,1776,1779,-1,
1783,1782,1781,1780,-1,
1784,1785,1786,1787,-1,
1788,1789,1785,1784,-1,
1789,1790,1786,1785,-1,
1790,1791,1787,1786,-1,
1791,1788,1784,1787,-1,
1791,1790,1789,1788,-1,
1792,1793,1794,1795,-1,
1796,1797,1793,1792,-1,
1797,1798,1794,1793,-1,
1798,1799,1795,1794,-1,
1799,1796,1792,1795,-1,
1799,1798,1797,1796,-1,
1800,1801,1802,1803,-1,
1804,1805,1801,1800,-1,
1805,1806,1802,1801,-1,
1806,1807,1803,1802,-1,
1807,1804,1800,1803,-1,
1807,1806,1805,1804,-1,
1808,1809,1810,1811,-1,
1812,1813,1809,1808,-1,
1813,1814,1810,1809,-1,
1814,1815,1811,1810,-1,
1815,1812,1808,1811,-1,
1815,1814,1813,1812,-1,
1816,1817,1818,1819,-1,
1820,1821,1817,1816,-1,
1821,1822,1818,1817,-1,
1822,1823,1819,1818,-1,
1823,1820,1816,1819,-1,
1823,1822,1821,1820,-1,
1824,1825,1826,1827,-1,
1828,1829,1825,1824,-1,
1829,1830,1826,1825,-1,
1830,1831,1827,1826,-1,
1831,1828,1824,1827,-1,
1831,1830,1829,1828,-1,
1832,1833,1834,1835,-1,
1836,1837,1833,1832,-1,
1837,1838,1834,1833,-1,
1838,1839,1835,1834,-1,
1839,1836,1832,1835,-1,
1839,1838,1837,1836,-1,
1840,1841,1842,1843,-1,
1844,1845,1841,1840,-1,
1845,1846,1842,1841,-1,
1846,1847,1843,1842,-1,
1847,1844,1840,1843,-1,
1847,1846,1845,1844,-1,
1848,1849,1850,1851,-1,
1852,1853,1849,1848,-1,
1853,1854,1850,1849,-1,
1854,1855,1851,1850,-1,
1855,1852,1848,1851,-1,
1855,1854,1853,1852,-1,
1856,1857,1858,1859,-1,
1860,1861,1857,1856,-1,
1861,1862,1858,1857,-1,
1862,1863,1859,1858,-1,
1863,1860,1856,1859,-1,
1863,1862,1861,1860,-1,
1864,1865,1866,1867,-1,
1868,1869,1865,1864,-1,
1869,1870,1866,1865,-1,
1870,1871,1867,1866,-1,
1871,1868,1864,1867,-1,
1871,1870,1869,1868,-1,
1872,1873,1874,1875,-1,
1876,1877,1873,1872,-1,
1877,1878,1874,1873,-1,
1878,1879,1875,1874,-1,
1879,1876,1872,1875,-1,
1879,1878,1877,1876,-1,
1880,1881,1882,1883,-1,
1884,1885,1881,1880,-1,
1885,1886,1882,1881,-1,
1886,1887,1883,1882,-1,
1887,1884,1880,1883,-1,
1887,1886,1885,1884,-1,
1888,1889,1890,1891,-1,
1892,1893,1889,1888,-1,
1893,1894,1890,1889,-1,
1894,1895,1891,1890,-1,
1895,1892,1888,1891,-1,
1895,1894,1893,1892,-1,
1896,1897,1898,1899,-1,
1900,1901,1897,1896,-1,
1901,1902,1898,1897,-1,
1902,1903,1899,1898,-1,
1903,1900,1896,1899,-1,
1903,1902,1901,1900,-1,
1904,1905,1906,1907,-1,
1908,1909,1905,1904,-1,
1909,1910,1906,1905,-1,
1910,1911,1907,1906,-1,
1911,1908,1904,1907,-1,
1911,1910,1909,1908,-1,
1912,1913,1914,1915,-1,
1916,1917,1913,1912,-1,
1917,1918,1914,1913,-1,
1918,1919,1915,1914,-1,
1919,1916,1912,1915,-1,
1919,1918,1917,1916,-1,
1920,1921,1922,1923,-1,
1924,1925,1921,1920,-1,
1925,1926,1922,1921,-1,
1926,1927,1923,1922,-1,
1927,1924,1920,1923,-1,
1927,1926,1925,1924,-1,
1928,1929,1930,1931,-1,
1932,1933,1929,1928,-1,
1933,1934,1930,1929,-1,
1934,1935,1931,1930,-1,
1935,1932,1928,1931,-1,
1935,1934,1933,1932,-1,
1936,1937,1938,1939,-1,
1940,1941,1937,1936,-1,
1941,1942,1938,1937,-1,
1942,1943,1939,1938,-1,
1943,1940,1936,1939,-1,
1943,1942,1941,1940,-1,
1944,1945,1946,1947,-1,
1948,1949,1945,1944,-1,
1949,1950,1946,1945,-1,
1950,1951,1947,1946,-1,
1951,1948,1944,1947,-1,
1951,1950,1949,1948,-1,
1952,1953,1954,1955,-1,
1956,1957,1953,1952,-1,
1957,1958,1954,1953,-1,
1958,1959,1955,1954,-1,
1959,1956,1952,1955,-1,
1959,1958,1957,1956,-1,
1960,1961,1962,1963,-1,
1964,1965,1961,1960,-1,
1965,1966,1962,1961,-1,
1966,1967,1963,1962,-1,
1967,1964,1960,1963,-1,
1967,1966,1965,1964,-1,
1968,1969,1970,1971,-1,
1972,1973,1969,1968,-1,
1973,1974,1970,1969,-1,
1974,1975,1971,1970,-1,
1975,1972,1968,1971,-1,
1975,1974,1973,1972,-1,
1976,1977,1978,1979,-1,
1980,1981,1977,1976,-1,
1981,1982,1978,1977,-1,
1982,1983,1979,1978,-1,
1983,1980,1976,1979,-1,
1983,1982,1981,1980,-1,
1984,1985,1986,1987,-1,
1988,1989,1985,1984,-1,
1989,1990,1986,1985,-1,
1990,1991,1987,1986,-1,
1991,1988,1984,1987,-1,
1991,1990,1989,1988,-1,
1992,1993,1994,1995,-1,
1996,1997,1993,1992,-1,
1997,1998,1994,1993,-1,
1998,1999,1995,1994,-1,
1999,1996,1992,1995,-1,
1999,1998,1997,1996,-1,
2000,2001,2002,2003,-1,
2004,2005,2001,2000,-1,
2005,2006,2002,2001,-1,
2006,2007,2003,2002,-1,
2007,2004,2000,2003,-1,
2007,2006,2005,2004,-1,
2008,2009,2010,2011,-1,
2012,2013,2009,2008,-1,
2013,2014,2010,2009,-1,
2014,2015,2011,2010,-1,
2015,2012,2008,2011,-1,
2015,2014,2013,2012,-1,
2016,2017,2018,2019,-1,
2020,2021,2017,2016,-1,
2021,2022,2018,2017,-1,
2022,2023,2019,2018,-1,
2023,2020,2016,2019,-1,
2023,2022,2021,2020,-1,
2024,2025,2026,2027,-1,
2028,2029,2025,2024,-1,
2029,2030,2026,2025,-1,
2030,2031,2027,2026,-1,
2031,2028,2024,2027,-1,
2031,2030,2029,2028,-1,
2032,2033,2034,2035,-1,
2036,2037,2033,2032,-1,
2037,2038,2034,2033,-1,
2038,2039,2035,2034,-1,
2039,2036,2032,2035,-1,
2039,2038,2037,2036,-1,
2040,2041,2042,2043,-1,
2044,2045,2041,2040,-1,
2045,2046,2042,2041,-1,
2046,2047,2043,2042,-1,
2047,2044,2040,2043,-1,
2047,2046,2045,2044,-1,
2048,2049,2050,2051,-1,
2052,2053,2049,2048,-1,
2053,2054,2050,2049,-1,
2054,2055,2051,2050,-1,
2055,2052,2048,2051,-1,
2055,2054,2053,2052,-1,
2056,2057,2058,2059,-1,
2060,2061,2057,2056,-1,
2061,2062,2058,2057,-1,
2062,2063,2059,2058,-1,
2063,2060,2056,2059,-1,
2063,2062,2061,2060,-1,
2064,2065,2066,2067,-1,
2068,2069,2065,2064,-1,
2069,2070,2066,2065,-1,
2070,2071,2067,2066,-1,
2071,2068,2064,2067,-1,
2071,2070,2069,2068,-1,
2072,2073,2074,2075,-1,
2076,2077,2073,2072,-1,
2077,2078,2074,2073,-1,
2078,2079,2075,2074,-1,
2079,2076,2072,2075,-1,
2079,2078,2077,2076,-1,
2080,2081,2082,2083,-1,
2084,2085,2081,2080,-1,
2085,2086,2082,2081,-1,
2086,2087,2083,2082,-1,
2087,2084,2080,2083,-1,
2087,2086,2085,2084,-1,
2088,2089,2090,2091,-1,
2092,2093,2089,2088,-1,
2093,2094,2090,2089,-1,
2094,2095,2091,2090,-1,
2095,2092,2088,2091,-1,
2095,2094,2093,2092,-1,
2096,2097,2098,2099,-1,
2100,2101,2097,2096,-1,
2101,2102,2098,2097,-1,
2102,2103,2099,2098,-1,
2103,2100,2096,2099,-1,
2103,2102,2101,2100,-1,
2104,2105,2106,2107,-1,
2108,2109,2105,2104,-1,
2109,2110,2106,2105,-1,
2110,2111,2107,2106,-1,
2111,2108,2104,2107,-1,
2111,2110,2109,2108,-1,
2112,2113,2114,2115,-1,
2116,2117,2113,2112,-1,
2117,2118,2114,2113,-1,
2118,2119,2115,2114,-1,
2119,2116,2112,2115,-1,
2119,2118,2117,2116,-1,
2120,2121,2122,2123,-1,
2124,2125,2121,2120,-1,
2125,2126,2122,2121,-1,
2126,2127,2123,2122,-1,
2127,2124,2120,2123,-1,
2127,2126,2125,2124,-1,
2128,2129,2130,2131,-1,
2132,2133,2129,2128,-1,
2133,2134,2130,2129,-1,
2134,2135,2131,2130,-1,
2135,2132,2128,2131,-1,
2135,2134,2133,2132,-1,
2136,2137,2138,2139,-1,
2140,2141,2137,2136,-1,
2141,2142,2138,2137,-1,
2142,2143,2139,2138,-1,
2143,2140,2136,2139,-1,
2143,2142,2141,2140,-1,
2144,2145,2146,2147,-1,
2148,2149,2145,2144,-1,
2149,2150,2146,2145,-1,
2150,2151,2147,2146,-1,
2151,2148,2144,2147,-1,
2151,2150,2149,2148,-1,
2152,2153,2154,2155,-1,
2156,2157,2153,2152,-1,
2157,2158,2154,2153,-1,
2158,2159,2155,2154,-1,
2159,2156,2152,2155,-1,
2159,2158,2157,2156,-1,
2160,2161,2162,2163,-1,
2164,2165,2161,2160,-1,
2165,2166,2162,2161,-1,
2166,2167,2163,2162,-1,
2167,2164,2160,2163,-1,
2167,2166,2165,2164,-1,
2168,2169,2170,2171,-1,
2172,2173,2169,2168,-1,
2173,2174,2170,2169,-1,
2174,2175,2171,2170,-1,
2175,2172,2168,2171,-1,
2175,2174,2173,2172,-1,
2176,2177,2178,2179,-1,
2180,2181,2177,2176,-1,
2181,2182,2178,2177,-1,
2182,2183,2179,2178,-1,
2183,2180,2176,2179,-1,
2183,2182,2181,2180,-1,
2184,2185,2186,2187,-1,
2188,2189,2185,2184,-1,
2189,2190,2186,2185,-1,
2190,2191,2187,2186,-1,
2191,2188,2184,2187,-1,
2191,2190,2189,2188,-1,
2192,2193,2194,2195,-1,
2196,2197,2193,2192,-1,
2197,2198,2194,2193,-1,
2198,2199,2195,2194,-1,
2199,2196,2192,2195,-1,
2199,2198,2197,2196,-1,
2200,2201,2202,2203,-1,
2204,2205,2201,2200,-1,
2205,2206,2202,2201,-1,
2206,2207,2203,2202,-1,
2207,2204,2200,2203,-1,
2207,2206,2205,2204,-1,
2208,2209,2210,2211,-1,
2212,2213,2209,2208,-1,
2213,2214,2210,2209,-1,
2214,2215,2211,2210,-1,
2215,2212,2208,2211,-1,
2215,2214,2213,2212,-1,
2216,2217,2218,2219,-1,
2220,2221,2217,2216,-1,
2221,2222,2218,2217,-1,
2222,2223,2219,2218,-1,
2223,2220,2216,2219,-1,
2223,2222,2221,2220,-1,
2224,2225,2226,2227,-1,
2228,2229,2225,2224,-1,
2229,2230,2226,2225,-1,
2230,2231,2227,2226,-1,
2231,2228,2224,2227,-1,
2231,2230,2229,2228,-1,
2232,2233,2234,2235,-1,
2236,2237,2233,2232,-1,
2237,2238,2234,2233,-1,
2238,2239,2235,2234,-1,
2239,2236,2232,2235,-1,
2239,2238,2237,2236,-1,
2240,2241,2242,2243,-1,
2244,2245,2241,2240,-1,
2245,2246,2242,2241,-1,
2246,2247,2243,2242,-1,
2247,2244,2240,2243,-1,
2247,2246,2245,2244,-1,
2248,2249,2250,2251,-1,
2252,2253,2249,2248,-1,
2253,2254,2250,2249,-1,
2254,2255,2251,2250,-1,
2255,2252,2248,2251,-1,
2255,2254,2253,2252,-1,
2256,2257,2258,2259,-1,
2260,2261,2257,2256,-1,
2261,2262,2258,2257,-1,
2262,2263,2259,2258,-1,
2263,2260,2256,2259,-1,
2263,2262,2261,2260,-1,
2264,2265,2266,2267,-1,
2268,2269,2265,2264,-1,
2269,2270,2266,2265,-1,
2270,2271,2267,2266,-1,
2271,2268,2264,2267,-1,
2271,2270,2269,2268,-1,
2272,2273,2274,2275,-1,
2276,2277,2273,2272,-1,
2277,2278,2274,2273,-1,
2278,2279,2275,2274,-1,
2279,2276,2272,2275,-1,
2279,2278,2277,2276,-1,
2280,2281,2282,2283,-1,
2284,2285,2281,2280,-1,
2285,2286,2282,2281,-1,
2286,2287,2283,2282,-1,
2287,2284,2280,2283,-1,
2287,2286,2285,2284,-1,
2288,2289,2290,2291,-1,
2292,2293,2289,2288,-1,
2293,2294,2290,2289,-1,
2294,2295,2291,2290,-1,
2295,2292,2288,2291,-1,
2295,2294,2293,2292,-1,
2296,2297,2298,2299,-1,
2300,2301,2297,2296,-1,
2301,2302,2298,2297,-1,
2302,2303,2299,2298,-1,
2303,2300,2296,2299,-1,
2303,2302,2301,2300,-1,
2304,2305,2306,2307,-1,
2308,2309,2305,2304,-1,
2309,2310,2306,2305,-1,
2310,2311,2307,2306,-1,
2311,2308,2304,2307,-1,
2311,2310,2309,2308,-1,
2312,2313,2314,2315,-1,
2316,2317,2313,2312,-1,
2317,2318,2314,2313,-1,
2318,2319,2315,2314,-1,
2319,2316,2312,2315,-1,
2319,2318,2317,2316,-1,
2320,2321,2322,2323,-1,
2324,2325,2321,2320,-1,
2325,2326,2322,2321,-1,
2326,2327,2323,2322,-1,
2327,2324,2320,2323,-1,
2327,2326,2325,2324,-1,
2328,2329,2330,2331,-1,
2332,2333,2329,2328,-1,
2333,2334,2330,2329,-1,
2334,2335,2331,2330,-1,
2335,2332,2328,2331,-1,
2335,2334,2333,2332,-1,
2336,2337,2338,2339,-1,
2340,2341,2337,2336,-1,
2341,2342,2338,2337,-1,
2342,2343,2339,2338,-1,
2343,2340,2336,2339,-1,
2343,2342,2341,2340,-1,
2344,2345,2346,2347,-1,
2348,2349,2345,2344,-1,
2349,2350,2346,2345,-1,
2350,2351,2347,2346,-1,
2351,2348,2344,2347,-1,
2351,2350,2349,2348,-1,
2352,2353,2354,2355,-1,
2356,2357,2353,2352,-1,
2357,2358,2354,2353,-1,
2358,2359,2355,2354,-1,
2359,2356,2352,2355,-1,
2359,2358,2357,2356,-1,
2360,2361,2362,2363,-1,
2364,2365,2361,2360,-1,
2365,2366,2362,2361,-1,
2366,2367,2363,2362,-1,
2367,2364,2360,2363,-1,
2367,2366,2365,2364,-1,
2368,2369,2370,2371,-1,
2372,2373,2369,2368,-1,
2373,2374,2370,2369,-1,
2374,2375,2371,2370,-1,
2375,2372,2368,2371,-1,
2375,2374,2373,2372,-1,
2376,2377,2378,2379,-1,
2380,2381,2377,2376,-1,
2381,2382,2378,2377,-1,
2382,2383,2379,2378,-1,
2383,2380,2376,2379,-1,
2383,2382,2381,2380,-1,
2384,2385,2386,2387,-1,
2388,2389,2385,2384,-1,
2389,2390,2386,2385,-1,
2390,2391,2387,2386,-1,
2391,2388,2384,2387,-1,
2391,2390,2389,2388,-1,
2392,2393,2394,2395,-1,
2396,2397,2393,2392,-1,
2397,2398,2394,2393,-1,
2398,2399,2395,2394,-1,
2399,2396,2392,2395,-1,
2399,2398,2397,2396,-1,
2400,2401,2402,2403,-1,
2404,2405,2401,2400,-1,
2405,2406,2402,2401,-1,
2406,2407,2403,2402,-1,
2407,2404,2400,2403,-1,
2407,2406,2405,2404,-1,
2408,2409,2410,2411,-1,
2412,2413,2409,2408,-1,
2413,2414,2410,2409,-1,
2414,2415,2411,2410,-1,
2415,2412,2408,2411,-1,
2415,2414,2413,2412,-1,
2416,2417,2418,2419,-1,
2420,2421,2417,2416,-1,
2421,2422,2418,2417,-1,
2422,2423,2419,2418,-1,
2423,2420,2416,2419,-1,
2423,2422,2421,2420,-1,
2424,2425,2426,2427,-1,
2428,2429,2425,2424,-1,
2429,2430,2426,2425,-1,
2430,2431,2427,2426,-1,
2431,2428,2424,2427,-1,
2431,2430,2429,2428,-1,
2432,2433,2434,2435,-1,
2436,2437,2433,2432,-1,
2437,2438,2434,2433,-1,
2438,2439,2435,2434,-1,
2439,2436,2432,2435,-1,
2439,2438,2437,2436,-1,
2440,2441,2442,2443,-1,
2444,2445,2441,2440,-1,
2445,2446,2442,2441,-1,
2446,2447,2443,2442,-1,
2447,2444,2440,2443,-1,
2447,2446,2445,2444,-1,
2448,2449,2450,2451,-1,
2452,2453,2449,2448,-1,
2453,2454,2450,2449,-1,
2454,2455,2451,2450,-1,
2455,2452,2448,2451,-1,
2455,2454,2453,2452,-1,
2456,2457,2458,2459,-1,
2460,2461,2457,2456,-1,
2461,2462,2458,2457,-1,
2462,2463,2459,2458,-1,
2463,2460,2456,2459,-1,
2463,2462,2461,2460,-1,
2464,2465,2466,2467,-1,
2468,2469,2465,2464,-1,
2469,2470,2466,2465,-1,
2470,2471,2467,2466,-1,
2471,2468,2464,2467,-1,
2471,2470,2469,2468,-1,
2472,2473,2474,2475,-1,
2476,2477,2473,2472,-1,
2477,2478,2474,2473,-1,
2478,2479,2475,2474,-1,
2479,2476,2472,2475,-1,
2479,2478,2477,2476,-1,
2480,2481,2482,2483,-1,
2484,2485,2481,2480,-1,
2485,2486,2482,2481,-1,
2486,2487,2483,2482,-1,
2487,2484,2480,2483,-1,
2487,2486,2485,2484,-1,
2488,2489,2490,2491,-1,
2492,2493,2489,2488,-1,
2493,2494,2490,2489,-1,
2494,2495,2491,2490,-1,
2495,2492,2488,2491,-1,
2495,2494,2493,2492,-1,
2496,2497,2498,2499,-1,
2500,2501,2497,2496,-1,
2501,2502,2498,2497,-1,
2502,2503,2499,2498,-1,
2503,2500,2496,2499,-1,
2503,2502,2501,2500,-1,
2504,2505,2506,2507,-1,
2508,2509,2505,2504,-1,
2509,2510,2506,2505,-1,
2510,2511,2507,2506,-1,
2511,2508,2504,2507,-1,
2511,2510,2509,2508,-1,
2512,2513,2514,2515,-1,
2516,2517,2513,2512,-1,
2517,2518,2514,2513,-1,
2518,2519,2515,2514,-1,
2519,2516,2512,2515,-1,
2519,2518,2517,2516,-1,
2520,2521,2522,2523,-1,
2524,2525,2521,2520,-1,
2525,2526,2522,2521,-1,
2526,2527,2523,2522,-1,
2527,2524,2520,2523,-1,
2527,2526,2525,2524,-1,
2528,2529,2530,2531,-1,
2532,2533,2529,2528,-1,
2533,2534,2530,2529,-1,
2534,2535,2531,2530,-1,
2535,2532,2528,2531,-1,
2535,2534,2533,2532,-1,
2536,2537,2538,2539,-1,
2540,2541,2537,2536,-1,
2541,2542,2538,2537,-1,
2542,2543,2539,2538,-1,
2543,2540,2536,2539,-1,
2543,2542,2541,2540,-1,
2544,2545,2546,2547,-1,
2548,2549,2545,2544,-1,
2549,2550,2546,2545,-1,
2550,2551,2547,2546,-1,
2551,2548,2544,2547,-1,
2551,2550,2549,2548,-1,
2552,2553,2554,2555,-1,
2556,2557,2553,2552,-1,
2557,2558,2554,2553,-1,
2558,2559,2555,2554,-1,
2559,2556,2552,2555,-1,
2559,2558,2557,2556,-1,
2560,2561,2562,2563,-1,
2564,2565,2561,2560,-1,
2565,2566,2562,2561,-1,
2566,2567,2563,2562,-1,
2567,2564,2560,2563,-1,
2567,2566,2565,2564,-1,
2568,2569,2570,2571,-1,
2572,2573,2569,2568,-1,
2573,2574,2570,2569,-1,
2574,2575,2571,2570,-1,
2575,2572,2568,2571,-1,
2575,2574,2573,2572,-1,
2576,2577,2578,2579,-1,
2580,2581,2577,2576,-1,
2581,2582,2578,2577,-1,
2582,2583,2579,2578,-1,
2583,2580,2576,2579,-1,
2583,2582,2581,2580,-1,
2584,2585,2586,2587,-1,
2588,2589,2585,2584,-1,
2589,2590,2586,2585,-1,
2590,2591,2587,2586,-1,
2591,2588,2584,2587,-1,
2591,2590,2589,2588,-1,
2592,2593,2594,2595,-1,
2596,2597,2593,2592,-1,
2597,2598,2594,2593,-1,
2598,2599,2595,2594,-1,
2599,2596,2592,2595,-1,
2599,2598,2597,2596,-1,
2600,2601,2602,2603,-1,
2604,2605,2601,2600,-1,
2605,2606,2602,2601,-1,
2606,2607,2603,2602,-1,
2607,2604,2600,2603,-1,
2607,2606,2605,2604,-1,
2608,2609,2610,2611,-1,
2612,2613,2609,2608,-1,
2613,2614,2610,2609,-1,
2614,2615,2611,2610,-1,
2615,2612,2608,2611,-1,
2615,2614,2613,2612,-1,
2616,2617,2618,2619,-1,
2620,2621,2617,2616,-1,
2621,2622,2618,2617,-1,
2622,2623,2619,2618,-1,
2623,2620,2616,2619,-1,
2623,2622,2621,2620,-1,
2624,2625,2626,2627,-1,
2628,2629,2625,2624,-1,
2629,2630,2626,2625,-1,
2630,2631,2627,2626,-1,
2631,2628,2624,2627,-1,
2631,2630,2629,2628,-1,
2632,2633,2634,2635,-1,
2636,2637,2633,2632,-1,
2637,2638,2634,2633,-1,
2638,2639,2635,2634,-1,
2639,2636,2632,2635,-1,
2639,2638,2637,2636,-1,
2640,2641,2642,2643,-1,
2644,2645,2641,2640,-1,
2645,2646,2642,2641,-1,
2646,2647,2643,2642,-1,
2647,2644,2640,2643,-1,
2647,2646,2645,2644,-1,
2648,2649,2650,2651,-1,
2652,2653,2649,2648,-1,
2653,2654,2650,2649,-1,
2654,2655,2651,2650,-1,
2655,2652,2648,2651,-1,
2655,2654,2653,2652,-1,
2656,2657,2658,2659,-1,
2660,2661,2657,2656,-1,
2661,2662,2658,2657,-1,
2662,2663,2659,2658,-1,
2663,2660,2656,2659,-1,
2663,2662,2661,2660,-1,
2664,2665,2666,2667,-1,
2668,2669,2665,2664,-1,
2669,2670,2666,2665,-1,
2670,2671,2667,2666,-1,
2671,2668,2664,2667,-1,
2671,2670,2669,2668,-1,
2672,2673,2674,2675,-1,
2676,2677,2673,2672,-1,
2677,2678,2674,2673,-1,
2678,2679,2675,2674,-1,
2679,2676,2672,2675,-1,
2679,2678,2677,2676,-1,
2680,2681,2682,2683,-1,
2684,2685,2681,2680,-1,
2685,2686,2682,2681,-1,
2686,2687,2683,2682,-1,
2687,2684,2680,2683,-1,
2687,2686,2685,2684,-1,
2688,2689,2690,2691,-1,
2692,2693,2689,2688,-1,
2693,2694,2690,2689,-1,
2694,2695,2691,2690,-1,
2695,2692,2688,2691,-1,
2695,2694,2693,2692,-1,
2696,2697,2698,2699,-1,
2700,2701,2697,2696,-1,
2701,2702,2698,2697,-1,
2702,2703,2699,2698,-1,
2703,2700,2696,2699,-1,
2703,2702,2701,2700,-1,
2704,2705,2706,2707,-1,
2708,2709,2705,2704,-1,
2709,2710,2706,2705,-1,
2710,2711,2707,2706,-1,
2711,2708,2704,2707,-1,
2711,2710,2709,2708,-1,
2712,2713,2714,2715,-1,
2716,2717,2713,2712,-1,
2717,2718,2714,2713,-1,
2718,2719,2715,2714,-1,
2719,2716,2712,2715,-1,
2719,2718,2717,2716,-1,
2720,2721,2722,2723,-1,
2724,2725,2721,2720,-1,
2725,2726,2722,2721,-1,
2726,2727,2723,2722,-1,
2727,2724,2720,2723,-1,
2727,2726,2725,2724,-1,
2728,2729,2730,2731,-1,
2732,2733,2729,2728,-1,
2733,2734,2730,2729,-1,
2734,2735,2731,2730,-1,
2735,2732,2728,2731,-1,
2735,2734,2733,2732,-1,
2736,2737,2738,2739,-1,
2740,2741,2737,2736,-1,
2741,2742,2738,2737,-1,
2742,2743,2739,2738,-1,
2743,2740,2736,2739,-1,
2743,2742,2741,2740,-1,
2744,2745,2746,2747,-1,
2748,2749,2745,2744,-1,
2749,2750,2746,2745,-1,
2750,2751,2747,2746,-1,
2751,2748,2744,2747,-1,
2751,2750,2749,2748,-1,
2752,2753,2754,2755,-1,
2756,2757,2753,2752,-1,
2757,2758,2754,2753,-1,
2758,2759,2755,2754,-1,
2759,2756,2752,2755,-1,
2759,2758,2757,2756,-1,
2760,2761,2762,2763,-1,
2764,2765,2761,2760,-1,
2765,2766,2762,2761,-1,
2766,2767,2763,2762,-1,
2767,2764,2760,2763,-1,
2767,2766,2765,2764,-1,
2768,2769,2770,2771,-1,
2772,2773,2769,2768,-1,
2773,2774,2770,2769,-1,
2774,2775,2771,2770,-1,
2775,2772,2768,2771,-1,
2775,2774,2773,2772,-1,
2776,2777,2778,2779,-1,
2780,2781,2777,2776,-1,
2781,2782,2778,2777,-1,
2782,2783,2779,2778,-1,
2783,2780,2776,2779,-1,
2783,2782,2781,2780,-1,
2784,2785,2786,2787,-1,
2788,2789,2785,2784,-1,
2789,2790,2786,2785,-1,
2790,2791,2787,2786,-1,
2791,2788,2784,2787,-1,
2791,2790,2789,2788,-1,
2792,2793,2794,2795,-1,
2796,2797,2793,2792,-1,
2797,2798,2794,2793,-1,
2798,2799,2795,2794,-1,
2799,2796,2792,2795,-1,
2799,2798,2797,2796,-1,
2800,2801,2802,2803,-1,
2804,2805,2801,2800,-1,
2805,2806,2802,2801,-1,
2806,2807,2803,2802,-1,
2807,2804,2800,2803,-1,
2807,2806,2805,2804,-1,
2808,2809,2810,2811,-1,
2812,2813,2809,2808,-1,
2813,2814,2810,2809,-1,
2814,2815,2811,2810,-1,
2815,2812,2808,2811,-1,
2815,2814,2813,2812,-1,
2816,2817,2818,2819,-1,
2820,2821,2817,2816,-1,
2821,2822,2818,2817,-1,
2822,2823,2819,2818,-1,
2823,2820,2816,2819,-1,
2823,2822,2821,2820,-1,
2824,2825,2826,2827,-1,
2828,2829,2825,2824,-1,
2829,2830,2826,2825,-1,
2830,2831,2827,2826,-1,
2831,2828,2824,2827,-1,
2831,2830,2829,2828,-1,
2832,2833,2834,2835,-1,
2836,2837,2833,2832,-1,
2837,2838,2834,2833,-1,
2838,2839,2835,2834,-1,
2839,2836,2832,2835,-1,
2839,2838,2837,2836,-1,
2840,2841,2842,2843,-1,
2844,2845,2841,2840,-1,
2845,2846,2842,2841,-1,
2846,2847,2843,2842,-1,
2847,2844,2840,2843,-1,
2847,2846,2845,2844,-1,
2848,2849,2850,2851,-1,
2852,2853,2849,2848,-1,
2853,2854,2850,2849,-1,
2854,2855,2851,2850,-1,
2855,2852,2848,2851,-1,
2855,2854,2853,2852,-1,
2856,2857,2858,2859,-1,
2860,2861,2857,2856,-1,
2861,2862,2858,2857,-1,
2862,2863,2859,2858,-1,
2863,2860,2856,2859,-1,
2863,2862,2861,2860,-1,
2864,2865,2866,2867,-1,
2868,2869,2865,2864,-1,
2869,2870,2866,2865,-1,
2870,2871,2867,2866,-1,
2871,2868,2864,2867,-1,
2871,2870,2869,2868,-1,
2872,2873,2874,2875,-1,
2876,2877,2873,2872,-1,
2877,2878,2874,2873,-1,
2878,2879,2875,2874,-1,
2879,2876,2872,2875,-1,
2879,2878,2877,2876,-1,
2880,2881,2882,2883,-1,
2884,2885,2881,2880,-1,
2885,2886,2882,2881,-1,
2886,2887,2883,2882,-1,
2887,2884,2880,2883,-1,
2887,2886,2885,2884,-1,
2888,2889,2890,2891,-1,
2892,2893,2889,2888,-1,
2893,2894,2890,2889,-1,
2894,2895,2891,2890,-1,
2895,2892,2888,2891,-1,
2895,2894,2893,2892,-1,
2896,2897,2898,2899,-1,
2900,2901,2897,2896,-1,
2901,2902,2898,2897,-1,
2902,2903,2899,2898,-1,
2903,2900,2896,2899,-1,
2903,2902,2901,2900,-1,
2904,2905,2906,2907,-1,
2908,2909,2905,2904,-1,
2909,2910,2906,2905,-1,
2910,2911,2907,2906,-1,
2911,2908,2904,2907,-1,
2911,2910,2909,2908,-1,
2912,2913,2914,2915,-1,
2916,2917,2913,2912,-1,
2917,2918,2914,2913,-1,
2918,2919,2915,2914,-1,
2919,2916,2912,2915,-1,
2919,2918,2917,2916,-1,
2920,2921,2922,2923,-1,
2924,2925,2921,2920,-1,
2925,2926,2922,2921,-1,
2926,2927,2923,2922,-1,
2927,2924,2920,2923,-1,
2927,2926,2925,2924,-1,
2928,2929,2930,2931,-1,
2932,2933,2929,2928,-1,
2933,2934,2930,2929,-1,
2934,2935,2931,2930,-1,
2935,2932,2928,2931,-1,
2935,2934,2933,2932,-1,
2936,2937,2938,2939,-1,
2940,2941,2937,2936,-1,
2941,2942,2938,2937,-1,
2942,2943,2939,2938,-1,
2943,2940,2936,2939,-1,
2943,2942,2941,2940,-1,
2944,2945,2946,2947,-1,
2948,2949,2945,2944,-1,
2949,2950,2946,2945,-1,
2950,2951,2947,2946,-1,
2951,2948,2944,2947,-1,
2951,2950,2949,2948,-1,
2952,2953,2954,2955,-1,
2956,2957,2953,2952,-1,
2957,2958,2954,2953,-1,
2958,2959,2955,2954,-1,
2959,2956,2952,2955,-1,
2959,2958,2957,2956,-1,
2960,2961,2962,2963,-1,
2964,2965,2961,2960,-1,
2965,2966,2962,2961,-1,
2966,2967,2963,2962,-1,
2967,2964,2960,2963,-1,
2967,2966,2965,2964,-1,
2968,2969,2970,2971,-1,
2972,2973,2969,2968,-1,
2973,2974,2970,2969,-1,
2974,2975,2971,2970,-1,
2975,2972,2968,2971,-1,
2975,2974,2973,2972,-1,
2976,2977,2978,2979,-1,
2980,2981,2977,2976,-1,
2981,2982,2978,2977,-1,
2982,2983,2979,2978,-1,
2983,2980,2976,2979,-1,
2983,2982,2981,2980,-1,
2984,2985,2986,2987,-1,
2988,2989,2985,2984,-1,
2989,2990,2986,2985,-1,
2990,2991,2987,2986,-1,
2991,2988,2984,2987,-1,
2991,2990,2989,2988,-1,
2992,2993,2994,2995,-1,
2996,2997,2993,2992,-1,
2997,2998,2994,2993,-1,
2998,2999,2995,2994,-1,
2999,2996,2992,2995,-1,
2999,2998,2997,2996,-1,
3000,3001,3002,3003,-1,
3004,3005,3001,3000,-1,
3005,3006,3002,3001,-1,
3006,3007,3003,3002,-1,
3007,3004,3000,3003,-1,
3007,3006,3005,3004,-1,
3008,3009,3010,3011,-1,
3012,3013,3009,3008,-1,
3013,3014,3010,3009,-1,
3014,3015,3011,3010,-1,
3015,3012,3008,3011,-1,
3015,3014,3013,3012,-1,
3016,3017,3018,3019,-1,
3020,3021,3017,3016,-1,
3021,3022,3018,3017,-1,
3022,3023,3019,3018,-1,
3023,3020,3016,3019,-1,
3023,3022,3021,3020,-1,
3024,3025,3026,3027,-1,
3028,3029,3025,3024,-1,
3029,3030,3026,3025,-1,
3030,3031,3027,3026,-1,
3031,3028,3024,3027,-1,
3031,3030,3029,3028,-1,
3032,3033,3034,3035,-1,
3036,3037,3033,3032,-1,
3037,3038,3034,3033,-1,
3038,3039,3035,3034,-1,
3039,3036,3032,3035,-1,
3039,3038,3037,3036,-1,
3040,3041,3042,3043,-1,
3044,3045,3041,3040,-1,
3045,3046,3042,3041,-1,
3046,3047,3043,3042,-1,
3047,3044,3040,3043,-1,
3047,3046,3045,3044,-1,
3048,3049,3050,3051,-1,
3052,3053,3049,3048,-1,
3053,3054,3050,3049,-1,
3054,3055,3051,3050,-1,
3055,3052,3048,3051,-1,
3055,3054,3053,3052,-1,
3056,3057,3058,3059,-1,
3060,3061,3057,3056,-1,
3061,3062,3058,3057,-1,
3062,3063,3059,3058,-1,
3063,3060,3056,3059,-1,
3063,3062,3061,3060,-1,
3064,3065,3066,3067,-1,
3068,3069,3065,3064,-1,
3069,3070,3066,3065,-1,
3070,3071,3067,3066,-1,
3071,3068,3064,3067,-1,
3071,3070,3069,3068,-1,
3072,3073,3074,3075,-1,
3076,3077,3073,3072,-1,
3077,3078,3074,3073,-1,
3078,3079,3075,3074,-1,
3079,3076,3072,3075,-1,
3079,3078,3077,3076,-1,
3080,3081,3082,3083,-1,
3084,3085,3081,3080,-1,
3085,3086,3082,3081,-1,
3086,3087,3083,3082,-1,
3087,3084,3080,3083,-1,
3087,3086,3085,3084,-1,
3088,3089,3090,3091,-1,
3092,3093,3089,3088,-1,
3093,3094,3090,3089,-1,
3094,3095,3091,3090,-1,
3095,3092,3088,3091,-1,
3095,3094,3093,3092,-1,
3096,3097,3098,3099,-1,
3100,3101,3097,3096,-1,
3101,3102,3098,3097,-1,
3102,3103,3099,3098,-1,
3103,3100,3096,3099,-1,
3103,3102,3101,3100,-1,
3104,3105,3106,3107,-1,
3108,3109,3105,3104,-1,
3109,3110,3106,3105,-1,
3110,3111,3107,3106,-1,
3111,3108,3104,3107,-1,
3111,3110,3109,3108,-1,
3112,3113,3114,3115,-1,
3116,3117,3113,3112,-1,
3117,3118,3114,3113,-1,
3118,3119,3115,3114,-1,
3119,3116,3112,3115,-1,
3119,3118,3117,3116,-1,
3120,3121,3122,3123,-1,
3124,3125,3121,3120,-1,
3125,3126,3122,3121,-1,
3126,3127,3123,3122,-1,
3127,3124,3120,3123,-1,
3127,3126,3125,3124,-1,
3128,3129,3130,3131,-1,
3132,3133,3129,3128,-1,
3133,3134,3130,3129,-1,
3134,3135,3131,3130,-1,
3135,3132,3128,3131,-1,
3135,3134,3133,3132,-1,
3136,3137,3138,3139,-1,
3140,3141,3137,3136,-1,
3141,3142,3138,3137,-1,
3142,3143,3139,3138,-1,
3143,3140,3136,3139,-1,
3143,3142,3141,3140,-1,
3144,3145,3146,3147,-1,
3148,3149,3145,3144,-1,
3149,3150,3146,3145,-1,
3150,3151,3147,3146,-1,
3151,3148,3144,3147,-1,
3151,3150,3149,3148,-1,
3152,3153,3154,3155,-1,
3156,3157,3153,3152,-1,
3157,3158,3154,3153,-1,
3158,3159,3155,3154,-1,
3159,3156,3152,3155,-1,
3159,3158,3157,3156,-1,
3160,3161,3162,3163,-1,
3164,3165,3161,3160,-1,
3165,3166,3162,3161,-1,
3166,3167,3163,3162,-1,
3167,3164,3160,3163,-1,
3167,3166,3165,3164,-1,
3168,3169,3170,3171,-1,
3172,3173,3169,3168,-1,
3173,3174,3170,3169,-1,
3174,3175,3171,3170,-1,
3175,3172,3168,3171,-1,
3175,3174,3173,3172,-1,
3176,3177,3178,3179,-1,
3180,3181,3177,3176,-1,
3181,3182,3178,3177,-1,
3182,3183,3179,3178,-1,
3183,3180,3176,3179,-1,
3183,3182,3181,3180,-1,
3184,3185,3186,3187,-1,
3188,3189,3185,3184,-1,
3189,3190,3186,3185,-1,
3190,3191,3187,3186,-1,
3191,3188,3184,3187,-1,
3191,3190,3189,3188,-1,
3192,3193,3194,3195,-1,
3196,3197,3193,3192,-1,
3197,3198,3194,3193,-1,
3198,3199,3195,3194,-1,
3199,3196,3192,3195,-1,
3199,3198,3197,3196,-1,
3200,3201,3202,3203,-1,
3204,3205,3201,3200,-1,
3205,3206,3202,3201,-1,
3206,3207,3203,3202,-1,
3207,3204,3200,3203,-1,
3207,3206,3205,3204,-1,
3208,3209,3210,3211,-1,
3212,3213,3209,3208,-1,
3213,3214,3210,3209,-1,
3214,3215,3211,3210,-1,
3215,3212,3208,3211,-1,
3215,3214,3213,3212,-1,
3216,3217,3218,3219,-1,
3220,3221,3217,3216,-1,
3221,3222,3218,3217,-1,
3222,3223,3219,3218,-1,
3223,3220,3216,3219,-1,
3223,3222,3221,3220,-1,
3224,3225,3226,3227,-1,
3228,3229,3225,3224,-1,
3229,3230,3226,3225,-1,
3230,3231,3227,3226,-1,
3231,3228,3224,3227,-1,
3231,3230,3229,3228,-1,
3232,3233,3234,3235,-1,
3236,3237,3233,3232,-1,
3237,3238,3234,3233,-1,
3238,3239,3235,3234,-1,
3239,3236,3232,3235,-1,
3239,3238,3237,3236,-1,
3240,3241,3242,3243,-1,
3244,3245,3241,3240,-1,
3245,3246,3242,3241,-1,
3246,3247,3243,3242,-1,
3247,3244,3240,3243,-1,
3247,3246,3245,3244,-1,
3248,3249,3250,3251,-1,
3252,3253,3249,3248,-1,
3253,3254,3250,3249,-1,
3254,3255,3251,3250,-1,
3255,3252,3248,3251,-1,
3255,3254,3253,3252,-1,
3256,3257,3258,3259,-1,
3260,3261,3257,3256,-1,
3261,3262,3258,3257,-1,
3262,3263,3259,3258,-1,
3263,3260,3256,3259,-1,
3263,3262,3261,3260,-1,
3264,3265,3266,3267,-1,
3268,3269,3265,3264,-1,
3269,3270,3266,3265,-1,
3270,3271,3267,3266,-1,
3271,3268,3264,3267,-1,
3271,3270,3269,3268,-1,
3272,3273,3274,3275,-1,
3276,3277,3273,3272,-1,
3277,3278,3274,3273,-1,
3278,3279,3275,3274,-1,
3279,3276,3272,3275,-1,
3279,3278,3277,3276,-1,
3280,3281,3282,3283,-1,
3284,3285,3281,3280,-1,
3285,3286,3282,3281,-1,
3286,3287,3283,3282,-1,
3287,3284,3280,3283,-1,
3287,3286,3285,3284,-1,
3288,3289,3290,3291,-1,
3292,3293,3289,3288,-1,
3293,3294,3290,3289,-1,
3294,3295,3291,3290,-1,
3295,3292,3288,3291,-1,
3295,3294,3293,3292,-1,
3296,3297,3298,3299,-1,
3300,3301,3297,3296,-1,
3301,3302,3298,3297,-1,
3302,3303,3299,3298,-1,
3303,3300,3296,3299,-1,
3303,3302,3301,3300,-1,
3304,3305,3306,3307,-1,
3308,3309,3305,3304,-1,
3309,3310,3306,3305,-1,
3310,3311,3307,3306,-1,
3311,3308,3304,3307,-1,
3311,3310,3309,3308,-1,
3312,3313,3314,3315,-1,
3316,3317,3313,3312,-1,
3317,3318,3314,3313,-1,
3318,3319,3315,3314,-1,
3319,3316,3312,3315,-1,
3319,3318,3317,3316,-1,
3320,3321,3322,3323,-1,
3324,3325,3321,3320,-1,
3325,3326,3322,3321,-1,
3326,3327,3323,3322,-1,
3327,3324,3320,3323,-1,
3327,3326,3325,3324,-1,
3328,3329,3330,3331,-1,
3332,3333,3329,3328,-1,
3333,3334,3330,3329,-1,
3334,3335,3331,3330,-1,
3335,3332,3328,3331,-1,
3335,3334,3333,3332,-1,
3336,3337,3338,3339,-1,
3340,3341,3337,3336,-1,
3341,3342,3338,3337,-1,
3342,3343,3339,3338,-1,
3343,3340,3336,3339,-1,
3343,3342,3341,3340,-1,
3344,3345,3346,3347,-1,
3348,3349,3345,3344,-1,
3349,3350,3346,3345,-1,
3350,3351,3347,3346,-1,
3351,3348,3344,3347,-1,
3351,3350,3349,3348,-1,
3352,3353,3354,3355,-1,
3356,3357,3353,3352,-1,
3357,3358,3354,3353,-1,
3358,3359,3355,3354,-1,
3359,3356,3352,3355,-1,
3359,3358,3357,3356,-1,
3360,3361,3362,3363,-1,
3364,3365,3361,3360,-1,
3365,3366,3362,3361,-1,
3366,3367,3363,3362,-1,
3367,3364,3360,3363,-1,
3367,3366,3365,3364,-1,
3368,3369,3370,3371,-1,
3372,3373,3369,3368,-1,
3373,3374,3370,3369,-1,
3374,3375,3371,3370,-1,
3375,3372,3368,3371,-1,
3375,3374,3373,3372,-1,
] } }
Shape { appearance Appearance { material Material { diffuseColor 0.03 0.11 0.1 specularColor 0.3 0.3 0.3 shininess 0.15 } }
geometry IndexedFaceSet { solid FALSE creaseAngle 0.6 coord Coordinate { point [
-4.562992 -18.673228 3.070866,
-4.575066 -18.764936 3.070866,
-4.610463 -18.850394 3.070866,
-4.666773 -18.923778 3.070866,
-4.740157 -18.980088 3.070866,
-4.825615 -19.015486 3.070866,
-4.917323 -19.027559 3.070866,
-17.082677 -19.027559 3.070866,
-17.174385 -19.015486 3.070866,
-17.259843 -18.980088 3.070866,
-17.333227 -18.923778 3.070866,
-17.389537 -18.850394 3.070866,
-17.424934 -18.764936 3.070866,
-17.437008 -18.673228 3.070866,
-17.437008 20.145669 3.070866,
-17.424934 20.237377 3.070866,
-17.389537 20.322835 3.070866,
-17.333227 20.396219 3.070866,
-17.259843 20.452529 3.070866,
-17.174385 20.487926 3.070866,
-17.082677 20.500000 3.070866,
-4.917323 20.500000 3.070866,
-4.825615 20.487926 3.070866,
-4.740157 20.452529 3.070866,
-4.666773 20.396219 3.070866,
-4.610463 20.322835 3.070866,
-4.575066 20.237377 3.070866,
-4.562992 20.145669 3.070866,
-4.562992 -18.673228 3.188976,
-4.575066 -18.764936 3.188976,
-4.610463 -18.850394 3.188976,
-4.666773 -18.923778 3.188976,
-4.740157 -18.980088 3.188976,
-4.825615 -19.015486 3.188976,
-4.917323 -19.027559 3.188976,
-17.082677 -19.027559 3.188976,
-17.174385 -19.015486 3.188976,
-17.259843 -18.980088 3.188976,
-17.333227 -18.923778 3.188976,
-17.389537 -18.850394 3.188976,
-17.424934 -18.764936 3.188976,
-17.437008 -18.673228 3.188976,
-17.437008 20.145669 3.188976,
-17.424934 20.237377 3.188976,
-17.389537 20.322835 3.188976,
-17.333227 20.396219 3.188976,
-17.259843 20.452529 3.188976,
-17.174385 20.487926 3.188976,
-17.082677 20.500000 3.188976,
-4.917323 20.500000 3.188976,
-4.825615 20.487926 3.188976,
-4.740157 20.452529 3.188976,
-4.666773 20.396219 3.188976,
-4.610463 20.322835 3.188976,
-4.575066 20.237377 3.188976,
-4.562992 20.145669 3.188976,
-16.602362 15.783465 3.433071,
-14.397638 15.783465 3.433071,
-14.397638 15.216535 3.433071,
-16.602362 15.216535 3.433071,
-16.602362 15.783465 3.472441,
-14.397638 15.783465 3.472441,
-14.397638 15.216535 3.472441,
-16.602362 15.216535 3.472441,
-16.602362 14.783465 3.433071,
-14.397638 14.783465 3.433071,
-14.397638 14.216535 3.433071,
-16.602362 14.216535 3.433071,
-16.602362 14.783465 3.472441,
-14.397638 14.783465 3.472441,
-14.397638 14.216535 3.472441,
-16.602362 14.216535 3.472441,
-16.602362 13.783465 3.433071,
-14.397638 13.783465 3.433071,
-14.397638 13.216535 3.433071,
-16.602362 13.216535 3.433071,
-16.602362 13.783465 3.472441,
-14.397638 13.783465 3.472441,
-14.397638 13.216535 3.472441,
-16.602362 13.216535 3.472441,
-16.602362 12.783465 3.433071,
-14.397638 12.783465 3.433071,
-14.397638 12.216535 3.433071,
-16.602362 12.216535 3.433071,
-16.602362 12.783465 3.472441,
-14.397638 12.783465 3.472441,
-14.397638 12.216535 3.472441,
-16.602362 12.216535 3.472441,
-16.602362 11.783465 3.433071,
-14.397638 11.783465 3.433071,
-14.397638 11.216535 3.433071,
-16.602362 11.216535 3.433071,
-16.602362 11.783465 3.472441,
-14.397638 11.783465 3.472441,
-14.397638 11.216535 3.472441,
-16.602362 11.216535 3.472441,
-16.602362 10.783465 3.433071,
-14.397638 10.783465 3.433071,
-14.397638 10.216535 3.433071,
-16.602362 10.216535 3.433071,
-16.602362 10.783465 3.472441,
-14.397638 10.783465 3.472441,
-14.397638 10.216535 3.472441,
-16.602362 10.216535 3.472441,
-16.602362 9.783465 3.433071,
-14.397638 9.783465 3.433071,
-14.397638 9.216535 3.433071,
-16.602362 9.216535 3.433071,
-16.602362 9.783465 3.472441,
-14.397638 9.783465 3.472441,
-14.397638 9.216535 3.472441,
-16.602362 9.216535 3.472441,
-16.602362 8.783465 3.433071,
-14.397638 8.783465 3.433071,
-14.397638 8.216535 3.433071,
-16.602362 8.216535 3.433071,
-16.602362 8.783465 3.472441,
-14.397638 8.783465 3.472441,
-14.397638 8.216535 3.472441,
-16.602362 8.216535 3.472441,
-16.602362 7.783465 3.433071,
-14.397638 7.783465 3.433071,
-14.397638 7.216535 3.433071,
-16.602362 7.216535 3.433071,
-16.602362 7.783465 3.472441,
-14.397638 7.783465 3.472441,
-14.397638 7.216535 3.472441,
-16.602362 7.216535 3.472441,
-16.602362 6.783465 3.433071,
-14.397638 6.783465 3.433071,
-14.397638 6.216535 3.433071,
-16.602362 6.216535 3.433071,
-16.602362 6.783465 3.472441,
-14.397638 6.783465 3.472441,
-14.397638 6.216535 3.472441,
-16.602362 6.216535 3.472441,
-16.602362 5.783465 3.433071,
-14.397638 5.783465 3.433071,
-14.397638 5.216535 3.433071,
-16.602362 5.216535 3.433071,
-16.602362 5.783465 3.472441,
-14.397638 5.783465 3.472441,
-14.397638 5.216535 3.472441,
-16.602362 5.216535 3.472441,
-16.602362 4.783465 3.433071,
-14.397638 4.783465 3.433071,
-14.397638 4.216535 3.433071,
-16.602362 4.216535 3.433071,
-16.602362 4.783465 3.472441,
-14.397638 4.783465 3.472441,
-14.397638 4.216535 3.472441,
-16.602362 4.216535 3.472441,
-16.602362 3.783465 3.433071,
-14.397638 3.783465 3.433071,
-14.397638 3.216535 3.433071,
-16.602362 3.216535 3.433071,
-16.602362 3.783465 3.472441,
-14.397638 3.783465 3.472441,
-14.397638 3.216535 3.472441,
-16.602362 3.216535 3.472441,
-16.602362 2.783465 3.433071,
-14.397638 2.783465 3.433071,
-14.397638 2.216535 3.433071,
-16.602362 2.216535 3.433071,
-16.602362 2.783465 3.472441,
-14.397638 2.783465 3.472441,
-14.397638 2.216535 3.472441,
-16.602362 2.216535 3.472441,
-16.602362 1.783465 3.433071,
-14.397638 1.783465 3.433071,
-14.397638 1.216535 3.433071,
-16.602362 1.216535 3.433071,
-16.602362 1.783465 3.472441,
-14.397638 1.783465 3.472441,
-14.397638 1.216535 3.472441,
-16.602362 1.216535 3.472441,
-16.602362 0.783465 3.433071,
-14.397638 0.783465 3.433071,
-14.397638 0.216535 3.433071,
-16.602362 0.216535 3.433071,
-16.602362 0.783465 3.472441,
-14.397638 0.783465 3.472441,
-14.397638 0.216535 3.472441,
-16.602362 0.216535 3.472441,
-16.602362 -0.216535 3.433071,
-14.397638 -0.216535 3.433071,
-14.397638 -0.783465 3.433071,
-16.602362 -0.783465 3.433071,
-16.602362 -0.216535 3.472441,
-14.397638 -0.216535 3.472441,
-14.397638 -0.783465 3.472441,
-16.602362 -0.783465 3.472441,
-16.602362 -1.216535 3.433071,
-14.397638 -1.216535 3.433071,
-14.397638 -1.783465 3.433071,
-16.602362 -1.783465 3.433071,
-16.602362 -1.216535 3.472441,
-14.397638 -1.216535 3.472441,
-14.397638 -1.783465 3.472441,
-16.602362 -1.783465 3.472441,
-16.602362 -2.216535 3.433071,
-14.397638 -2.216535 3.433071,
-14.397638 -2.783465 3.433071,
-16.602362 -2.783465 3.433071,
-16.602362 -2.216535 3.472441,
-14.397638 -2.216535 3.472441,
-14.397638 -2.783465 3.472441,
-16.602362 -2.783465 3.472441,
-16.602362 -3.216535 3.433071,
-14.397638 -3.216535 3.433071,
-14.397638 -3.783465 3.433071,
-16.602362 -3.783465 3.433071,
-16.602362 -3.216535 3.472441,
-14.397638 -3.216535 3.472441,
-14.397638 -3.783465 3.472441,
-16.602362 -3.783465 3.472441,
-16.602362 -4.216535 3.433071,
-14.397638 -4.216535 3.433071,
-14.397638 -4.783465 3.433071,
-16.602362 -4.783465 3.433071,
-16.602362 -4.216535 3.472441,
-14.397638 -4.216535 3.472441,
-14.397638 -4.783465 3.472441,
-16.602362 -4.783465 3.472441,
-16.602362 -5.216535 3.433071,
-14.397638 -5.216535 3.433071,
-14.397638 -5.783465 3.433071,
-16.602362 -5.783465 3.433071,
-16.602362 -5.216535 3.472441,
-14.397638 -5.216535 3.472441,
-14.397638 -5.783465 3.472441,
-16.602362 -5.783465 3.472441,
-16.602362 -6.216535 3.433071,
-14.397638 -6.216535 3.433071,
-14.397638 -6.783465 3.433071,
-16.602362 -6.783465 3.433071,
-16.602362 -6.216535 3.472441,
-14.397638 -6.216535 3.472441,
-14.397638 -6.783465 3.472441,
-16.602362 -6.783465 3.472441,
-16.602362 -7.216535 3.433071,
-14.397638 -7.216535 3.433071,
-14.397638 -7.783465 3.433071,
-16.602362 -7.783465 3.433071,
-16.602362 -7.216535 3.472441,
-14.397638 -7.216535 3.472441,
-14.397638 -7.783465 3.472441,
-16.602362 -7.783465 3.472441,
-16.602362 -8.216535 3.433071,
-14.397638 -8.216535 3.433071,
-14.397638 -8.783465 3.433071,
-16.602362 -8.783465 3.433071,
-16.602362 -8.216535 3.472441,
-14.397638 -8.216535 3.472441,
-14.397638 -8.783465 3.472441,
-16.602362 -8.783465 3.472441,
-16.602362 -9.216535 3.433071,
-14.397638 -9.216535 3.433071,
-14.397638 -9.783465 3.433071,
-16.602362 -9.783465 3.433071,
-16.602362 -9.216535 3.472441,
-14.397638 -9.216535 3.472441,
-14.397638 -9.783465 3.472441,
-16.602362 -9.783465 3.472441,
-16.602362 -10.216535 3.433071,
-14.397638 -10.216535 3.433071,
-14.397638 -10.783465 3.433071,
-16.602362 -10.783465 3.433071,
-16.602362 -10.216535 3.472441,
-14.397638 -10.216535 3.472441,
-14.397638 -10.783465 3.472441,
-16.602362 -10.783465 3.472441,
-16.602362 -11.216535 3.433071,
-14.397638 -11.216535 3.433071,
-14.397638 -11.783465 3.433071,
-16.602362 -11.783465 3.433071,
-16.602362 -11.216535 3.472441,
-14.397638 -11.216535 3.472441,
-14.397638 -11.783465 3.472441,
-16.602362 -11.783465 3.472441,
-16.602362 -12.216535 3.433071,
-14.397638 -12.216535 3.433071,
-14.397638 -12.783465 3.433071,
-16.602362 -12.783465 3.433071,
-16.602362 -12.216535 3.472441,
-14.397638 -12.216535 3.472441,
-14.397638 -12.783465 3.472441,
-16.602362 -12.783465 3.472441,
-16.602362 -13.216535 3.433071,
-14.397638 -13.216535 3.433071,
-14.397638 -13.783465 3.433071,
-16.602362 -13.783465 3.433071,
-16.602362 -13.216535 3.472441,
-14.397638 -13.216535 3.472441,
-14.397638 -13.783465 3.472441,
-16.602362 -13.783465 3.472441,
-16.602362 -14.216535 3.433071,
-14.397638 -14.216535 3.433071,
-14.397638 -14.783465 3.433071,
-16.602362 -14.783465 3.433071,
-16.602362 -14.216535 3.472441,
-14.397638 -14.216535 3.472441,
-14.397638 -14.783465 3.472441,
-16.602362 -14.783465 3.472441,
-16.602362 -15.216535 3.433071,
-14.397638 -15.216535 3.433071,
-14.397638 -15.783465 3.433071,
-16.602362 -15.783465 3.433071,
-16.602362 -15.216535 3.472441,
-14.397638 -15.216535 3.472441,
-14.397638 -15.783465 3.472441,
-16.602362 -15.783465 3.472441,
-7.602362 15.783465 3.433071,
-5.397638 15.783465 3.433071,
-5.397638 15.216535 3.433071,
-7.602362 15.216535 3.433071,
-7.602362 15.783465 3.472441,
-5.397638 15.783465 3.472441,
-5.397638 15.216535 3.472441,
-7.602362 15.216535 3.472441,
-7.602362 14.783465 3.433071,
-5.397638 14.783465 3.433071,
-5.397638 14.216535 3.433071,
-7.602362 14.216535 3.433071,
-7.602362 14.783465 3.472441,
-5.397638 14.783465 3.472441,
-5.397638 14.216535 3.472441,
-7.602362 14.216535 3.472441,
-7.602362 13.783465 3.433071,
-5.397638 13.783465 3.433071,
-5.397638 13.216535 3.433071,
-7.602362 13.216535 3.433071,
-7.602362 13.783465 3.472441,
-5.397638 13.783465 3.472441,
-5.397638 13.216535 3.472441,
-7.602362 13.216535 3.472441,
-7.602362 12.783465 3.433071,
-5.397638 12.783465 3.433071,
-5.397638 12.216535 3.433071,
-7.602362 12.216535 3.433071,
-7.602362 12.783465 3.472441,
-5.397638 12.783465 3.472441,
-5.397638 12.216535 3.472441,
-7.602362 12.216535 3.472441,
-7.602362 11.783465 3.433071,
-5.397638 11.783465 3.433071,
-5.397638 11.216535 3.433071,
-7.602362 11.216535 3.433071,
-7.602362 11.783465 3.472441,
-5.397638 11.783465 3.472441,
-5.397638 11.216535 3.472441,
-7.602362 11.216535 3.472441,
-7.602362 10.783465 3.433071,
-5.397638 10.783465 3.433071,
-5.397638 10.216535 3.433071,
-7.602362 10.216535 3.433071,
-7.602362 10.783465 3.472441,
-5.397638 10.783465 3.472441,
-5.397638 10.216535 3.472441,
-7.602362 10.216535 3.472441,
-7.602362 9.783465 3.433071,
-5.397638 9.783465 3.433071,
-5.397638 9.216535 3.433071,
-7.602362 9.216535 3.433071,
-7.602362 9.783465 3.472441,
-5.397638 9.783465 3.472441,
-5.397638 9.216535 3.472441,
-7.602362 9.216535 3.472441,
-7.602362 8.783465 3.433071,
-5.397638 8.783465 3.433071,
-5.397638 8.216535 3.433071,
-7.602362 8.216535 3.433071,
-7.602362 8.783465 3.472441,
-5.397638 8.783465 3.472441,
-5.397638 8.216535 3.472441,
-7.602362 8.216535 3.472441,
-7.602362 7.783465 3.433071,
-5.397638 7.783465 3.433071,
-5.397638 7.216535 3.433071,
-7.602362 7.216535 3.433071,
-7.602362 7.783465 3.472441,
-5.397638 7.783465 3.472441,
-5.397638 7.216535 3.472441,
-7.602362 7.216535 3.472441,
-7.602362 6.783465 3.433071,
-5.397638 6.783465 3.433071,
-5.397638 6.216535 3.433071,
-7.602362 6.216535 3.433071,
-7.602362 6.783465 3.472441,
-5.397638 6.783465 3.472441,
-5.397638 6.216535 3.472441,
-7.602362 6.216535 3.472441,
-7.602362 5.783465 3.433071,
-5.397638 5.783465 3.433071,
-5.397638 5.216535 3.433071,
-7.602362 5.216535 3.433071,
-7.602362 5.783465 3.472441,
-5.397638 5.783465 3.472441,
-5.397638 5.216535 3.472441,
-7.602362 5.216535 3.472441,
-7.602362 4.783465 3.433071,
-5.397638 4.783465 3.433071,
-5.397638 4.216535 3.433071,
-7.602362 4.216535 3.433071,
-7.602362 4.783465 3.472441,
-5.397638 4.783465 3.472441,
-5.397638 4.216535 3.472441,
-7.602362 4.216535 3.472441,
-7.602362 3.783465 3.433071,
-5.397638 3.783465 3.433071,
-5.397638 3.216535 3.433071,
-7.602362 3.216535 3.433071,
-7.602362 3.783465 3.472441,
-5.397638 3.783465 3.472441,
-5.397638 3.216535 3.472441,
-7.602362 3.216535 3.472441,
-7.602362 2.783465 3.433071,
-5.397638 2.783465 3.433071,
-5.397638 2.216535 3.433071,
-7.602362 2.216535 3.433071,
-7.602362 2.783465 3.472441,
-5.397638 2.783465 3.472441,
-5.397638 2.216535 3.472441,
-7.602362 2.216535 3.472441,
-7.602362 1.783465 3.433071,
-5.397638 1.783465 3.433071,
-5.397638 1.216535 3.433071,
-7.602362 1.216535 3.433071,
-7.602362 1.783465 3.472441,
-5.397638 1.783465 3.472441,
-5.397638 1.216535 3.472441,
-7.602362 1.216535 3.472441,
-7.602362 0.783465 3.433071,
-5.397638 0.783465 3.433071,
-5.397638 0.216535 3.433071,
-7.602362 0.216535 3.433071,
-7.602362 0.783465 3.472441,
-5.397638 0.783465 3.472441,
-5.397638 0.216535 3.472441,
-7.602362 0.216535 3.472441,
-7.602362 -0.216535 3.433071,
-5.397638 -0.216535 3.433071,
-5.397638 -0.783465 3.433071,
-7.602362 -0.783465 3.433071,
-7.602362 -0.216535 3.472441,
-5.397638 -0.216535 3.472441,
-5.397638 -0.783465 3.472441,
-7.602362 -0.783465 3.472441,
-7.602362 -1.216535 3.433071,
-5.397638 -1.216535 3.433071,
-5.397638 -1.783465 3.433071,
-7.602362 -1.783465 3.433071,
-7.602362 -1.216535 3.472441,
-5.397638 -1.216535 3.472441,
-5.397638 -1.783465 3.472441,
-7.602362 -1.783465 3.472441,
-7.602362 -2.216535 3.433071,
-5.397638 -2.216535 3.433071,
-5.397638 -2.783465 3.433071,
-7.602362 -2.783465 3.433071,
-7.602362 -2.216535 3.472441,
-5.397638 -2.216535 3.472441,
-5.397638 -2.783465 3.472441,
-7.602362 -2.783465 3.472441,
-7.602362 -3.216535 3.433071,
-5.397638 -3.216535 3.433071,
-5.397638 -3.783465 3.433071,
-7.602362 -3.783465 3.433071,
-7.602362 -3.216535 3.472441,
-5.397638 -3.216535 3.472441,
-5.397638 -3.783465 3.472441,
-7.602362 -3.783465 3.472441,
-7.602362 -4.216535 3.433071,
-5.397638 -4.216535 3.433071,
-5.397638 -4.783465 3.433071,
-7.602362 -4.783465 3.433071,
-7.602362 -4.216535 3.472441,
-5.397638 -4.216535 3.472441,
-5.397638 -4.783465 3.472441,
-7.602362 -4.783465 3.472441,
-7.602362 -5.216535 3.433071,
-5.397638 -5.216535 3.433071,
-5.397638 -5.783465 3.433071,
-7.602362 -5.783465 3.433071,
-7.602362 -5.216535 3.472441,
-5.397638 -5.216535 3.472441,
-5.397638 -5.783465 3.472441,
-7.602362 -5.783465 3.472441,
-7.602362 -6.216535 3.433071,
-5.397638 -6.216535 3.433071,
-5.397638 -6.783465 3.433071,
-7.602362 -6.783465 3.433071,
-7.602362 -6.216535 3.472441,
-5.397638 -6.216535 3.472441,
-5.397638 -6.783465 3.472441,
-7.602362 -6.783465 3.472441,
-7.602362 -7.216535 3.433071,
-5.397638 -7.216535 3.433071,
-5.397638 -7.783465 3.433071,
-7.602362 -7.783465 3.433071,
-7.602362 -7.216535 3.472441,
-5.397638 -7.216535 3.472441,
-5.397638 -7.783465 3.472441,
-7.602362 -7.783465 3.472441,
-7.602362 -8.216535 3.433071,
-5.397638 -8.216535 3.433071,
-5.397638 -8.783465 3.433071,
-7.602362 -8.783465 3.433071,
-7.602362 -8.216535 3.472441,
-5.397638 -8.216535 3.472441,
-5.397638 -8.783465 3.472441,
-7.602362 -8.783465 3.472441,
-7.602362 -9.216535 3.433071,
-5.397638 -9.216535 3.433071,
-5.397638 -9.783465 3.433071,
-7.602362 -9.783465 3.433071,
-7.602362 -9.216535 3.472441,
-5.397638 -9.216535 3.472441,
-5.397638 -9.783465 3.472441,
-7.602362 -9.783465 3.472441,
-7.602362 -10.216535 3.433071,
-5.397638 -10.216535 3.433071,
-5.397638 -10.783465 3.433071,
-7.602362 -10.783465 3.433071,
-7.602362 -10.216535 3.472441,
-5.397638 -10.216535 3.472441,
-5.397638 -10.783465 3.472441,
-7.602362 -10.783465 3.472441,
-7.602362 -11.216535 3.433071,
-5.397638 -11.216535 3.433071,
-5.397638 -11.783465 3.433071,
-7.602362 -11.783465 3.433071,
-7.602362 -11.216535 3.472441,
-5.397638 -11.216535 3.472441,
-5.397638 -11.783465 3.472441,
-7.602362 -11.783465 3.472441,
-7.602362 -12.216535 3.433071,
-5.397638 -12.216535 3.433071,
-5.397638 -12.783465 3.433071,
-7.602362 -12.783465 3.433071,
-7.602362 -12.216535 3.472441,
-5.397638 -12.216535 3.472441,
-5.397638 -12.783465 3.472441,
-7.602362 -12.783465 3.472441,
-7.602362 -13.216535 3.433071,
-5.397638 -13.216535 3.433071,
-5.397638 -13.783465 3.433071,
-7.602362 -13.783465 3.433071,
-7.602362 -13.216535 3.472441,
-5.397638 -13.216535 3.472441,
-5.397638 -13.783465 3.472441,
-7.602362 -13.783465 3.472441,
-7.602362 -14.216535 3.433071,
-5.397638 -14.216535 3.433071,
-5.397638 -14.783465 3.433071,
-7.602362 -14.783465 3.433071,
-7.602362 -14.216535 3.472441,
-5.397638 -14.216535 3.472441,
-5.397638 -14.783465 3.472441,
-7.602362 -14.783465 3.472441,
-7.602362 -15.216535 3.433071,
-5.397638 -15.216535 3.433071,
-5.397638 -15.783465 3.433071,
-7.602362 -15.783465 3.433071,
-7.602362 -15.216535 3.472441,
-5.397638 -15.216535 3.472441,
-5.397638 -15.783465 3.472441,
-7.602362 -15.783465 3.472441,
-16.669291 19.185039 4.736220,
-16.118110 19.185039 4.736220,
-16.118110 19.059055 4.736220,
-16.669291 19.059055 4.736220,
-16.669291 19.185039 4.744094,
-16.118110 19.185039 4.744094,
-16.118110 19.059055 4.744094,
-16.669291 19.059055 4.744094,
-16.456693 19.397638 4.736220,
-16.330709 19.397638 4.736220,
-16.330709 18.846457 4.736220,
-16.456693 18.846457 4.736220,
-16.456693 19.397638 4.744094,
-16.330709 19.397638 4.744094,
-16.330709 18.846457 4.744094,
-16.456693 18.846457 4.744094,
-11.275591 19.185039 4.736220,
-10.724409 19.185039 4.736220,
-10.724409 19.059055 4.736220,
-11.275591 19.059055 4.736220,
-11.275591 19.185039 4.744094,
-10.724409 19.185039 4.744094,
-10.724409 19.059055 4.744094,
-11.275591 19.059055 4.744094,
-11.062992 19.397638 4.736220,
-10.937008 19.397638 4.736220,
-10.937008 18.846457 4.736220,
-11.062992 18.846457 4.736220,
-11.062992 19.397638 4.744094,
-10.937008 19.397638 4.744094,
-10.937008 18.846457 4.744094,
-11.062992 18.846457 4.744094,
-5.881890 19.185039 4.736220,
-5.330709 19.185039 4.736220,
-5.330709 19.059055 4.736220,
-5.881890 19.059055 4.736220,
-5.881890 19.185039 4.744094,
-5.330709 19.185039 4.744094,
-5.330709 19.059055 4.744094,
-5.881890 19.059055 4.744094,
-5.669291 19.397638 4.736220,
-5.543307 19.397638 4.736220,
-5.543307 18.846457 4.736220,
-5.669291 18.846457 4.736220,
-5.669291 19.397638 4.744094,
-5.543307 19.397638 4.744094,
-5.543307 18.846457 4.744094,
-5.669291 18.846457 4.744094,
-16.669291 -17.586614 4.736220,
-16.118110 -17.586614 4.736220,
-16.118110 -17.712598 4.736220,
-16.669291 -17.712598 4.736220,
-16.669291 -17.586614 4.744094,
-16.118110 -17.586614 4.744094,
-16.118110 -17.712598 4.744094,
-16.669291 -17.712598 4.744094,
-16.456693 -17.374016 4.736220,
-16.330709 -17.374016 4.736220,
-16.330709 -17.925197 4.736220,
-16.456693 -17.925197 4.736220,
-16.456693 -17.374016 4.744094,
-16.330709 -17.374016 4.744094,
-16.330709 -17.925197 4.744094,
-16.456693 -17.925197 4.744094,
-11.275591 -17.586614 4.736220,
-10.724409 -17.586614 4.736220,
-10.724409 -17.712598 4.736220,
-11.275591 -17.712598 4.736220,
-11.275591 -17.586614 4.744094,
-10.724409 -17.586614 4.744094,
-10.724409 -17.712598 4.744094,
-11.275591 -17.712598 4.744094,
-11.062992 -17.374016 4.736220,
-10.937008 -17.374016 4.736220,
-10.937008 -17.925197 4.736220,
-11.062992 -17.925197 4.736220,
-11.062992 -17.374016 4.744094,
-10.937008 -17.374016 4.744094,
-10.937008 -17.925197 4.744094,
-11.062992 -17.925197 4.744094,
-5.881890 -17.586614 4.736220,
-5.330709 -17.586614 4.736220,
-5.330709 -17.712598 4.736220,
-5.881890 -17.712598 4.736220,
-5.881890 -17.586614 4.744094,
-5.330709 -17.586614 4.744094,
-5.330709 -17.712598 4.744094,
-5.881890 -17.712598 4.744094,
-5.669291 -17.374016 4.736220,
-5.543307 -17.374016 4.736220,
-5.543307 -17.925197 4.736220,
-5.669291 -17.925197 4.736220,
-5.669291 -17.374016 4.744094,
-5.543307 -17.374016 4.744094,
-5.543307 -17.925197 4.744094,
-5.669291 -17.925197 4.744094,
-11.275591 0.062992 4.736220,
-10.724409 0.062992 4.736220,
-10.724409 -0.062992 4.736220,
-11.275591 -0.062992 4.736220,
-11.275591 0.062992 4.744094,
-10.724409 0.062992 4.744094,
-10.724409 -0.062992 4.744094,
-11.275591 -0.062992 4.744094,
-11.062992 0.275591 4.736220,
-10.937008 0.275591 4.736220,
-10.937008 -0.275591 4.736220,
-11.062992 -0.275591 4.736220,
-11.062992 0.275591 4.744094,
-10.937008 0.275591 4.744094,
-10.937008 -0.275591 4.744094,
-11.062992 -0.275591 4.744094,
4.562992 18.673228 3.070866,
4.575066 18.764936 3.070866,
4.610463 18.850394 3.070866,
4.666773 18.923778 3.070866,
4.740157 18.980088 3.070866,
4.825615 19.015486 3.070866,
4.917323 19.027559 3.070866,
17.082677 19.027559 3.070866,
17.174385 19.015486 3.070866,
17.259843 18.980088 3.070866,
17.333227 18.923778 3.070866,
17.389537 18.850394 3.070866,
17.424934 18.764936 3.070866,
17.437008 18.673228 3.070866,
17.437008 -20.145669 3.070866,
17.424934 -20.237377 3.070866,
17.389537 -20.322835 3.070866,
17.333227 -20.396219 3.070866,
17.259843 -20.452529 3.070866,
17.174385 -20.487926 3.070866,
17.082677 -20.500000 3.070866,
4.917323 -20.500000 3.070866,
4.825615 -20.487926 3.070866,
4.740157 -20.452529 3.070866,
4.666773 -20.396219 3.070866,
4.610463 -20.322835 3.070866,
4.575066 -20.237377 3.070866,
4.562992 -20.145669 3.070866,
4.562992 18.673228 3.188976,
4.575066 18.764936 3.188976,
4.610463 18.850394 3.188976,
4.666773 18.923778 3.188976,
4.740157 18.980088 3.188976,
4.825615 19.015486 3.188976,
4.917323 19.027559 3.188976,
17.082677 19.027559 3.188976,
17.174385 19.015486 3.188976,
17.259843 18.980088 3.188976,
17.333227 18.923778 3.188976,
17.389537 18.850394 3.188976,
17.424934 18.764936 3.188976,
17.437008 18.673228 3.188976,
17.437008 -20.145669 3.188976,
17.424934 -20.237377 3.188976,
17.389537 -20.322835 3.188976,
17.333227 -20.396219 3.188976,
17.259843 -20.452529 3.188976,
17.174385 -20.487926 3.188976,
17.082677 -20.500000 3.188976,
4.917323 -20.500000 3.188976,
4.825615 -20.487926 3.188976,
4.740157 -20.452529 3.188976,
4.666773 -20.396219 3.188976,
4.610463 -20.322835 3.188976,
4.575066 -20.237377 3.188976,
4.562992 -20.145669 3.188976,
16.602362 -15.783465 3.433071,
14.397638 -15.783465 3.433071,
14.397638 -15.216535 3.433071,
16.602362 -15.216535 3.433071,
16.602362 -15.783465 3.472441,
14.397638 -15.783465 3.472441,
14.397638 -15.216535 3.472441,
16.602362 -15.216535 3.472441,
16.602362 -14.783465 3.433071,
14.397638 -14.783465 3.433071,
14.397638 -14.216535 3.433071,
16.602362 -14.216535 3.433071,
16.602362 -14.783465 3.472441,
14.397638 -14.783465 3.472441,
14.397638 -14.216535 3.472441,
16.602362 -14.216535 3.472441,
16.602362 -13.783465 3.433071,
14.397638 -13.783465 3.433071,
14.397638 -13.216535 3.433071,
16.602362 -13.216535 3.433071,
16.602362 -13.783465 3.472441,
14.397638 -13.783465 3.472441,
14.397638 -13.216535 3.472441,
16.602362 -13.216535 3.472441,
16.602362 -12.783465 3.433071,
14.397638 -12.783465 3.433071,
14.397638 -12.216535 3.433071,
16.602362 -12.216535 3.433071,
16.602362 -12.783465 3.472441,
14.397638 -12.783465 3.472441,
14.397638 -12.216535 3.472441,
16.602362 -12.216535 3.472441,
16.602362 -11.783465 3.433071,
14.397638 -11.783465 3.433071,
14.397638 -11.216535 3.433071,
16.602362 -11.216535 3.433071,
16.602362 -11.783465 3.472441,
14.397638 -11.783465 3.472441,
14.397638 -11.216535 3.472441,
16.602362 -11.216535 3.472441,
16.602362 -10.783465 3.433071,
14.397638 -10.783465 3.433071,
14.397638 -10.216535 3.433071,
16.602362 -10.216535 3.433071,
16.602362 -10.783465 3.472441,
14.397638 -10.783465 3.472441,
14.397638 -10.216535 3.472441,
16.602362 -10.216535 3.472441,
16.602362 -9.783465 3.433071,
14.397638 -9.783465 3.433071,
14.397638 -9.216535 3.433071,
16.602362 -9.216535 3.433071,
16.602362 -9.783465 3.472441,
14.397638 -9.783465 3.472441,
14.397638 -9.216535 3.472441,
16.602362 -9.216535 3.472441,
16.602362 -8.783465 3.433071,
14.397638 -8.783465 3.433071,
14.397638 -8.216535 3.433071,
16.602362 -8.216535 3.433071,
16.602362 -8.783465 3.472441,
14.397638 -8.783465 3.472441,
14.397638 -8.216535 3.472441,
16.602362 -8.216535 3.472441,
16.602362 -7.783465 3.433071,
14.397638 -7.783465 3.433071,
14.397638 -7.216535 3.433071,
16.602362 -7.216535 3.433071,
16.602362 -7.783465 3.472441,
14.397638 -7.783465 3.472441,
14.397638 -7.216535 3.472441,
16.602362 -7.216535 3.472441,
16.602362 -6.783465 3.433071,
14.397638 -6.783465 3.433071,
14.397638 -6.216535 3.433071,
16.602362 -6.216535 3.433071,
16.602362 -6.783465 3.472441,
14.397638 -6.783465 3.472441,
14.397638 -6.216535 3.472441,
16.602362 -6.216535 3.472441,
16.602362 -5.783465 3.433071,
14.397638 -5.783465 3.433071,
14.397638 -5.216535 3.433071,
16.602362 -5.216535 3.433071,
16.602362 -5.783465 3.472441,
14.397638 -5.783465 3.472441,
14.397638 -5.216535 3.472441,
16.602362 -5.216535 3.472441,
16.602362 -4.783465 3.433071,
14.397638 -4.783465 3.433071,
14.397638 -4.216535 3.433071,
16.602362 -4.216535 3.433071,
16.602362 -4.783465 3.472441,
14.397638 -4.783465 3.472441,
14.397638 -4.216535 3.472441,
16.602362 -4.216535 3.472441,
16.602362 -3.783465 3.433071,
14.397638 -3.783465 3.433071,
14.397638 -3.216535 3.433071,
16.602362 -3.216535 3.433071,
16.602362 -3.783465 3.472441,
14.397638 -3.783465 3.472441,
14.397638 -3.216535 3.472441,
16.602362 -3.216535 3.472441,
16.602362 -2.783465 3.433071,
14.397638 -2.783465 3.433071,
14.397638 -2.216535 3.433071,
16.602362 -2.216535 3.433071,
16.602362 -2.783465 3.472441,
14.397638 -2.783465 3.472441,
14.397638 -2.216535 3.472441,
16.602362 -2.216535 3.472441,
16.602362 -1.783465 3.433071,
14.397638 -1.783465 3.433071,
14.397638 -1.216535 3.433071,
16.602362 -1.216535 3.433071,
16.602362 -1.783465 3.472441,
14.397638 -1.783465 3.472441,
14.397638 -1.216535 3.472441,
16.602362 -1.216535 3.472441,
16.602362 -0.783465 3.433071,
14.397638 -0.783465 3.433071,
14.397638 -0.216535 3.433071,
16.602362 -0.216535 3.433071,
16.602362 -0.783465 3.472441,
14.397638 -0.783465 3.472441,
14.397638 -0.216535 3.472441,
16.602362 -0.216535 3.472441,
16.602362 0.216535 3.433071,
14.397638 0.216535 3.433071,
14.397638 0.783465 3.433071,
16.602362 0.783465 3.433071,
16.602362 0.216535 3.472441,
14.397638 0.216535 3.472441,
14.397638 0.783465 3.472441,
16.602362 0.783465 3.472441,
16.602362 1.216535 3.433071,
14.397638 1.216535 3.433071,
14.397638 1.783465 3.433071,
16.602362 1.783465 3.433071,
16.602362 1.216535 3.472441,
14.397638 1.216535 3.472441,
14.397638 1.783465 3.472441,
16.602362 1.783465 3.472441,
16.602362 2.216535 3.433071,
14.397638 2.216535 3.433071,
14.397638 2.783465 3.433071,
16.602362 2.783465 3.433071,
16.602362 2.216535 3.472441,
14.397638 2.216535 3.472441,
14.397638 2.783465 3.472441,
16.602362 2.783465 3.472441,
16.602362 3.216535 3.433071,
14.397638 3.216535 3.433071,
14.397638 3.783465 3.433071,
16.602362 3.783465 3.433071,
16.602362 3.216535 3.472441,
14.397638 3.216535 3.472441,
14.397638 3.783465 3.472441,
16.602362 3.783465 3.472441,
16.602362 4.216535 3.433071,
14.397638 4.216535 3.433071,
14.397638 4.783465 3.433071,
16.602362 4.783465 3.433071,
16.602362 4.216535 3.472441,
14.397638 4.216535 3.472441,
14.397638 4.783465 3.472441,
16.602362 4.783465 3.472441,
16.602362 5.216535 3.433071,
14.397638 5.216535 3.433071,
14.397638 5.783465 3.433071,
16.602362 5.783465 3.433071,
16.602362 5.216535 3.472441,
14.397638 5.216535 3.472441,
14.397638 5.783465 3.472441,
16.602362 5.783465 3.472441,
16.602362 6.216535 3.433071,
14.397638 6.216535 3.433071,
14.397638 6.783465 3.433071,
16.602362 6.783465 3.433071,
16.602362 6.216535 3.472441,
14.397638 6.216535 3.472441,
14.397638 6.783465 3.472441,
16.602362 6.783465 3.472441,
16.602362 7.216535 3.433071,
14.397638 7.216535 3.433071,
14.397638 7.783465 3.433071,
16.602362 7.783465 3.433071,
16.602362 7.216535 3.472441,
14.397638 7.216535 3.472441,
14.397638 7.783465 3.472441,
16.602362 7.783465 3.472441,
16.602362 8.216535 3.433071,
14.397638 8.216535 3.433071,
14.397638 8.783465 3.433071,
16.602362 8.783465 3.433071,
16.602362 8.216535 3.472441,
14.397638 8.216535 3.472441,
14.397638 8.783465 3.472441,
16.602362 8.783465 3.472441,
16.602362 9.216535 3.433071,
14.397638 9.216535 3.433071,
14.397638 9.783465 3.433071,
16.602362 9.783465 3.433071,
16.602362 9.216535 3.472441,
14.397638 9.216535 3.472441,
14.397638 9.783465 3.472441,
16.602362 9.783465 3.472441,
16.602362 10.216535 3.433071,
14.397638 10.216535 3.433071,
14.397638 10.783465 3.433071,
16.602362 10.783465 3.433071,
16.602362 10.216535 3.472441,
14.397638 10.216535 3.472441,
14.397638 10.783465 3.472441,
16.602362 10.783465 3.472441,
16.602362 11.216535 3.433071,
14.397638 11.216535 3.433071,
14.397638 11.783465 3.433071,
16.602362 11.783465 3.433071,
16.602362 11.216535 3.472441,
14.397638 11.216535 3.472441,
14.397638 11.783465 3.472441,
16.602362 11.783465 3.472441,
16.602362 12.216535 3.433071,
14.397638 12.216535 3.433071,
14.397638 12.783465 3.433071,
16.602362 12.783465 3.433071,
16.602362 12.216535 3.472441,
14.397638 12.216535 3.472441,
14.397638 12.783465 3.472441,
16.602362 12.783465 3.472441,
16.602362 13.216535 3.433071,
14.397638 13.216535 3.433071,
14.397638 13.783465 3.433071,
16.602362 13.783465 3.433071,
16.602362 13.216535 3.472441,
14.397638 13.216535 3.472441,
14.397638 13.783465 3.472441,
16.602362 13.783465 3.472441,
16.602362 14.216535 3.433071,
14.397638 14.216535 3.433071,
14.397638 14.783465 3.433071,
16.602362 14.783465 3.433071,
16.602362 14.216535 3.472441,
14.397638 14.216535 3.472441,
14.397638 14.783465 3.472441,
16.602362 14.783465 3.472441,
16.602362 15.216535 3.433071,
14.397638 15.216535 3.433071,
14.397638 15.783465 3.433071,
16.602362 15.783465 3.433071,
16.602362 15.216535 3.472441,
14.397638 15.216535 3.472441,
14.397638 15.783465 3.472441,
16.602362 15.783465 3.472441,
7.602362 -15.783465 3.433071,
5.397638 -15.783465 3.433071,
5.397638 -15.216535 3.433071,
7.602362 -15.216535 3.433071,
7.602362 -15.783465 3.472441,
5.397638 -15.783465 3.472441,
5.397638 -15.216535 3.472441,
7.602362 -15.216535 3.472441,
7.602362 -14.783465 3.433071,
5.397638 -14.783465 3.433071,
5.397638 -14.216535 3.433071,
7.602362 -14.216535 3.433071,
7.602362 -14.783465 3.472441,
5.397638 -14.783465 3.472441,
5.397638 -14.216535 3.472441,
7.602362 -14.216535 3.472441,
7.602362 -13.783465 3.433071,
5.397638 -13.783465 3.433071,
5.397638 -13.216535 3.433071,
7.602362 -13.216535 3.433071,
7.602362 -13.783465 3.472441,
5.397638 -13.783465 3.472441,
5.397638 -13.216535 3.472441,
7.602362 -13.216535 3.472441,
7.602362 -12.783465 3.433071,
5.397638 -12.783465 3.433071,
5.397638 -12.216535 3.433071,
7.602362 -12.216535 3.433071,
7.602362 -12.783465 3.472441,
5.397638 -12.783465 3.472441,
5.397638 -12.216535 3.472441,
7.602362 -12.216535 3.472441,
7.602362 -11.783465 3.433071,
5.397638 -11.783465 3.433071,
5.397638 -11.216535 3.433071,
7.602362 -11.216535 3.433071,
7.602362 -11.783465 3.472441,
5.397638 -11.783465 3.472441,
5.397638 -11.216535 3.472441,
7.602362 -11.216535 3.472441,
7.602362 -10.783465 3.433071,
5.397638 -10.783465 3.433071,
5.397638 -10.216535 3.433071,
7.602362 -10.216535 3.433071,
7.602362 -10.783465 3.472441,
5.397638 -10.783465 3.472441,
5.397638 -10.216535 3.472441,
7.602362 -10.216535 3.472441,
7.602362 -9.783465 3.433071,
5.397638 -9.783465 3.433071,
5.397638 -9.216535 3.433071,
7.602362 -9.216535 3.433071,
7.602362 -9.783465 3.472441,
5.397638 -9.783465 3.472441,
5.397638 -9.216535 3.472441,
7.602362 -9.216535 3.472441,
7.602362 -8.783465 3.433071,
5.397638 -8.783465 3.433071,
5.397638 -8.216535 3.433071,
7.602362 -8.216535 3.433071,
7.602362 -8.783465 3.472441,
5.397638 -8.783465 3.472441,
5.397638 -8.216535 3.472441,
7.602362 -8.216535 3.472441,
7.602362 -7.783465 3.433071,
5.397638 -7.783465 3.433071,
5.397638 -7.216535 3.433071,
7.602362 -7.216535 3.433071,
7.602362 -7.783465 3.472441,
5.397638 -7.783465 3.472441,
5.397638 -7.216535 3.472441,
7.602362 -7.216535 3.472441,
7.602362 -6.783465 3.433071,
5.397638 -6.783465 3.433071,
5.397638 -6.216535 3.433071,
7.602362 -6.216535 3.433071,
7.602362 -6.783465 3.472441,
5.397638 -6.783465 3.472441,
5.397638 -6.216535 3.472441,
7.602362 -6.216535 3.472441,
7.602362 -5.783465 3.433071,
5.397638 -5.783465 3.433071,
5.397638 -5.216535 3.433071,
7.602362 -5.216535 3.433071,
7.602362 -5.783465 3.472441,
5.397638 -5.783465 3.472441,
5.397638 -5.216535 3.472441,
7.602362 -5.216535 3.472441,
7.602362 -4.783465 3.433071,
5.397638 -4.783465 3.433071,
5.397638 -4.216535 3.433071,
7.602362 -4.216535 3.433071,
7.602362 -4.783465 3.472441,
5.397638 -4.783465 3.472441,
5.397638 -4.216535 3.472441,
7.602362 -4.216535 3.472441,
7.602362 -3.783465 3.433071,
5.397638 -3.783465 3.433071,
5.397638 -3.216535 3.433071,
7.602362 -3.216535 3.433071,
7.602362 -3.783465 3.472441,
5.397638 -3.783465 3.472441,
5.397638 -3.216535 3.472441,
7.602362 -3.216535 3.472441,
7.602362 -2.783465 3.433071,
5.397638 -2.783465 3.433071,
5.397638 -2.216535 3.433071,
7.602362 -2.216535 3.433071,
7.602362 -2.783465 3.472441,
5.397638 -2.783465 3.472441,
5.397638 -2.216535 3.472441,
7.602362 -2.216535 3.472441,
7.602362 -1.783465 3.433071,
5.397638 -1.783465 3.433071,
5.397638 -1.216535 3.433071,
7.602362 -1.216535 3.433071,
7.602362 -1.783465 3.472441,
5.397638 -1.783465 3.472441,
5.397638 -1.216535 3.472441,
7.602362 -1.216535 3.472441,
7.602362 -0.783465 3.433071,
5.397638 -0.783465 3.433071,
5.397638 -0.216535 3.433071,
7.602362 -0.216535 3.433071,
7.602362 -0.783465 3.472441,
5.397638 -0.783465 3.472441,
5.397638 -0.216535 3.472441,
7.602362 -0.216535 3.472441,
7.602362 0.216535 3.433071,
5.397638 0.216535 3.433071,
5.397638 0.783465 3.433071,
7.602362 0.783465 3.433071,
7.602362 0.216535 3.472441,
5.397638 0.216535 3.472441,
5.397638 0.783465 3.472441,
7.602362 0.783465 3.472441,
7.602362 1.216535 3.433071,
5.397638 1.216535 3.433071,
5.397638 1.783465 3.433071,
7.602362 1.783465 3.433071,
7.602362 1.216535 3.472441,
5.397638 1.216535 3.472441,
5.397638 1.783465 3.472441,
7.602362 1.783465 3.472441,
7.602362 2.216535 3.433071,
5.397638 2.216535 3.433071,
5.397638 2.783465 3.433071,
7.602362 2.783465 3.433071,
7.602362 2.216535 3.472441,
5.397638 2.216535 3.472441,
5.397638 2.783465 3.472441,
7.602362 2.783465 3.472441,
7.602362 3.216535 3.433071,
5.397638 3.216535 3.433071,
5.397638 3.783465 3.433071,
7.602362 3.783465 3.433071,
7.602362 3.216535 3.472441,
5.397638 3.216535 3.472441,
5.397638 3.783465 3.472441,
7.602362 3.783465 3.472441,
7.602362 4.216535 3.433071,
5.397638 4.216535 3.433071,
5.397638 4.783465 3.433071,
7.602362 4.783465 3.433071,
7.602362 4.216535 3.472441,
5.397638 4.216535 3.472441,
5.397638 4.783465 3.472441,
7.602362 4.783465 3.472441,
7.602362 5.216535 3.433071,
5.397638 5.216535 3.433071,
5.397638 5.783465 3.433071,
7.602362 5.783465 3.433071,
7.602362 5.216535 3.472441,
5.397638 5.216535 3.472441,
5.397638 5.783465 3.472441,
7.602362 5.783465 3.472441,
7.602362 6.216535 3.433071,
5.397638 6.216535 3.433071,
5.397638 6.783465 3.433071,
7.602362 6.783465 3.433071,
7.602362 6.216535 3.472441,
5.397638 6.216535 3.472441,
5.397638 6.783465 3.472441,
7.602362 6.783465 3.472441,
7.602362 7.216535 3.433071,
5.397638 7.216535 3.433071,
5.397638 7.783465 3.433071,
7.602362 7.783465 3.433071,
7.602362 7.216535 3.472441,
5.397638 7.216535 3.472441,
5.397638 7.783465 3.472441,
7.602362 7.783465 3.472441,
7.602362 8.216535 3.433071,
5.397638 8.216535 3.433071,
5.397638 8.783465 3.433071,
7.602362 8.783465 3.433071,
7.602362 8.216535 3.472441,
5.397638 8.216535 3.472441,
5.397638 8.783465 3.472441,
7.602362 8.783465 3.472441,
7.602362 9.216535 3.433071,
5.397638 9.216535 3.433071,
5.397638 9.783465 3.433071,
7.602362 9.783465 3.433071,
7.602362 9.216535 3.472441,
5.397638 9.216535 3.472441,
5.397638 9.783465 3.472441,
7.602362 9.783465 3.472441,
7.602362 10.216535 3.433071,
5.397638 10.216535 3.433071,
5.397638 10.783465 3.433071,
7.602362 10.783465 3.433071,
7.602362 10.216535 3.472441,
5.397638 10.216535 3.472441,
5.397638 10.783465 3.472441,
7.602362 10.783465 3.472441,
7.602362 11.216535 3.433071,
5.397638 11.216535 3.433071,
5.397638 11.783465 3.433071,
7.602362 11.783465 3.433071,
7.602362 11.216535 3.472441,
5.397638 11.216535 3.472441,
5.397638 11.783465 3.472441,
7.602362 11.783465 3.472441,
7.602362 12.216535 3.433071,
5.397638 12.216535 3.433071,
5.397638 12.783465 3.433071,
7.602362 12.783465 3.433071,
7.602362 12.216535 3.472441,
5.397638 12.216535 3.472441,
5.397638 12.783465 3.472441,
7.602362 12.783465 3.472441,
7.602362 13.216535 3.433071,
5.397638 13.216535 3.433071,
5.397638 13.783465 3.433071,
7.602362 13.783465 3.433071,
7.602362 13.216535 3.472441,
5.397638 13.216535 3.472441,
5.397638 13.783465 3.472441,
7.602362 13.783465 3.472441,
7.602362 14.216535 3.433071,
5.397638 14.216535 3.433071,
5.397638 14.783465 3.433071,
7.602362 14.783465 3.433071,
7.602362 14.216535 3.472441,
5.397638 14.216535 3.472441,
5.397638 14.783465 3.472441,
7.602362 14.783465 3.472441,
7.602362 15.216535 3.433071,
5.397638 15.216535 3.433071,
5.397638 15.783465 3.433071,
7.602362 15.783465 3.433071,
7.602362 15.216535 3.472441,
5.397638 15.216535 3.472441,
5.397638 15.783465 3.472441,
7.602362 15.783465 3.472441,
16.669291 -19.185039 4.736220,
16.118110 -19.185039 4.736220,
16.118110 -19.059055 4.736220,
16.669291 -19.059055 4.736220,
16.669291 -19.185039 4.744094,
16.118110 -19.185039 4.744094,
16.118110 -19.059055 4.744094,
16.669291 -19.059055 4.744094,
16.456693 -19.397638 4.736220,
16.330709 -19.397638 4.736220,
16.330709 -18.846457 4.736220,
16.456693 -18.846457 4.736220,
16.456693 -19.397638 4.744094,
16.330709 -19.397638 4.744094,
16.330709 -18.846457 4.744094,
16.456693 -18.846457 4.744094,
11.275591 -19.185039 4.736220,
10.724409 -19.185039 4.736220,
10.724409 -19.059055 4.736220,
11.275591 -19.059055 4.736220,
11.275591 -19.185039 4.744094,
10.724409 -19.185039 4.744094,
10.724409 -19.059055 4.744094,
11.275591 -19.059055 4.744094,
11.062992 -19.397638 4.736220,
10.937008 -19.397638 4.736220,
10.937008 -18.846457 4.736220,
11.062992 -18.846457 4.736220,
11.062992 -19.397638 4.744094,
10.937008 -19.397638 4.744094,
10.937008 -18.846457 4.744094,
11.062992 -18.846457 4.744094,
5.881890 -19.185039 4.736220,
5.330709 -19.185039 4.736220,
5.330709 -19.059055 4.736220,
5.881890 -19.059055 4.736220,
5.881890 -19.185039 4.744094,
5.330709 -19.185039 4.744094,
5.330709 -19.059055 4.744094,
5.881890 -19.059055 4.744094,
5.669291 -19.397638 4.736220,
5.543307 -19.397638 4.736220,
5.543307 -18.846457 4.736220,
5.669291 -18.846457 4.736220,
5.669291 -19.397638 4.744094,
5.543307 -19.397638 4.744094,
5.543307 -18.846457 4.744094,
5.669291 -18.846457 4.744094,
16.669291 17.586614 4.736220,
16.118110 17.586614 4.736220,
16.118110 17.712598 4.736220,
16.669291 17.712598 4.736220,
16.669291 17.586614 4.744094,
16.118110 17.586614 4.744094,
16.118110 17.712598 4.744094,
16.669291 17.712598 4.744094,
16.456693 17.374016 4.736220,
16.330709 17.374016 4.736220,
16.330709 17.925197 4.736220,
16.456693 17.925197 4.736220,
16.456693 17.374016 4.744094,
16.330709 17.374016 4.744094,
16.330709 17.925197 4.744094,
16.456693 17.925197 4.744094,
11.275591 17.586614 4.736220,
10.724409 17.586614 4.736220,
10.724409 17.712598 4.736220,
11.275591 17.712598 4.736220,
11.275591 17.586614 4.744094,
10.724409 17.586614 4.744094,
10.724409 17.712598 4.744094,
11.275591 17.712598 4.744094,
11.062992 17.374016 4.736220,
10.937008 17.374016 4.736220,
10.937008 17.925197 4.736220,
11.062992 17.925197 4.736220,
11.062992 17.374016 4.744094,
10.937008 17.374016 4.744094,
10.937008 17.925197 4.744094,
11.062992 17.925197 4.744094,
5.881890 17.586614 4.736220,
5.330709 17.586614 4.736220,
5.330709 17.712598 4.736220,
5.881890 17.712598 4.736220,
5.881890 17.586614 4.744094,
5.330709 17.586614 4.744094,
5.330709 17.712598 4.744094,
5.881890 17.712598 4.744094,
5.669291 17.374016 4.736220,
5.543307 17.374016 4.736220,
5.543307 17.925197 4.736220,
5.669291 17.925197 4.736220,
5.669291 17.374016 4.744094,
5.543307 17.374016 4.744094,
5.543307 17.925197 4.744094,
5.669291 17.925197 4.744094,
11.275591 -0.062992 4.736220,
10.724409 -0.062992 4.736220,
10.724409 0.062992 4.736220,
11.275591 0.062992 4.736220,
11.275591 -0.062992 4.744094,
10.724409 -0.062992 4.744094,
10.724409 0.062992 4.744094,
11.275591 0.062992 4.744094,
11.062992 -0.275591 4.736220,
10.937008 -0.275591 4.736220,
10.937008 0.275591 4.736220,
11.062992 0.275591 4.736220,
11.062992 -0.275591 4.744094,
10.937008 -0.275591 4.744094,
10.937008 0.275591 4.744094,
11.062992 0.275591 4.744094,
] } coordIndex [
28,29,1,0,-1,
29,30,2,1,-1,
30,31,3,2,-1,
31,32,4,3,-1,
32,33,5,4,-1,
33,34,6,5,-1,
34,35,7,6,-1,
35,36,8,7,-1,
36,37,9,8,-1,
37,38,10,9,-1,
38,39,11,10,-1,
39,40,12,11,-1,
40,41,13,12,-1,
41,42,14,13,-1,
42,43,15,14,-1,
43,44,16,15,-1,
44,45,17,16,-1,
45,46,18,17,-1,
46,47,19,18,-1,
47,48,20,19,-1,
48,49,21,20,-1,
49,50,22,21,-1,
50,51,23,22,-1,
51,52,24,23,-1,
52,53,25,24,-1,
53,54,26,25,-1,
54,55,27,26,-1,
55,28,0,27,-1,
1,2,0,-1,
2,3,0,-1,
3,4,0,-1,
4,5,0,-1,
5,6,0,-1,
6,7,0,-1,
7,8,0,-1,
8,9,0,-1,
9,10,0,-1,
10,11,0,-1,
11,12,0,-1,
12,13,0,-1,
13,14,0,-1,
14,15,0,-1,
15,16,0,-1,
16,17,0,-1,
17,18,0,-1,
18,19,0,-1,
19,20,0,-1,
20,21,0,-1,
21,22,0,-1,
22,23,0,-1,
23,24,0,-1,
24,25,0,-1,
25,26,0,-1,
26,27,0,-1,
30,29,28,-1,
31,30,28,-1,
32,31,28,-1,
33,32,28,-1,
34,33,28,-1,
35,34,28,-1,
36,35,28,-1,
37,36,28,-1,
38,37,28,-1,
39,38,28,-1,
40,39,28,-1,
41,40,28,-1,
42,41,28,-1,
43,42,28,-1,
44,43,28,-1,
45,44,28,-1,
46,45,28,-1,
47,46,28,-1,
48,47,28,-1,
49,48,28,-1,
50,49,28,-1,
51,50,28,-1,
52,51,28,-1,
53,52,28,-1,
54,53,28,-1,
55,54,28,-1,
56,57,58,59,-1,
60,61,57,56,-1,
61,62,58,57,-1,
62,63,59,58,-1,
63,60,56,59,-1,
63,62,61,60,-1,
64,65,66,67,-1,
68,69,65,64,-1,
69,70,66,65,-1,
70,71,67,66,-1,
71,68,64,67,-1,
71,70,69,68,-1,
72,73,74,75,-1,
76,77,73,72,-1,
77,78,74,73,-1,
78,79,75,74,-1,
79,76,72,75,-1,
79,78,77,76,-1,
80,81,82,83,-1,
84,85,81,80,-1,
85,86,82,81,-1,
86,87,83,82,-1,
87,84,80,83,-1,
87,86,85,84,-1,
88,89,90,91,-1,
92,93,89,88,-1,
93,94,90,89,-1,
94,95,91,90,-1,
95,92,88,91,-1,
95,94,93,92,-1,
96,97,98,99,-1,
100,101,97,96,-1,
101,102,98,97,-1,
102,103,99,98,-1,
103,100,96,99,-1,
103,102,101,100,-1,
104,105,106,107,-1,
108,109,105,104,-1,
109,110,106,105,-1,
110,111,107,106,-1,
111,108,104,107,-1,
111,110,109,108,-1,
112,113,114,115,-1,
116,117,113,112,-1,
117,118,114,113,-1,
118,119,115,114,-1,
119,116,112,115,-1,
119,118,117,116,-1,
120,121,122,123,-1,
124,125,121,120,-1,
125,126,122,121,-1,
126,127,123,122,-1,
127,124,120,123,-1,
127,126,125,124,-1,
128,129,130,131,-1,
132,133,129,128,-1,
133,134,130,129,-1,
134,135,131,130,-1,
135,132,128,131,-1,
135,134,133,132,-1,
136,137,138,139,-1,
140,141,137,136,-1,
141,142,138,137,-1,
142,143,139,138,-1,
143,140,136,139,-1,
143,142,141,140,-1,
144,145,146,147,-1,
148,149,145,144,-1,
149,150,146,145,-1,
150,151,147,146,-1,
151,148,144,147,-1,
151,150,149,148,-1,
152,153,154,155,-1,
156,157,153,152,-1,
157,158,154,153,-1,
158,159,155,154,-1,
159,156,152,155,-1,
159,158,157,156,-1,
160,161,162,163,-1,
164,165,161,160,-1,
165,166,162,161,-1,
166,167,163,162,-1,
167,164,160,163,-1,
167,166,165,164,-1,
168,169,170,171,-1,
172,173,169,168,-1,
173,174,170,169,-1,
174,175,171,170,-1,
175,172,168,171,-1,
175,174,173,172,-1,
176,177,178,179,-1,
180,181,177,176,-1,
181,182,178,177,-1,
182,183,179,178,-1,
183,180,176,179,-1,
183,182,181,180,-1,
184,185,186,187,-1,
188,189,185,184,-1,
189,190,186,185,-1,
190,191,187,186,-1,
191,188,184,187,-1,
191,190,189,188,-1,
192,193,194,195,-1,
196,197,193,192,-1,
197,198,194,193,-1,
198,199,195,194,-1,
199,196,192,195,-1,
199,198,197,196,-1,
200,201,202,203,-1,
204,205,201,200,-1,
205,206,202,201,-1,
206,207,203,202,-1,
207,204,200,203,-1,
207,206,205,204,-1,
208,209,210,211,-1,
212,213,209,208,-1,
213,214,210,209,-1,
214,215,211,210,-1,
215,212,208,211,-1,
215,214,213,212,-1,
216,217,218,219,-1,
220,221,217,216,-1,
221,222,218,217,-1,
222,223,219,218,-1,
223,220,216,219,-1,
223,222,221,220,-1,
224,225,226,227,-1,
228,229,225,224,-1,
229,230,226,225,-1,
230,231,227,226,-1,
231,228,224,227,-1,
231,230,229,228,-1,
232,233,234,235,-1,
236,237,233,232,-1,
237,238,234,233,-1,
238,239,235,234,-1,
239,236,232,235,-1,
239,238,237,236,-1,
240,241,242,243,-1,
244,245,241,240,-1,
245,246,242,241,-1,
246,247,243,242,-1,
247,244,240,243,-1,
247,246,245,244,-1,
248,249,250,251,-1,
252,253,249,248,-1,
253,254,250,249,-1,
254,255,251,250,-1,
255,252,248,251,-1,
255,254,253,252,-1,
256,257,258,259,-1,
260,261,257,256,-1,
261,262,258,257,-1,
262,263,259,258,-1,
263,260,256,259,-1,
263,262,261,260,-1,
264,265,266,267,-1,
268,269,265,264,-1,
269,270,266,265,-1,
270,271,267,266,-1,
271,268,264,267,-1,
271,270,269,268,-1,
272,273,274,275,-1,
276,277,273,272,-1,
277,278,274,273,-1,
278,279,275,274,-1,
279,276,272,275,-1,
279,278,277,276,-1,
280,281,282,283,-1,
284,285,281,280,-1,
285,286,282,281,-1,
286,287,283,282,-1,
287,284,280,283,-1,
287,286,285,284,-1,
288,289,290,291,-1,
292,293,289,288,-1,
293,294,290,289,-1,
294,295,291,290,-1,
295,292,288,291,-1,
295,294,293,292,-1,
296,297,298,299,-1,
300,301,297,296,-1,
301,302,298,297,-1,
302,303,299,298,-1,
303,300,296,299,-1,
303,302,301,300,-1,
304,305,306,307,-1,
308,309,305,304,-1,
309,310,306,305,-1,
310,311,307,306,-1,
311,308,304,307,-1,
311,310,309,308,-1,
312,313,314,315,-1,
316,317,313,312,-1,
317,318,314,313,-1,
318,319,315,314,-1,
319,316,312,315,-1,
319,318,317,316,-1,
320,321,322,323,-1,
324,325,321,320,-1,
325,326,322,321,-1,
326,327,323,322,-1,
327,324,320,323,-1,
327,326,325,324,-1,
328,329,330,331,-1,
332,333,329,328,-1,
333,334,330,329,-1,
334,335,331,330,-1,
335,332,328,331,-1,
335,334,333,332,-1,
336,337,338,339,-1,
340,341,337,336,-1,
341,342,338,337,-1,
342,343,339,338,-1,
343,340,336,339,-1,
343,342,341,340,-1,
344,345,346,347,-1,
348,349,345,344,-1,
349,350,346,345,-1,
350,351,347,346,-1,
351,348,344,347,-1,
351,350,349,348,-1,
352,353,354,355,-1,
356,357,353,352,-1,
357,358,354,353,-1,
358,359,355,354,-1,
359,356,352,355,-1,
359,358,357,356,-1,
360,361,362,363,-1,
364,365,361,360,-1,
365,366,362,361,-1,
366,367,363,362,-1,
367,364,360,363,-1,
367,366,365,364,-1,
368,369,370,371,-1,
372,373,369,368,-1,
373,374,370,369,-1,
374,375,371,370,-1,
375,372,368,371,-1,
375,374,373,372,-1,
376,377,378,379,-1,
380,381,377,376,-1,
381,382,378,377,-1,
382,383,379,378,-1,
383,380,376,379,-1,
383,382,381,380,-1,
384,385,386,387,-1,
388,389,385,384,-1,
389,390,386,385,-1,
390,391,387,386,-1,
391,388,384,387,-1,
391,390,389,388,-1,
392,393,394,395,-1,
396,397,393,392,-1,
397,398,394,393,-1,
398,399,395,394,-1,
399,396,392,395,-1,
399,398,397,396,-1,
400,401,402,403,-1,
404,405,401,400,-1,
405,406,402,401,-1,
406,407,403,402,-1,
407,404,400,403,-1,
407,406,405,404,-1,
408,409,410,411,-1,
412,413,409,408,-1,
413,414,410,409,-1,
414,415,411,410,-1,
415,412,408,411,-1,
415,414,413,412,-1,
416,417,418,419,-1,
420,421,417,416,-1,
421,422,418,417,-1,
422,423,419,418,-1,
423,420,416,419,-1,
423,422,421,420,-1,
424,425,426,427,-1,
428,429,425,424,-1,
429,430,426,425,-1,
430,431,427,426,-1,
431,428,424,427,-1,
431,430,429,428,-1,
432,433,434,435,-1,
436,437,433,432,-1,
437,438,434,433,-1,
438,439,435,434,-1,
439,436,432,435,-1,
439,438,437,436,-1,
440,441,442,443,-1,
444,445,441,440,-1,
445,446,442,441,-1,
446,447,443,442,-1,
447,444,440,443,-1,
447,446,445,444,-1,
448,449,450,451,-1,
452,453,449,448,-1,
453,454,450,449,-1,
454,455,451,450,-1,
455,452,448,451,-1,
455,454,453,452,-1,
456,457,458,459,-1,
460,461,457,456,-1,
461,462,458,457,-1,
462,463,459,458,-1,
463,460,456,459,-1,
463,462,461,460,-1,
464,465,466,467,-1,
468,469,465,464,-1,
469,470,466,465,-1,
470,471,467,466,-1,
471,468,464,467,-1,
471,470,469,468,-1,
472,473,474,475,-1,
476,477,473,472,-1,
477,478,474,473,-1,
478,479,475,474,-1,
479,476,472,475,-1,
479,478,477,476,-1,
480,481,482,483,-1,
484,485,481,480,-1,
485,486,482,481,-1,
486,487,483,482,-1,
487,484,480,483,-1,
487,486,485,484,-1,
488,489,490,491,-1,
492,493,489,488,-1,
493,494,490,489,-1,
494,495,491,490,-1,
495,492,488,491,-1,
495,494,493,492,-1,
496,497,498,499,-1,
500,501,497,496,-1,
501,502,498,497,-1,
502,503,499,498,-1,
503,500,496,499,-1,
503,502,501,500,-1,
504,505,506,507,-1,
508,509,505,504,-1,
509,510,506,505,-1,
510,511,507,506,-1,
511,508,504,507,-1,
511,510,509,508,-1,
512,513,514,515,-1,
516,517,513,512,-1,
517,518,514,513,-1,
518,519,515,514,-1,
519,516,512,515,-1,
519,518,517,516,-1,
520,521,522,523,-1,
524,525,521,520,-1,
525,526,522,521,-1,
526,527,523,522,-1,
527,524,520,523,-1,
527,526,525,524,-1,
528,529,530,531,-1,
532,533,529,528,-1,
533,534,530,529,-1,
534,535,531,530,-1,
535,532,528,531,-1,
535,534,533,532,-1,
536,537,538,539,-1,
540,541,537,536,-1,
541,542,538,537,-1,
542,543,539,538,-1,
543,540,536,539,-1,
543,542,541,540,-1,
544,545,546,547,-1,
548,549,545,544,-1,
549,550,546,545,-1,
550,551,547,546,-1,
551,548,544,547,-1,
551,550,549,548,-1,
552,553,554,555,-1,
556,557,553,552,-1,
557,558,554,553,-1,
558,559,555,554,-1,
559,556,552,555,-1,
559,558,557,556,-1,
560,561,562,563,-1,
564,565,561,560,-1,
565,566,562,561,-1,
566,567,563,562,-1,
567,564,560,563,-1,
567,566,565,564,-1,
568,569,570,571,-1,
572,573,569,568,-1,
573,574,570,569,-1,
574,575,571,570,-1,
575,572,568,571,-1,
575,574,573,572,-1,
576,577,578,579,-1,
580,581,577,576,-1,
581,582,578,577,-1,
582,583,579,578,-1,
583,580,576,579,-1,
583,582,581,580,-1,
584,585,586,587,-1,
588,589,585,584,-1,
589,590,586,585,-1,
590,591,587,586,-1,
591,588,584,587,-1,
591,590,589,588,-1,
592,593,594,595,-1,
596,597,593,592,-1,
597,598,594,593,-1,
598,599,595,594,-1,
599,596,592,595,-1,
599,598,597,596,-1,
600,601,602,603,-1,
604,605,601,600,-1,
605,606,602,601,-1,
606,607,603,602,-1,
607,604,600,603,-1,
607,606,605,604,-1,
608,609,610,611,-1,
612,613,609,608,-1,
613,614,610,609,-1,
614,615,611,610,-1,
615,612,608,611,-1,
615,614,613,612,-1,
616,617,618,619,-1,
620,621,617,616,-1,
621,622,618,617,-1,
622,623,619,618,-1,
623,620,616,619,-1,
623,622,621,620,-1,
624,625,626,627,-1,
628,629,625,624,-1,
629,630,626,625,-1,
630,631,627,626,-1,
631,628,624,627,-1,
631,630,629,628,-1,
632,633,634,635,-1,
636,637,633,632,-1,
637,638,634,633,-1,
638,639,635,634,-1,
639,636,632,635,-1,
639,638,637,636,-1,
640,641,642,643,-1,
644,645,641,640,-1,
645,646,642,641,-1,
646,647,643,642,-1,
647,644,640,643,-1,
647,646,645,644,-1,
648,649,650,651,-1,
652,653,649,648,-1,
653,654,650,649,-1,
654,655,651,650,-1,
655,652,648,651,-1,
655,654,653,652,-1,
656,657,658,659,-1,
660,661,657,656,-1,
661,662,658,657,-1,
662,663,659,658,-1,
663,660,656,659,-1,
663,662,661,660,-1,
664,665,666,667,-1,
668,669,665,664,-1,
669,670,666,665,-1,
670,671,667,666,-1,
671,668,664,667,-1,
671,670,669,668,-1,
672,673,674,675,-1,
676,677,673,672,-1,
677,678,674,673,-1,
678,679,675,674,-1,
679,676,672,675,-1,
679,678,677,676,-1,
708,709,681,680,-1,
709,710,682,681,-1,
710,711,683,682,-1,
711,712,684,683,-1,
712,713,685,684,-1,
713,714,686,685,-1,
714,715,687,686,-1,
715,716,688,687,-1,
716,717,689,688,-1,
717,718,690,689,-1,
718,719,691,690,-1,
719,720,692,691,-1,
720,721,693,692,-1,
721,722,694,693,-1,
722,723,695,694,-1,
723,724,696,695,-1,
724,725,697,696,-1,
725,726,698,697,-1,
726,727,699,698,-1,
727,728,700,699,-1,
728,729,701,700,-1,
729,730,702,701,-1,
730,731,703,702,-1,
731,732,704,703,-1,
732,733,705,704,-1,
733,734,706,705,-1,
734,735,707,706,-1,
735,708,680,707,-1,
681,682,680,-1,
682,683,680,-1,
683,684,680,-1,
684,685,680,-1,
685,686,680,-1,
686,687,680,-1,
687,688,680,-1,
688,689,680,-1,
689,690,680,-1,
690,691,680,-1,
691,692,680,-1,
692,693,680,-1,
693,694,680,-1,
694,695,680,-1,
695,696,680,-1,
696,697,680,-1,
697,698,680,-1,
698,699,680,-1,
699,700,680,-1,
700,701,680,-1,
701,702,680,-1,
702,703,680,-1,
703,704,680,-1,
704,705,680,-1,
705,706,680,-1,
706,707,680,-1,
710,709,708,-1,
711,710,708,-1,
712,711,708,-1,
713,712,708,-1,
714,713,708,-1,
715,714,708,-1,
716,715,708,-1,
717,716,708,-1,
718,717,708,-1,
719,718,708,-1,
720,719,708,-1,
721,720,708,-1,
722,721,708,-1,
723,722,708,-1,
724,723,708,-1,
725,724,708,-1,
726,725,708,-1,
727,726,708,-1,
728,727,708,-1,
729,728,708,-1,
730,729,708,-1,
731,730,708,-1,
732,731,708,-1,
733,732,708,-1,
734,733,708,-1,
735,734,708,-1,
736,737,738,739,-1,
740,741,737,736,-1,
741,742,738,737,-1,
742,743,739,738,-1,
743,740,736,739,-1,
743,742,741,740,-1,
744,745,746,747,-1,
748,749,745,744,-1,
749,750,746,745,-1,
750,751,747,746,-1,
751,748,744,747,-1,
751,750,749,748,-1,
752,753,754,755,-1,
756,757,753,752,-1,
757,758,754,753,-1,
758,759,755,754,-1,
759,756,752,755,-1,
759,758,757,756,-1,
760,761,762,763,-1,
764,765,761,760,-1,
765,766,762,761,-1,
766,767,763,762,-1,
767,764,760,763,-1,
767,766,765,764,-1,
768,769,770,771,-1,
772,773,769,768,-1,
773,774,770,769,-1,
774,775,771,770,-1,
775,772,768,771,-1,
775,774,773,772,-1,
776,777,778,779,-1,
780,781,777,776,-1,
781,782,778,777,-1,
782,783,779,778,-1,
783,780,776,779,-1,
783,782,781,780,-1,
784,785,786,787,-1,
788,789,785,784,-1,
789,790,786,785,-1,
790,791,787,786,-1,
791,788,784,787,-1,
791,790,789,788,-1,
792,793,794,795,-1,
796,797,793,792,-1,
797,798,794,793,-1,
798,799,795,794,-1,
799,796,792,795,-1,
799,798,797,796,-1,
800,801,802,803,-1,
804,805,801,800,-1,
805,806,802,801,-1,
806,807,803,802,-1,
807,804,800,803,-1,
807,806,805,804,-1,
808,809,810,811,-1,
812,813,809,808,-1,
813,814,810,809,-1,
814,815,811,810,-1,
815,812,808,811,-1,
815,814,813,812,-1,
816,817,818,819,-1,
820,821,817,816,-1,
821,822,818,817,-1,
822,823,819,818,-1,
823,820,816,819,-1,
823,822,821,820,-1,
824,825,826,827,-1,
828,829,825,824,-1,
829,830,826,825,-1,
830,831,827,826,-1,
831,828,824,827,-1,
831,830,829,828,-1,
832,833,834,835,-1,
836,837,833,832,-1,
837,838,834,833,-1,
838,839,835,834,-1,
839,836,832,835,-1,
839,838,837,836,-1,
840,841,842,843,-1,
844,845,841,840,-1,
845,846,842,841,-1,
846,847,843,842,-1,
847,844,840,843,-1,
847,846,845,844,-1,
848,849,850,851,-1,
852,853,849,848,-1,
853,854,850,849,-1,
854,855,851,850,-1,
855,852,848,851,-1,
855,854,853,852,-1,
856,857,858,859,-1,
860,861,857,856,-1,
861,862,858,857,-1,
862,863,859,858,-1,
863,860,856,859,-1,
863,862,861,860,-1,
864,865,866,867,-1,
868,869,865,864,-1,
869,870,866,865,-1,
870,871,867,866,-1,
871,868,864,867,-1,
871,870,869,868,-1,
872,873,874,875,-1,
876,877,873,872,-1,
877,878,874,873,-1,
878,879,875,874,-1,
879,876,872,875,-1,
879,878,877,876,-1,
880,881,882,883,-1,
884,885,881,880,-1,
885,886,882,881,-1,
886,887,883,882,-1,
887,884,880,883,-1,
887,886,885,884,-1,
888,889,890,891,-1,
892,893,889,888,-1,
893,894,890,889,-1,
894,895,891,890,-1,
895,892,888,891,-1,
895,894,893,892,-1,
896,897,898,899,-1,
900,901,897,896,-1,
901,902,898,897,-1,
902,903,899,898,-1,
903,900,896,899,-1,
903,902,901,900,-1,
904,905,906,907,-1,
908,909,905,904,-1,
909,910,906,905,-1,
910,911,907,906,-1,
911,908,904,907,-1,
911,910,909,908,-1,
912,913,914,915,-1,
916,917,913,912,-1,
917,918,914,913,-1,
918,919,915,914,-1,
919,916,912,915,-1,
919,918,917,916,-1,
920,921,922,923,-1,
924,925,921,920,-1,
925,926,922,921,-1,
926,927,923,922,-1,
927,924,920,923,-1,
927,926,925,924,-1,
928,929,930,931,-1,
932,933,929,928,-1,
933,934,930,929,-1,
934,935,931,930,-1,
935,932,928,931,-1,
935,934,933,932,-1,
936,937,938,939,-1,
940,941,937,936,-1,
941,942,938,937,-1,
942,943,939,938,-1,
943,940,936,939,-1,
943,942,941,940,-1,
944,945,946,947,-1,
948,949,945,944,-1,
949,950,946,945,-1,
950,951,947,946,-1,
951,948,944,947,-1,
951,950,949,948,-1,
952,953,954,955,-1,
956,957,953,952,-1,
957,958,954,953,-1,
958,959,955,954,-1,
959,956,952,955,-1,
959,958,957,956,-1,
960,961,962,963,-1,
964,965,961,960,-1,
965,966,962,961,-1,
966,967,963,962,-1,
967,964,960,963,-1,
967,966,965,964,-1,
968,969,970,971,-1,
972,973,969,968,-1,
973,974,970,969,-1,
974,975,971,970,-1,
975,972,968,971,-1,
975,974,973,972,-1,
976,977,978,979,-1,
980,981,977,976,-1,
981,982,978,977,-1,
982,983,979,978,-1,
983,980,976,979,-1,
983,982,981,980,-1,
984,985,986,987,-1,
988,989,985,984,-1,
989,990,986,985,-1,
990,991,987,986,-1,
991,988,984,987,-1,
991,990,989,988,-1,
992,993,994,995,-1,
996,997,993,992,-1,
997,998,994,993,-1,
998,999,995,994,-1,
999,996,992,995,-1,
999,998,997,996,-1,
1000,1001,1002,1003,-1,
1004,1005,1001,1000,-1,
1005,1006,1002,1001,-1,
1006,1007,1003,1002,-1,
1007,1004,1000,1003,-1,
1007,1006,1005,1004,-1,
1008,1009,1010,1011,-1,
1012,1013,1009,1008,-1,
1013,1014,1010,1009,-1,
1014,1015,1011,1010,-1,
1015,1012,1008,1011,-1,
1015,1014,1013,1012,-1,
1016,1017,1018,1019,-1,
1020,1021,1017,1016,-1,
1021,1022,1018,1017,-1,
1022,1023,1019,1018,-1,
1023,1020,1016,1019,-1,
1023,1022,1021,1020,-1,
1024,1025,1026,1027,-1,
1028,1029,1025,1024,-1,
1029,1030,1026,1025,-1,
1030,1031,1027,1026,-1,
1031,1028,1024,1027,-1,
1031,1030,1029,1028,-1,
1032,1033,1034,1035,-1,
1036,1037,1033,1032,-1,
1037,1038,1034,1033,-1,
1038,1039,1035,1034,-1,
1039,1036,1032,1035,-1,
1039,1038,1037,1036,-1,
1040,1041,1042,1043,-1,
1044,1045,1041,1040,-1,
1045,1046,1042,1041,-1,
1046,1047,1043,1042,-1,
1047,1044,1040,1043,-1,
1047,1046,1045,1044,-1,
1048,1049,1050,1051,-1,
1052,1053,1049,1048,-1,
1053,1054,1050,1049,-1,
1054,1055,1051,1050,-1,
1055,1052,1048,1051,-1,
1055,1054,1053,1052,-1,
1056,1057,1058,1059,-1,
1060,1061,1057,1056,-1,
1061,1062,1058,1057,-1,
1062,1063,1059,1058,-1,
1063,1060,1056,1059,-1,
1063,1062,1061,1060,-1,
1064,1065,1066,1067,-1,
1068,1069,1065,1064,-1,
1069,1070,1066,1065,-1,
1070,1071,1067,1066,-1,
1071,1068,1064,1067,-1,
1071,1070,1069,1068,-1,
1072,1073,1074,1075,-1,
1076,1077,1073,1072,-1,
1077,1078,1074,1073,-1,
1078,1079,1075,1074,-1,
1079,1076,1072,1075,-1,
1079,1078,1077,1076,-1,
1080,1081,1082,1083,-1,
1084,1085,1081,1080,-1,
1085,1086,1082,1081,-1,
1086,1087,1083,1082,-1,
1087,1084,1080,1083,-1,
1087,1086,1085,1084,-1,
1088,1089,1090,1091,-1,
1092,1093,1089,1088,-1,
1093,1094,1090,1089,-1,
1094,1095,1091,1090,-1,
1095,1092,1088,1091,-1,
1095,1094,1093,1092,-1,
1096,1097,1098,1099,-1,
1100,1101,1097,1096,-1,
1101,1102,1098,1097,-1,
1102,1103,1099,1098,-1,
1103,1100,1096,1099,-1,
1103,1102,1101,1100,-1,
1104,1105,1106,1107,-1,
1108,1109,1105,1104,-1,
1109,1110,1106,1105,-1,
1110,1111,1107,1106,-1,
1111,1108,1104,1107,-1,
1111,1110,1109,1108,-1,
1112,1113,1114,1115,-1,
1116,1117,1113,1112,-1,
1117,1118,1114,1113,-1,
1118,1119,1115,1114,-1,
1119,1116,1112,1115,-1,
1119,1118,1117,1116,-1,
1120,1121,1122,1123,-1,
1124,1125,1121,1120,-1,
1125,1126,1122,1121,-1,
1126,1127,1123,1122,-1,
1127,1124,1120,1123,-1,
1127,1126,1125,1124,-1,
1128,1129,1130,1131,-1,
1132,1133,1129,1128,-1,
1133,1134,1130,1129,-1,
1134,1135,1131,1130,-1,
1135,1132,1128,1131,-1,
1135,1134,1133,1132,-1,
1136,1137,1138,1139,-1,
1140,1141,1137,1136,-1,
1141,1142,1138,1137,-1,
1142,1143,1139,1138,-1,
1143,1140,1136,1139,-1,
1143,1142,1141,1140,-1,
1144,1145,1146,1147,-1,
1148,1149,1145,1144,-1,
1149,1150,1146,1145,-1,
1150,1151,1147,1146,-1,
1151,1148,1144,1147,-1,
1151,1150,1149,1148,-1,
1152,1153,1154,1155,-1,
1156,1157,1153,1152,-1,
1157,1158,1154,1153,-1,
1158,1159,1155,1154,-1,
1159,1156,1152,1155,-1,
1159,1158,1157,1156,-1,
1160,1161,1162,1163,-1,
1164,1165,1161,1160,-1,
1165,1166,1162,1161,-1,
1166,1167,1163,1162,-1,
1167,1164,1160,1163,-1,
1167,1166,1165,1164,-1,
1168,1169,1170,1171,-1,
1172,1173,1169,1168,-1,
1173,1174,1170,1169,-1,
1174,1175,1171,1170,-1,
1175,1172,1168,1171,-1,
1175,1174,1173,1172,-1,
1176,1177,1178,1179,-1,
1180,1181,1177,1176,-1,
1181,1182,1178,1177,-1,
1182,1183,1179,1178,-1,
1183,1180,1176,1179,-1,
1183,1182,1181,1180,-1,
1184,1185,1186,1187,-1,
1188,1189,1185,1184,-1,
1189,1190,1186,1185,-1,
1190,1191,1187,1186,-1,
1191,1188,1184,1187,-1,
1191,1190,1189,1188,-1,
1192,1193,1194,1195,-1,
1196,1197,1193,1192,-1,
1197,1198,1194,1193,-1,
1198,1199,1195,1194,-1,
1199,1196,1192,1195,-1,
1199,1198,1197,1196,-1,
1200,1201,1202,1203,-1,
1204,1205,1201,1200,-1,
1205,1206,1202,1201,-1,
1206,1207,1203,1202,-1,
1207,1204,1200,1203,-1,
1207,1206,1205,1204,-1,
1208,1209,1210,1211,-1,
1212,1213,1209,1208,-1,
1213,1214,1210,1209,-1,
1214,1215,1211,1210,-1,
1215,1212,1208,1211,-1,
1215,1214,1213,1212,-1,
1216,1217,1218,1219,-1,
1220,1221,1217,1216,-1,
1221,1222,1218,1217,-1,
1222,1223,1219,1218,-1,
1223,1220,1216,1219,-1,
1223,1222,1221,1220,-1,
1224,1225,1226,1227,-1,
1228,1229,1225,1224,-1,
1229,1230,1226,1225,-1,
1230,1231,1227,1226,-1,
1231,1228,1224,1227,-1,
1231,1230,1229,1228,-1,
1232,1233,1234,1235,-1,
1236,1237,1233,1232,-1,
1237,1238,1234,1233,-1,
1238,1239,1235,1234,-1,
1239,1236,1232,1235,-1,
1239,1238,1237,1236,-1,
1240,1241,1242,1243,-1,
1244,1245,1241,1240,-1,
1245,1246,1242,1241,-1,
1246,1247,1243,1242,-1,
1247,1244,1240,1243,-1,
1247,1246,1245,1244,-1,
1248,1249,1250,1251,-1,
1252,1253,1249,1248,-1,
1253,1254,1250,1249,-1,
1254,1255,1251,1250,-1,
1255,1252,1248,1251,-1,
1255,1254,1253,1252,-1,
1256,1257,1258,1259,-1,
1260,1261,1257,1256,-1,
1261,1262,1258,1257,-1,
1262,1263,1259,1258,-1,
1263,1260,1256,1259,-1,
1263,1262,1261,1260,-1,
1264,1265,1266,1267,-1,
1268,1269,1265,1264,-1,
1269,1270,1266,1265,-1,
1270,1271,1267,1266,-1,
1271,1268,1264,1267,-1,
1271,1270,1269,1268,-1,
1272,1273,1274,1275,-1,
1276,1277,1273,1272,-1,
1277,1278,1274,1273,-1,
1278,1279,1275,1274,-1,
1279,1276,1272,1275,-1,
1279,1278,1277,1276,-1,
1280,1281,1282,1283,-1,
1284,1285,1281,1280,-1,
1285,1286,1282,1281,-1,
1286,1287,1283,1282,-1,
1287,1284,1280,1283,-1,
1287,1286,1285,1284,-1,
1288,1289,1290,1291,-1,
1292,1293,1289,1288,-1,
1293,1294,1290,1289,-1,
1294,1295,1291,1290,-1,
1295,1292,1288,1291,-1,
1295,1294,1293,1292,-1,
1296,1297,1298,1299,-1,
1300,1301,1297,1296,-1,
1301,1302,1298,1297,-1,
1302,1303,1299,1298,-1,
1303,1300,1296,1299,-1,
1303,1302,1301,1300,-1,
1304,1305,1306,1307,-1,
1308,1309,1305,1304,-1,
1309,1310,1306,1305,-1,
1310,1311,1307,1306,-1,
1311,1308,1304,1307,-1,
1311,1310,1309,1308,-1,
1312,1313,1314,1315,-1,
1316,1317,1313,1312,-1,
1317,1318,1314,1313,-1,
1318,1319,1315,1314,-1,
1319,1316,1312,1315,-1,
1319,1318,1317,1316,-1,
1320,1321,1322,1323,-1,
1324,1325,1321,1320,-1,
1325,1326,1322,1321,-1,
1326,1327,1323,1322,-1,
1327,1324,1320,1323,-1,
1327,1326,1325,1324,-1,
1328,1329,1330,1331,-1,
1332,1333,1329,1328,-1,
1333,1334,1330,1329,-1,
1334,1335,1331,1330,-1,
1335,1332,1328,1331,-1,
1335,1334,1333,1332,-1,
1336,1337,1338,1339,-1,
1340,1341,1337,1336,-1,
1341,1342,1338,1337,-1,
1342,1343,1339,1338,-1,
1343,1340,1336,1339,-1,
1343,1342,1341,1340,-1,
1344,1345,1346,1347,-1,
1348,1349,1345,1344,-1,
1349,1350,1346,1345,-1,
1350,1351,1347,1346,-1,
1351,1348,1344,1347,-1,
1351,1350,1349,1348,-1,
1352,1353,1354,1355,-1,
1356,1357,1353,1352,-1,
1357,1358,1354,1353,-1,
1358,1359,1355,1354,-1,
1359,1356,1352,1355,-1,
1359,1358,1357,1356,-1,
] } }
Shape { appearance Appearance { material Material { diffuseColor 0.075 0.35 0.32 specularColor 0.3 0.3 0.3 shininess 0.15 } }
geometry IndexedFaceSet { solid FALSE creaseAngle 0.6 coord Coordinate { point [
-4.503937 -18.673228 3.188976,
-4.517352 -18.775126 3.188976,
-4.556683 -18.870079 3.188976,
-4.619249 -18.951617 3.188976,
-4.700787 -19.014183 3.188976,
-4.795741 -19.053514 3.188976,
-4.897638 -19.066929 3.188976,
-17.102362 -19.066929 3.188976,
-17.204259 -19.053514 3.188976,
-17.299213 -19.014183 3.188976,
-17.380751 -18.951617 3.188976,
-17.443317 -18.870079 3.188976,
-17.482648 -18.775126 3.188976,
-17.496063 -18.673228 3.188976,
-17.496063 20.145669 3.188976,
-17.482648 20.247567 3.188976,
-17.443317 20.342520 3.188976,
-17.380751 20.424058 3.188976,
-17.299213 20.486624 3.188976,
-17.204259 20.525955 3.188976,
-17.102362 20.539370 3.188976,
-4.897638 20.539370 3.188976,
-4.795741 20.525955 3.188976,
-4.700787 20.486624 3.188976,
-4.619249 20.424058 3.188976,
-4.556683 20.342520 3.188976,
-4.517352 20.247567 3.188976,
-4.503937 20.145669 3.188976,
-4.503937 -18.673228 3.425197,
-4.517352 -18.775126 3.425197,
-4.556683 -18.870079 3.425197,
-4.619249 -18.951617 3.425197,
-4.700787 -19.014183 3.425197,
-4.795741 -19.053514 3.425197,
-4.897638 -19.066929 3.425197,
-17.102362 -19.066929 3.425197,
-17.204259 -19.053514 3.425197,
-17.299213 -19.014183 3.425197,
-17.380751 -18.951617 3.425197,
-17.443317 -18.870079 3.425197,
-17.482648 -18.775126 3.425197,
-17.496063 -18.673228 3.425197,
-17.496063 20.145669 3.425197,
-17.482648 20.247567 3.425197,
-17.443317 20.342520 3.425197,
-17.380751 20.424058 3.425197,
-17.299213 20.486624 3.425197,
-17.204259 20.525955 3.425197,
-17.102362 20.539370 3.425197,
-4.897638 20.539370 3.425197,
-4.795741 20.525955 3.425197,
-4.700787 20.486624 3.425197,
-4.619249 20.424058 3.425197,
-4.556683 20.342520 3.425197,
-4.517352 20.247567 3.425197,
-4.503937 20.145669 3.425197,
-15.724409 19.358268 0.000000,
-15.744532 19.205422 0.000000,
-15.803528 19.062992 0.000000,
-15.897378 18.940685 0.000000,
-16.019685 18.846835 0.000000,
-16.162115 18.787839 0.000000,
-16.314961 18.767717 0.000000,
-16.467807 18.787839 0.000000,
-16.610236 18.846835 0.000000,
-16.732543 18.940685 0.000000,
-16.826393 19.062992 0.000000,
-16.885389 19.205422 0.000000,
-16.905512 19.358268 0.000000,
-16.885389 19.511114 0.000000,
-16.826393 19.653543 0.000000,
-16.732543 19.775850 0.000000,
-16.610236 19.869700 0.000000,
-16.467807 19.928696 0.000000,
-16.314961 19.948819 0.000000,
-16.162115 19.928696 0.000000,
-16.019685 19.869700 0.000000,
-15.897378 19.775850 0.000000,
-15.803528 19.653543 0.000000,
-15.744532 19.511114 0.000000,
-15.724409 19.358268 0.216535,
-15.744532 19.205422 0.216535,
-15.803528 19.062992 0.216535,
-15.897378 18.940685 0.216535,
-16.019685 18.846835 0.216535,
-16.162115 18.787839 0.216535,
-16.314961 18.767717 0.216535,
-16.467807 18.787839 0.216535,
-16.610236 18.846835 0.216535,
-16.732543 18.940685 0.216535,
-16.826393 19.062992 0.216535,
-16.885389 19.205422 0.216535,
-16.905512 19.358268 0.216535,
-16.885389 19.511114 0.216535,
-16.826393 19.653543 0.216535,
-16.732543 19.775850 0.216535,
-16.610236 19.869700 0.216535,
-16.467807 19.928696 0.216535,
-16.314961 19.948819 0.216535,
-16.162115 19.928696 0.216535,
-16.019685 19.869700 0.216535,
-15.897378 19.775850 0.216535,
-15.803528 19.653543 0.216535,
-15.744532 19.511114 0.216535,
-15.724409 -17.885827 0.000000,
-15.744532 -18.038673 0.000000,
-15.803528 -18.181102 0.000000,
-15.897378 -18.303410 0.000000,
-16.019685 -18.397259 0.000000,
-16.162115 -18.456255 0.000000,
-16.314961 -18.476378 0.000000,
-16.467807 -18.456255 0.000000,
-16.610236 -18.397259 0.000000,
-16.732543 -18.303410 0.000000,
-16.826393 -18.181102 0.000000,
-16.885389 -18.038673 0.000000,
-16.905512 -17.885827 0.000000,
-16.885389 -17.732981 0.000000,
-16.826393 -17.590551 0.000000,
-16.732543 -17.468244 0.000000,
-16.610236 -17.374394 0.000000,
-16.467807 -17.315398 0.000000,
-16.314961 -17.295276 0.000000,
-16.162115 -17.315398 0.000000,
-16.019685 -17.374394 0.000000,
-15.897378 -17.468244 0.000000,
-15.803528 -17.590551 0.000000,
-15.744532 -17.732981 0.000000,
-15.724409 -17.885827 0.216535,
-15.744532 -18.038673 0.216535,
-15.803528 -18.181102 0.216535,
-15.897378 -18.303410 0.216535,
-16.019685 -18.397259 0.216535,
-16.162115 -18.456255 0.216535,
-16.314961 -18.476378 0.216535,
-16.467807 -18.456255 0.216535,
-16.610236 -18.397259 0.216535,
-16.732543 -18.303410 0.216535,
-16.826393 -18.181102 0.216535,
-16.885389 -18.038673 0.216535,
-16.905512 -17.885827 0.216535,
-16.885389 -17.732981 0.216535,
-16.826393 -17.590551 0.216535,
-16.732543 -17.468244 0.216535,
-16.610236 -17.374394 0.216535,
-16.467807 -17.315398 0.216535,
-16.314961 -17.295276 0.216535,
-16.162115 -17.315398 0.216535,
-16.019685 -17.374394 0.216535,
-15.897378 -17.468244 0.216535,
-15.803528 -17.590551 0.216535,
-15.744532 -17.732981 0.216535,
-5.094488 19.358268 0.000000,
-5.114611 19.205422 0.000000,
-5.173607 19.062992 0.000000,
-5.267457 18.940685 0.000000,
-5.389764 18.846835 0.000000,
-5.532193 18.787839 0.000000,
-5.685039 18.767717 0.000000,
-5.837885 18.787839 0.000000,
-5.980315 18.846835 0.000000,
-6.102622 18.940685 0.000000,
-6.196472 19.062992 0.000000,
-6.255468 19.205422 0.000000,
-6.275591 19.358268 0.000000,
-6.255468 19.511114 0.000000,
-6.196472 19.653543 0.000000,
-6.102622 19.775850 0.000000,
-5.980315 19.869700 0.000000,
-5.837885 19.928696 0.000000,
-5.685039 19.948819 0.000000,
-5.532193 19.928696 0.000000,
-5.389764 19.869700 0.000000,
-5.267457 19.775850 0.000000,
-5.173607 19.653543 0.000000,
-5.114611 19.511114 0.000000,
-5.094488 19.358268 0.216535,
-5.114611 19.205422 0.216535,
-5.173607 19.062992 0.216535,
-5.267457 18.940685 0.216535,
-5.389764 18.846835 0.216535,
-5.532193 18.787839 0.216535,
-5.685039 18.767717 0.216535,
-5.837885 18.787839 0.216535,
-5.980315 18.846835 0.216535,
-6.102622 18.940685 0.216535,
-6.196472 19.062992 0.216535,
-6.255468 19.205422 0.216535,
-6.275591 19.358268 0.216535,
-6.255468 19.511114 0.216535,
-6.196472 19.653543 0.216535,
-6.102622 19.775850 0.216535,
-5.980315 19.869700 0.216535,
-5.837885 19.928696 0.216535,
-5.685039 19.948819 0.216535,
-5.532193 19.928696 0.216535,
-5.389764 19.869700 0.216535,
-5.267457 19.775850 0.216535,
-5.173607 19.653543 0.216535,
-5.114611 19.511114 0.216535,
-5.094488 -17.885827 0.000000,
-5.114611 -18.038673 0.000000,
-5.173607 -18.181102 0.000000,
-5.267457 -18.303410 0.000000,
-5.389764 -18.397259 0.000000,
-5.532193 -18.456255 0.000000,
-5.685039 -18.476378 0.000000,
-5.837885 -18.456255 0.000000,
-5.980315 -18.397259 0.000000,
-6.102622 -18.303410 0.000000,
-6.196472 -18.181102 0.000000,
-6.255468 -18.038673 0.000000,
-6.275591 -17.885827 0.000000,
-6.255468 -17.732981 0.000000,
-6.196472 -17.590551 0.000000,
-6.102622 -17.468244 0.000000,
-5.980315 -17.374394 0.000000,
-5.837885 -17.315398 0.000000,
-5.685039 -17.295276 0.000000,
-5.532193 -17.315398 0.000000,
-5.389764 -17.374394 0.000000,
-5.267457 -17.468244 0.000000,
-5.173607 -17.590551 0.000000,
-5.114611 -17.732981 0.000000,
-5.094488 -17.885827 0.216535,
-5.114611 -18.038673 0.216535,
-5.173607 -18.181102 0.216535,
-5.267457 -18.303410 0.216535,
-5.389764 -18.397259 0.216535,
-5.532193 -18.456255 0.216535,
-5.685039 -18.476378 0.216535,
-5.837885 -18.456255 0.216535,
-5.980315 -18.397259 0.216535,
-6.102622 -18.303410 0.216535,
-6.196472 -18.181102 0.216535,
-6.255468 -18.038673 0.216535,
-6.275591 -17.885827 0.216535,
-6.255468 -17.732981 0.216535,
-6.196472 -17.590551 0.216535,
-6.102622 -17.468244 0.216535,
-5.980315 -17.374394 0.216535,
-5.837885 -17.315398 0.216535,
-5.685039 -17.295276 0.216535,
-5.532193 -17.315398 0.216535,
-5.389764 -17.374394 0.216535,
-5.267457 -17.468244 0.216535,
-5.173607 -17.590551 0.216535,
-5.114611 -17.732981 0.216535,
-17.496063 20.539370 3.425197,
-16.681102 20.539370 3.425197,
-16.681102 -19.066929 3.425197,
-17.496063 -19.066929 3.425197,
-17.496063 20.539370 4.685039,
-16.681102 20.539370 4.685039,
-16.681102 -19.066929 4.685039,
-17.496063 -19.066929 4.685039,
-14.318898 20.539370 3.425197,
-7.681102 20.539370 3.425197,
-7.681102 -19.066929 3.425197,
-14.318898 -19.066929 3.425197,
-14.318898 20.539370 4.685039,
-7.681102 20.539370 4.685039,
-7.681102 -19.066929 4.685039,
-14.318898 -19.066929 4.685039,
-5.318898 20.539370 3.425197,
-4.503937 20.539370 3.425197,
-4.503937 -19.066929 3.425197,
-5.318898 -19.066929 3.425197,
-5.318898 20.539370 4.685039,
-4.503937 20.539370 4.685039,
-4.503937 -19.066929 4.685039,
-5.318898 -19.066929 4.685039,
-16.681102 20.539370 3.425197,
-14.318898 20.539370 3.425197,
-14.318898 15.913386 3.425197,
-16.681102 15.913386 3.425197,
-16.681102 20.539370 4.685039,
-14.318898 20.539370 4.685039,
-14.318898 15.913386 4.685039,
-16.681102 15.913386 4.685039,
-16.681102 -15.913386 3.425197,
-14.318898 -15.913386 3.425197,
-14.318898 -19.066929 3.425197,
-16.681102 -19.066929 3.425197,
-16.681102 -15.913386 4.685039,
-14.318898 -15.913386 4.685039,
-14.318898 -19.066929 4.685039,
-16.681102 -19.066929 4.685039,
-16.681102 15.086614 3.425197,
-14.318898 15.086614 3.425197,
-14.318898 14.913386 3.425197,
-16.681102 14.913386 3.425197,
-16.681102 15.086614 4.685039,
-14.318898 15.086614 4.685039,
-14.318898 14.913386 4.685039,
-16.681102 14.913386 4.685039,
-16.681102 14.086614 3.425197,
-14.318898 14.086614 3.425197,
-14.318898 13.913386 3.425197,
-16.681102 13.913386 3.425197,
-16.681102 14.086614 4.685039,
-14.318898 14.086614 4.685039,
-14.318898 13.913386 4.685039,
-16.681102 13.913386 4.685039,
-16.681102 13.086614 3.425197,
-14.318898 13.086614 3.425197,
-14.318898 12.913386 3.425197,
-16.681102 12.913386 3.425197,
-16.681102 13.086614 4.685039,
-14.318898 13.086614 4.685039,
-14.318898 12.913386 4.685039,
-16.681102 12.913386 4.685039,
-16.681102 12.086614 3.425197,
-14.318898 12.086614 3.425197,
-14.318898 11.913386 3.425197,
-16.681102 11.913386 3.425197,
-16.681102 12.086614 4.685039,
-14.318898 12.086614 4.685039,
-14.318898 11.913386 4.685039,
-16.681102 11.913386 4.685039,
-16.681102 11.086614 3.425197,
-14.318898 11.086614 3.425197,
-14.318898 10.913386 3.425197,
-16.681102 10.913386 3.425197,
-16.681102 11.086614 4.685039,
-14.318898 11.086614 4.685039,
-14.318898 10.913386 4.685039,
-16.681102 10.913386 4.685039,
-16.681102 10.086614 3.425197,
-14.318898 10.086614 3.425197,
-14.318898 9.913386 3.425197,
-16.681102 9.913386 3.425197,
-16.681102 10.086614 4.685039,
-14.318898 10.086614 4.685039,
-14.318898 9.913386 4.685039,
-16.681102 9.913386 4.685039,
-16.681102 9.086614 3.425197,
-14.318898 9.086614 3.425197,
-14.318898 8.913386 3.425197,
-16.681102 8.913386 3.425197,
-16.681102 9.086614 4.685039,
-14.318898 9.086614 4.685039,
-14.318898 8.913386 4.685039,
-16.681102 8.913386 4.685039,
-16.681102 8.086614 3.425197,
-14.318898 8.086614 3.425197,
-14.318898 7.913386 3.425197,
-16.681102 7.913386 3.425197,
-16.681102 8.086614 4.685039,
-14.318898 8.086614 4.685039,
-14.318898 7.913386 4.685039,
-16.681102 7.913386 4.685039,
-16.681102 7.086614 3.425197,
-14.318898 7.086614 3.425197,
-14.318898 6.913386 3.425197,
-16.681102 6.913386 3.425197,
-16.681102 7.086614 4.685039,
-14.318898 7.086614 4.685039,
-14.318898 6.913386 4.685039,
-16.681102 6.913386 4.685039,
-16.681102 6.086614 3.425197,
-14.318898 6.086614 3.425197,
-14.318898 5.913386 3.425197,
-16.681102 5.913386 3.425197,
-16.681102 6.086614 4.685039,
-14.318898 6.086614 4.685039,
-14.318898 5.913386 4.685039,
-16.681102 5.913386 4.685039,
-16.681102 5.086614 3.425197,
-14.318898 5.086614 3.425197,
-14.318898 4.913386 3.425197,
-16.681102 4.913386 3.425197,
-16.681102 5.086614 4.685039,
-14.318898 5.086614 4.685039,
-14.318898 4.913386 4.685039,
-16.681102 4.913386 4.685039,
-16.681102 4.086614 3.425197,
-14.318898 4.086614 3.425197,
-14.318898 3.913386 3.425197,
-16.681102 3.913386 3.425197,
-16.681102 4.086614 4.685039,
-14.318898 4.086614 4.685039,
-14.318898 3.913386 4.685039,
-16.681102 3.913386 4.685039,
-16.681102 3.086614 3.425197,
-14.318898 3.086614 3.425197,
-14.318898 2.913386 3.425197,
-16.681102 2.913386 3.425197,
-16.681102 3.086614 4.685039,
-14.318898 3.086614 4.685039,
-14.318898 2.913386 4.685039,
-16.681102 2.913386 4.685039,
-16.681102 2.086614 3.425197,
-14.318898 2.086614 3.425197,
-14.318898 1.913386 3.425197,
-16.681102 1.913386 3.425197,
-16.681102 2.086614 4.685039,
-14.318898 2.086614 4.685039,
-14.318898 1.913386 4.685039,
-16.681102 1.913386 4.685039,
-16.681102 1.086614 3.425197,
-14.318898 1.086614 3.425197,
-14.318898 0.913386 3.425197,
-16.681102 0.913386 3.425197,
-16.681102 1.086614 4.685039,
-14.318898 1.086614 4.685039,
-14.318898 0.913386 4.685039,
-16.681102 0.913386 4.685039,
-16.681102 0.086614 3.425197,
-14.318898 0.086614 3.425197,
-14.318898 -0.086614 3.425197,
-16.681102 -0.086614 3.425197,
-16.681102 0.086614 4.685039,
-14.318898 0.086614 4.685039,
-14.318898 -0.086614 4.685039,
-16.681102 -0.086614 4.685039,
-16.681102 -0.913386 3.425197,
-14.318898 -0.913386 3.425197,
-14.318898 -1.086614 3.425197,
-16.681102 -1.086614 3.425197,
-16.681102 -0.913386 4.685039,
-14.318898 -0.913386 4.685039,
-14.318898 -1.086614 4.685039,
-16.681102 -1.086614 4.685039,
-16.681102 -1.913386 3.425197,
-14.318898 -1.913386 3.425197,
-14.318898 -2.086614 3.425197,
-16.681102 -2.086614 3.425197,
-16.681102 -1.913386 4.685039,
-14.318898 -1.913386 4.685039,
-14.318898 -2.086614 4.685039,
-16.681102 -2.086614 4.685039,
-16.681102 -2.913386 3.425197,
-14.318898 -2.913386 3.425197,
-14.318898 -3.086614 3.425197,
-16.681102 -3.086614 3.425197,
-16.681102 -2.913386 4.685039,
-14.318898 -2.913386 4.685039,
-14.318898 -3.086614 4.685039,
-16.681102 -3.086614 4.685039,
-16.681102 -3.913386 3.425197,
-14.318898 -3.913386 3.425197,
-14.318898 -4.086614 3.425197,
-16.681102 -4.086614 3.425197,
-16.681102 -3.913386 4.685039,
-14.318898 -3.913386 4.685039,
-14.318898 -4.086614 4.685039,
-16.681102 -4.086614 4.685039,
-16.681102 -4.913386 3.425197,
-14.318898 -4.913386 3.425197,
-14.318898 -5.086614 3.425197,
-16.681102 -5.086614 3.425197,
-16.681102 -4.913386 4.685039,
-14.318898 -4.913386 4.685039,
-14.318898 -5.086614 4.685039,
-16.681102 -5.086614 4.685039,
-16.681102 -5.913386 3.425197,
-14.318898 -5.913386 3.425197,
-14.318898 -6.086614 3.425197,
-16.681102 -6.086614 3.425197,
-16.681102 -5.913386 4.685039,
-14.318898 -5.913386 4.685039,
-14.318898 -6.086614 4.685039,
-16.681102 -6.086614 4.685039,
-16.681102 -6.913386 3.425197,
-14.318898 -6.913386 3.425197,
-14.318898 -7.086614 3.425197,
-16.681102 -7.086614 3.425197,
-16.681102 -6.913386 4.685039,
-14.318898 -6.913386 4.685039,
-14.318898 -7.086614 4.685039,
-16.681102 -7.086614 4.685039,
-16.681102 -7.913386 3.425197,
-14.318898 -7.913386 3.425197,
-14.318898 -8.086614 3.425197,
-16.681102 -8.086614 3.425197,
-16.681102 -7.913386 4.685039,
-14.318898 -7.913386 4.685039,
-14.318898 -8.086614 4.685039,
-16.681102 -8.086614 4.685039,
-16.681102 -8.913386 3.425197,
-14.318898 -8.913386 3.425197,
-14.318898 -9.086614 3.425197,
-16.681102 -9.086614 3.425197,
-16.681102 -8.913386 4.685039,
-14.318898 -8.913386 4.685039,
-14.318898 -9.086614 4.685039,
-16.681102 -9.086614 4.685039,
-16.681102 -9.913386 3.425197,
-14.318898 -9.913386 3.425197,
-14.318898 -10.086614 3.425197,
-16.681102 -10.086614 3.425197,
-16.681102 -9.913386 4.685039,
-14.318898 -9.913386 4.685039,
-14.318898 -10.086614 4.685039,
-16.681102 -10.086614 4.685039,
-16.681102 -10.913386 3.425197,
-14.318898 -10.913386 3.425197,
-14.318898 -11.086614 3.425197,
-16.681102 -11.086614 3.425197,
-16.681102 -10.913386 4.685039,
-14.318898 -10.913386 4.685039,
-14.318898 -11.086614 4.685039,
-16.681102 -11.086614 4.685039,
-16.681102 -11.913386 3.425197,
-14.318898 -11.913386 3.425197,
-14.318898 -12.086614 3.425197,
-16.681102 -12.086614 3.425197,
-16.681102 -11.913386 4.685039,
-14.318898 -11.913386 4.685039,
-14.318898 -12.086614 4.685039,
-16.681102 -12.086614 4.685039,
-16.681102 -12.913386 3.425197,
-14.318898 -12.913386 3.425197,
-14.318898 -13.086614 3.425197,
-16.681102 -13.086614 3.425197,
-16.681102 -12.913386 4.685039,
-14.318898 -12.913386 4.685039,
-14.318898 -13.086614 4.685039,
-16.681102 -13.086614 4.685039,
-16.681102 -13.913386 3.425197,
-14.318898 -13.913386 3.425197,
-14.318898 -14.086614 3.425197,
-16.681102 -14.086614 3.425197,
-16.681102 -13.913386 4.685039,
-14.318898 -13.913386 4.685039,
-14.318898 -14.086614 4.685039,
-16.681102 -14.086614 4.685039,
-16.681102 -14.913386 3.425197,
-14.318898 -14.913386 3.425197,
-14.318898 -15.086614 3.425197,
-16.681102 -15.086614 3.425197,
-16.681102 -14.913386 4.685039,
-14.318898 -14.913386 4.685039,
-14.318898 -15.086614 4.685039,
-16.681102 -15.086614 4.685039,
-7.681102 20.539370 3.425197,
-5.318898 20.539370 3.425197,
-5.318898 15.913386 3.425197,
-7.681102 15.913386 3.425197,
-7.681102 20.539370 4.685039,
-5.318898 20.539370 4.685039,
-5.318898 15.913386 4.685039,
-7.681102 15.913386 4.685039,
-7.681102 -15.913386 3.425197,
-5.318898 -15.913386 3.425197,
-5.318898 -19.066929 3.425197,
-7.681102 -19.066929 3.425197,
-7.681102 -15.913386 4.685039,
-5.318898 -15.913386 4.685039,
-5.318898 -19.066929 4.685039,
-7.681102 -19.066929 4.685039,
-7.681102 15.086614 3.425197,
-5.318898 15.086614 3.425197,
-5.318898 14.913386 3.425197,
-7.681102 14.913386 3.425197,
-7.681102 15.086614 4.685039,
-5.318898 15.086614 4.685039,
-5.318898 14.913386 4.685039,
-7.681102 14.913386 4.685039,
-7.681102 14.086614 3.425197,
-5.318898 14.086614 3.425197,
-5.318898 13.913386 3.425197,
-7.681102 13.913386 3.425197,
-7.681102 14.086614 4.685039,
-5.318898 14.086614 4.685039,
-5.318898 13.913386 4.685039,
-7.681102 13.913386 4.685039,
-7.681102 13.086614 3.425197,
-5.318898 13.086614 3.425197,
-5.318898 12.913386 3.425197,
-7.681102 12.913386 3.425197,
-7.681102 13.086614 4.685039,
-5.318898 13.086614 4.685039,
-5.318898 12.913386 4.685039,
-7.681102 12.913386 4.685039,
-7.681102 12.086614 3.425197,
-5.318898 12.086614 3.425197,
-5.318898 11.913386 3.425197,
-7.681102 11.913386 3.425197,
-7.681102 12.086614 4.685039,
-5.318898 12.086614 4.685039,
-5.318898 11.913386 4.685039,
-7.681102 11.913386 4.685039,
-7.681102 11.086614 3.425197,
-5.318898 11.086614 3.425197,
-5.318898 10.913386 3.425197,
-7.681102 10.913386 3.425197,
-7.681102 11.086614 4.685039,
-5.318898 11.086614 4.685039,
-5.318898 10.913386 4.685039,
-7.681102 10.913386 4.685039,
-7.681102 10.086614 3.425197,
-5.318898 10.086614 3.425197,
-5.318898 9.913386 3.425197,
-7.681102 9.913386 3.425197,
-7.681102 10.086614 4.685039,
-5.318898 10.086614 4.685039,
-5.318898 9.913386 4.685039,
-7.681102 9.913386 4.685039,
-7.681102 9.086614 3.425197,
-5.318898 9.086614 3.425197,
-5.318898 8.913386 3.425197,
-7.681102 8.913386 3.425197,
-7.681102 9.086614 4.685039,
-5.318898 9.086614 4.685039,
-5.318898 8.913386 4.685039,
-7.681102 8.913386 4.685039,
-7.681102 8.086614 3.425197,
-5.318898 8.086614 3.425197,
-5.318898 7.913386 3.425197,
-7.681102 7.913386 3.425197,
-7.681102 8.086614 4.685039,
-5.318898 8.086614 4.685039,
-5.318898 7.913386 4.685039,
-7.681102 7.913386 4.685039,
-7.681102 7.086614 3.425197,
-5.318898 7.086614 3.425197,
-5.318898 6.913386 3.425197,
-7.681102 6.913386 3.425197,
-7.681102 7.086614 4.685039,
-5.318898 7.086614 4.685039,
-5.318898 6.913386 4.685039,
-7.681102 6.913386 4.685039,
-7.681102 6.086614 3.425197,
-5.318898 6.086614 3.425197,
-5.318898 5.913386 3.425197,
-7.681102 5.913386 3.425197,
-7.681102 6.086614 4.685039,
-5.318898 6.086614 4.685039,
-5.318898 5.913386 4.685039,
-7.681102 5.913386 4.685039,
-7.681102 5.086614 3.425197,
-5.318898 5.086614 3.425197,
-5.318898 4.913386 3.425197,
-7.681102 4.913386 3.425197,
-7.681102 5.086614 4.685039,
-5.318898 5.086614 4.685039,
-5.318898 4.913386 4.685039,
-7.681102 4.913386 4.685039,
-7.681102 4.086614 3.425197,
-5.318898 4.086614 3.425197,
-5.318898 3.913386 3.425197,
-7.681102 3.913386 3.425197,
-7.681102 4.086614 4.685039,
-5.318898 4.086614 4.685039,
-5.318898 3.913386 4.685039,
-7.681102 3.913386 4.685039,
-7.681102 3.086614 3.425197,
-5.318898 3.086614 3.425197,
-5.318898 2.913386 3.425197,
-7.681102 2.913386 3.425197,
-7.681102 3.086614 4.685039,
-5.318898 3.086614 4.685039,
-5.318898 2.913386 4.685039,
-7.681102 2.913386 4.685039,
-7.681102 2.086614 3.425197,
-5.318898 2.086614 3.425197,
-5.318898 1.913386 3.425197,
-7.681102 1.913386 3.425197,
-7.681102 2.086614 4.685039,
-5.318898 2.086614 4.685039,
-5.318898 1.913386 4.685039,
-7.681102 1.913386 4.685039,
-7.681102 1.086614 3.425197,
-5.318898 1.086614 3.425197,
-5.318898 0.913386 3.425197,
-7.681102 0.913386 3.425197,
-7.681102 1.086614 4.685039,
-5.318898 1.086614 4.685039,
-5.318898 0.913386 4.685039,
-7.681102 0.913386 4.685039,
-7.681102 0.086614 3.425197,
-5.318898 0.086614 3.425197,
-5.318898 -0.086614 3.425197,
-7.681102 -0.086614 3.425197,
-7.681102 0.086614 4.685039,
-5.318898 0.086614 4.685039,
-5.318898 -0.086614 4.685039,
-7.681102 -0.086614 4.685039,
-7.681102 -0.913386 3.425197,
-5.318898 -0.913386 3.425197,
-5.318898 -1.086614 3.425197,
-7.681102 -1.086614 3.425197,
-7.681102 -0.913386 4.685039,
-5.318898 -0.913386 4.685039,
-5.318898 -1.086614 4.685039,
-7.681102 -1.086614 4.685039,
-7.681102 -1.913386 3.425197,
-5.318898 -1.913386 3.425197,
-5.318898 -2.086614 3.425197,
-7.681102 -2.086614 3.425197,
-7.681102 -1.913386 4.685039,
-5.318898 -1.913386 4.685039,
-5.318898 -2.086614 4.685039,
-7.681102 -2.086614 4.685039,
-7.681102 -2.913386 3.425197,
-5.318898 -2.913386 3.425197,
-5.318898 -3.086614 3.425197,
-7.681102 -3.086614 3.425197,
-7.681102 -2.913386 4.685039,
-5.318898 -2.913386 4.685039,
-5.318898 -3.086614 4.685039,
-7.681102 -3.086614 4.685039,
-7.681102 -3.913386 3.425197,
-5.318898 -3.913386 3.425197,
-5.318898 -4.086614 3.425197,
-7.681102 -4.086614 3.425197,
-7.681102 -3.913386 4.685039,
-5.318898 -3.913386 4.685039,
-5.318898 -4.086614 4.685039,
-7.681102 -4.086614 4.685039,
-7.681102 -4.913386 3.425197,
-5.318898 -4.913386 3.425197,
-5.318898 -5.086614 3.425197,
-7.681102 -5.086614 3.425197,
-7.681102 -4.913386 4.685039,
-5.318898 -4.913386 4.685039,
-5.318898 -5.086614 4.685039,
-7.681102 -5.086614 4.685039,
-7.681102 -5.913386 3.425197,
-5.318898 -5.913386 3.425197,
-5.318898 -6.086614 3.425197,
-7.681102 -6.086614 3.425197,
-7.681102 -5.913386 4.685039,
-5.318898 -5.913386 4.685039,
-5.318898 -6.086614 4.685039,
-7.681102 -6.086614 4.685039,
-7.681102 -6.913386 3.425197,
-5.318898 -6.913386 3.425197,
-5.318898 -7.086614 3.425197,
-7.681102 -7.086614 3.425197,
-7.681102 -6.913386 4.685039,
-5.318898 -6.913386 4.685039,
-5.318898 -7.086614 4.685039,
-7.681102 -7.086614 4.685039,
-7.681102 -7.913386 3.425197,
-5.318898 -7.913386 3.425197,
-5.318898 -8.086614 3.425197,
-7.681102 -8.086614 3.425197,
-7.681102 -7.913386 4.685039,
-5.318898 -7.913386 4.685039,
-5.318898 -8.086614 4.685039,
-7.681102 -8.086614 4.685039,
-7.681102 -8.913386 3.425197,
-5.318898 -8.913386 3.425197,
-5.318898 -9.086614 3.425197,
-7.681102 -9.086614 3.425197,
-7.681102 -8.913386 4.685039,
-5.318898 -8.913386 4.685039,
-5.318898 -9.086614 4.685039,
-7.681102 -9.086614 4.685039,
-7.681102 -9.913386 3.425197,
-5.318898 -9.913386 3.425197,
-5.318898 -10.086614 3.425197,
-7.681102 -10.086614 3.425197,
-7.681102 -9.913386 4.685039,
-5.318898 -9.913386 4.685039,
-5.318898 -10.086614 4.685039,
-7.681102 -10.086614 4.685039,
-7.681102 -10.913386 3.425197,
-5.318898 -10.913386 3.425197,
-5.318898 -11.086614 3.425197,
-7.681102 -11.086614 3.425197,
-7.681102 -10.913386 4.685039,
-5.318898 -10.913386 4.685039,
-5.318898 -11.086614 4.685039,
-7.681102 -11.086614 4.685039,
-7.681102 -11.913386 3.425197,
-5.318898 -11.913386 3.425197,
-5.318898 -12.086614 3.425197,
-7.681102 -12.086614 3.425197,
-7.681102 -11.913386 4.685039,
-5.318898 -11.913386 4.685039,
-5.318898 -12.086614 4.685039,
-7.681102 -12.086614 4.685039,
-7.681102 -12.913386 3.425197,
-5.318898 -12.913386 3.425197,
-5.318898 -13.086614 3.425197,
-7.681102 -13.086614 3.425197,
-7.681102 -12.913386 4.685039,
-5.318898 -12.913386 4.685039,
-5.318898 -13.086614 4.685039,
-7.681102 -13.086614 4.685039,
-7.681102 -13.913386 3.425197,
-5.318898 -13.913386 3.425197,
-5.318898 -14.086614 3.425197,
-7.681102 -14.086614 3.425197,
-7.681102 -13.913386 4.685039,
-5.318898 -13.913386 4.685039,
-5.318898 -14.086614 4.685039,
-7.681102 -14.086614 4.685039,
-7.681102 -14.913386 3.425197,
-5.318898 -14.913386 3.425197,
-5.318898 -15.086614 3.425197,
-7.681102 -15.086614 3.425197,
-7.681102 -14.913386 4.685039,
-5.318898 -14.913386 4.685039,
-5.318898 -15.086614 4.685039,
-7.681102 -15.086614 4.685039,
-16.295276 23.688976 2.874016,
-16.319423 23.505561 2.874016,
-16.390218 23.334646 2.874016,
-16.502838 23.187877 2.874016,
-16.649606 23.075258 2.874016,
-16.820522 23.004462 2.874016,
-17.003937 22.980315 2.874016,
-17.437008 22.980315 2.874016,
-17.620423 23.004462 2.874016,
-17.791339 23.075258 2.874016,
-17.938107 23.187877 2.874016,
-18.050727 23.334646 2.874016,
-18.121522 23.505561 2.874016,
-18.145669 23.688976 2.874016,
-18.145669 24.633858 2.874016,
-18.121522 24.817273 2.874016,
-18.050727 24.988189 2.874016,
-17.938107 25.134958 2.874016,
-17.791339 25.247577 2.874016,
-17.620423 25.318373 2.874016,
-17.437008 25.342520 2.874016,
-17.003937 25.342520 2.874016,
-16.820522 25.318373 2.874016,
-16.649606 25.247577 2.874016,
-16.502838 25.134958 2.874016,
-16.390218 24.988189 2.874016,
-16.319423 24.817273 2.874016,
-16.295276 24.633858 2.874016,
-16.295276 23.688976 4.606299,
-16.319423 23.505561 4.606299,
-16.390218 23.334646 4.606299,
-16.502838 23.187877 4.606299,
-16.649606 23.075258 4.606299,
-16.820522 23.004462 4.606299,
-17.003937 22.980315 4.606299,
-17.437008 22.980315 4.606299,
-17.620423 23.004462 4.606299,
-17.791339 23.075258 4.606299,
-17.938107 23.187877 4.606299,
-18.050727 23.334646 4.606299,
-18.121522 23.505561 4.606299,
-18.145669 23.688976 4.606299,
-18.145669 24.633858 4.606299,
-18.121522 24.817273 4.606299,
-18.050727 24.988189 4.606299,
-17.938107 25.134958 4.606299,
-17.791339 25.247577 4.606299,
-17.620423 25.318373 4.606299,
-17.437008 25.342520 4.606299,
-17.003937 25.342520 4.606299,
-16.820522 25.318373 4.606299,
-16.649606 25.247577 4.606299,
-16.502838 25.134958 4.606299,
-16.390218 24.988189 4.606299,
-16.319423 24.817273 4.606299,
-16.295276 24.633858 4.606299,
4.503937 18.673228 3.188976,
4.517352 18.775126 3.188976,
4.556683 18.870079 3.188976,
4.619249 18.951617 3.188976,
4.700787 19.014183 3.188976,
4.795741 19.053514 3.188976,
4.897638 19.066929 3.188976,
17.102362 19.066929 3.188976,
17.204259 19.053514 3.188976,
17.299213 19.014183 3.188976,
17.380751 18.951617 3.188976,
17.443317 18.870079 3.188976,
17.482648 18.775126 3.188976,
17.496063 18.673228 3.188976,
17.496063 -20.145669 3.188976,
17.482648 -20.247567 3.188976,
17.443317 -20.342520 3.188976,
17.380751 -20.424058 3.188976,
17.299213 -20.486624 3.188976,
17.204259 -20.525955 3.188976,
17.102362 -20.539370 3.188976,
4.897638 -20.539370 3.188976,
4.795741 -20.525955 3.188976,
4.700787 -20.486624 3.188976,
4.619249 -20.424058 3.188976,
4.556683 -20.342520 3.188976,
4.517352 -20.247567 3.188976,
4.503937 -20.145669 3.188976,
4.503937 18.673228 3.425197,
4.517352 18.775126 3.425197,
4.556683 18.870079 3.425197,
4.619249 18.951617 3.425197,
4.700787 19.014183 3.425197,
4.795741 19.053514 3.425197,
4.897638 19.066929 3.425197,
17.102362 19.066929 3.425197,
17.204259 19.053514 3.425197,
17.299213 19.014183 3.425197,
17.380751 18.951617 3.425197,
17.443317 18.870079 3.425197,
17.482648 18.775126 3.425197,
17.496063 18.673228 3.425197,
17.496063 -20.145669 3.425197,
17.482648 -20.247567 3.425197,
17.443317 -20.342520 3.425197,
17.380751 -20.424058 3.425197,
17.299213 -20.486624 3.425197,
17.204259 -20.525955 3.425197,
17.102362 -20.539370 3.425197,
4.897638 -20.539370 3.425197,
4.795741 -20.525955 3.425197,
4.700787 -20.486624 3.425197,
4.619249 -20.424058 3.425197,
4.556683 -20.342520 3.425197,
4.517352 -20.247567 3.425197,
4.503937 -20.145669 3.425197,
15.724409 -19.358268 0.000000,
15.744532 -19.205422 0.000000,
15.803528 -19.062992 0.000000,
15.897378 -18.940685 0.000000,
16.019685 -18.846835 0.000000,
16.162115 -18.787839 0.000000,
16.314961 -18.767717 0.000000,
16.467807 -18.787839 0.000000,
16.610236 -18.846835 0.000000,
16.732543 -18.940685 0.000000,
16.826393 -19.062992 0.000000,
16.885389 -19.205422 0.000000,
16.905512 -19.358268 0.000000,
16.885389 -19.511114 0.000000,
16.826393 -19.653543 0.000000,
16.732543 -19.775850 0.000000,
16.610236 -19.869700 0.000000,
16.467807 -19.928696 0.000000,
16.314961 -19.948819 0.000000,
16.162115 -19.928696 0.000000,
16.019685 -19.869700 0.000000,
15.897378 -19.775850 0.000000,
15.803528 -19.653543 0.000000,
15.744532 -19.511114 0.000000,
15.724409 -19.358268 0.216535,
15.744532 -19.205422 0.216535,
15.803528 -19.062992 0.216535,
15.897378 -18.940685 0.216535,
16.019685 -18.846835 0.216535,
16.162115 -18.787839 0.216535,
16.314961 -18.767717 0.216535,
16.467807 -18.787839 0.216535,
16.610236 -18.846835 0.216535,
16.732543 -18.940685 0.216535,
16.826393 -19.062992 0.216535,
16.885389 -19.205422 0.216535,
16.905512 -19.358268 0.216535,
16.885389 -19.511114 0.216535,
16.826393 -19.653543 0.216535,
16.732543 -19.775850 0.216535,
16.610236 -19.869700 0.216535,
16.467807 -19.928696 0.216535,
16.314961 -19.948819 0.216535,
16.162115 -19.928696 0.216535,
16.019685 -19.869700 0.216535,
15.897378 -19.775850 0.216535,
15.803528 -19.653543 0.216535,
15.744532 -19.511114 0.216535,
15.724409 17.885827 0.000000,
15.744532 18.038673 0.000000,
15.803528 18.181102 0.000000,
15.897378 18.303410 0.000000,
16.019685 18.397259 0.000000,
16.162115 18.456255 0.000000,
16.314961 18.476378 0.000000,
16.467807 18.456255 0.000000,
16.610236 18.397259 0.000000,
16.732543 18.303410 0.000000,
16.826393 18.181102 0.000000,
16.885389 18.038673 0.000000,
16.905512 17.885827 0.000000,
16.885389 17.732981 0.000000,
16.826393 17.590551 0.000000,
16.732543 17.468244 0.000000,
16.610236 17.374394 0.000000,
16.467807 17.315398 0.000000,
16.314961 17.295276 0.000000,
16.162115 17.315398 0.000000,
16.019685 17.374394 0.000000,
15.897378 17.468244 0.000000,
15.803528 17.590551 0.000000,
15.744532 17.732981 0.000000,
15.724409 17.885827 0.216535,
15.744532 18.038673 0.216535,
15.803528 18.181102 0.216535,
15.897378 18.303410 0.216535,
16.019685 18.397259 0.216535,
16.162115 18.456255 0.216535,
16.314961 18.476378 0.216535,
16.467807 18.456255 0.216535,
16.610236 18.397259 0.216535,
16.732543 18.303410 0.216535,
16.826393 18.181102 0.216535,
16.885389 18.038673 0.216535,
16.905512 17.885827 0.216535,
16.885389 17.732981 0.216535,
16.826393 17.590551 0.216535,
16.732543 17.468244 0.216535,
16.610236 17.374394 0.216535,
16.467807 17.315398 0.216535,
16.314961 17.295276 0.216535,
16.162115 17.315398 0.216535,
16.019685 17.374394 0.216535,
15.897378 17.468244 0.216535,
15.803528 17.590551 0.216535,
15.744532 17.732981 0.216535,
5.094488 -19.358268 0.000000,
5.114611 -19.205422 0.000000,
5.173607 -19.062992 0.000000,
5.267457 -18.940685 0.000000,
5.389764 -18.846835 0.000000,
5.532193 -18.787839 0.000000,
5.685039 -18.767717 0.000000,
5.837885 -18.787839 0.000000,
5.980315 -18.846835 0.000000,
6.102622 -18.940685 0.000000,
6.196472 -19.062992 0.000000,
6.255468 -19.205422 0.000000,
6.275591 -19.358268 0.000000,
6.255468 -19.511114 0.000000,
6.196472 -19.653543 0.000000,
6.102622 -19.775850 0.000000,
5.980315 -19.869700 0.000000,
5.837885 -19.928696 0.000000,
5.685039 -19.948819 0.000000,
5.532193 -19.928696 0.000000,
5.389764 -19.869700 0.000000,
5.267457 -19.775850 0.000000,
5.173607 -19.653543 0.000000,
5.114611 -19.511114 0.000000,
5.094488 -19.358268 0.216535,
5.114611 -19.205422 0.216535,
5.173607 -19.062992 0.216535,
5.267457 -18.940685 0.216535,
5.389764 -18.846835 0.216535,
5.532193 -18.787839 0.216535,
5.685039 -18.767717 0.216535,
5.837885 -18.787839 0.216535,
5.980315 -18.846835 0.216535,
6.102622 -18.940685 0.216535,
6.196472 -19.062992 0.216535,
6.255468 -19.205422 0.216535,
6.275591 -19.358268 0.216535,
6.255468 -19.511114 0.216535,
6.196472 -19.653543 0.216535,
6.102622 -19.775850 0.216535,
5.980315 -19.869700 0.216535,
5.837885 -19.928696 0.216535,
5.685039 -19.948819 0.216535,
5.532193 -19.928696 0.216535,
5.389764 -19.869700 0.216535,
5.267457 -19.775850 0.216535,
5.173607 -19.653543 0.216535,
5.114611 -19.511114 0.216535,
5.094488 17.885827 0.000000,
5.114611 18.038673 0.000000,
5.173607 18.181102 0.000000,
5.267457 18.303410 0.000000,
5.389764 18.397259 0.000000,
5.532193 18.456255 0.000000,
5.685039 18.476378 0.000000,
5.837885 18.456255 0.000000,
5.980315 18.397259 0.000000,
6.102622 18.303410 0.000000,
6.196472 18.181102 0.000000,
6.255468 18.038673 0.000000,
6.275591 17.885827 0.000000,
6.255468 17.732981 0.000000,
6.196472 17.590551 0.000000,
6.102622 17.468244 0.000000,
5.980315 17.374394 0.000000,
5.837885 17.315398 0.000000,
5.685039 17.295276 0.000000,
5.532193 17.315398 0.000000,
5.389764 17.374394 0.000000,
5.267457 17.468244 0.000000,
5.173607 17.590551 0.000000,
5.114611 17.732981 0.000000,
5.094488 17.885827 0.216535,
5.114611 18.038673 0.216535,
5.173607 18.181102 0.216535,
5.267457 18.303410 0.216535,
5.389764 18.397259 0.216535,
5.532193 18.456255 0.216535,
5.685039 18.476378 0.216535,
5.837885 18.456255 0.216535,
5.980315 18.397259 0.216535,
6.102622 18.303410 0.216535,
6.196472 18.181102 0.216535,
6.255468 18.038673 0.216535,
6.275591 17.885827 0.216535,
6.255468 17.732981 0.216535,
6.196472 17.590551 0.216535,
6.102622 17.468244 0.216535,
5.980315 17.374394 0.216535,
5.837885 17.315398 0.216535,
5.685039 17.295276 0.216535,
5.532193 17.315398 0.216535,
5.389764 17.374394 0.216535,
5.267457 17.468244 0.216535,
5.173607 17.590551 0.216535,
5.114611 17.732981 0.216535,
17.496063 -20.539370 3.425197,
16.681102 -20.539370 3.425197,
16.681102 19.066929 3.425197,
17.496063 19.066929 3.425197,
17.496063 -20.539370 4.685039,
16.681102 -20.539370 4.685039,
16.681102 19.066929 4.685039,
17.496063 19.066929 4.685039,
14.318898 -20.539370 3.425197,
7.681102 -20.539370 3.425197,
7.681102 19.066929 3.425197,
14.318898 19.066929 3.425197,
14.318898 -20.539370 4.685039,
7.681102 -20.539370 4.685039,
7.681102 19.066929 4.685039,
14.318898 19.066929 4.685039,
5.318898 -20.539370 3.425197,
4.503937 -20.539370 3.425197,
4.503937 19.066929 3.425197,
5.318898 19.066929 3.425197,
5.318898 -20.539370 4.685039,
4.503937 -20.539370 4.685039,
4.503937 19.066929 4.685039,
5.318898 19.066929 4.685039,
16.681102 -20.539370 3.425197,
14.318898 -20.539370 3.425197,
14.318898 -15.913386 3.425197,
16.681102 -15.913386 3.425197,
16.681102 -20.539370 4.685039,
14.318898 -20.539370 4.685039,
14.318898 -15.913386 4.685039,
16.681102 -15.913386 4.685039,
16.681102 15.913386 3.425197,
14.318898 15.913386 3.425197,
14.318898 19.066929 3.425197,
16.681102 19.066929 3.425197,
16.681102 15.913386 4.685039,
14.318898 15.913386 4.685039,
14.318898 19.066929 4.685039,
16.681102 19.066929 4.685039,
16.681102 -15.086614 3.425197,
14.318898 -15.086614 3.425197,
14.318898 -14.913386 3.425197,
16.681102 -14.913386 3.425197,
16.681102 -15.086614 4.685039,
14.318898 -15.086614 4.685039,
14.318898 -14.913386 4.685039,
16.681102 -14.913386 4.685039,
16.681102 -14.086614 3.425197,
14.318898 -14.086614 3.425197,
14.318898 -13.913386 3.425197,
16.681102 -13.913386 3.425197,
16.681102 -14.086614 4.685039,
14.318898 -14.086614 4.685039,
14.318898 -13.913386 4.685039,
16.681102 -13.913386 4.685039,
16.681102 -13.086614 3.425197,
14.318898 -13.086614 3.425197,
14.318898 -12.913386 3.425197,
16.681102 -12.913386 3.425197,
16.681102 -13.086614 4.685039,
14.318898 -13.086614 4.685039,
14.318898 -12.913386 4.685039,
16.681102 -12.913386 4.685039,
16.681102 -12.086614 3.425197,
14.318898 -12.086614 3.425197,
14.318898 -11.913386 3.425197,
16.681102 -11.913386 3.425197,
16.681102 -12.086614 4.685039,
14.318898 -12.086614 4.685039,
14.318898 -11.913386 4.685039,
16.681102 -11.913386 4.685039,
16.681102 -11.086614 3.425197,
14.318898 -11.086614 3.425197,
14.318898 -10.913386 3.425197,
16.681102 -10.913386 3.425197,
16.681102 -11.086614 4.685039,
14.318898 -11.086614 4.685039,
14.318898 -10.913386 4.685039,
16.681102 -10.913386 4.685039,
16.681102 -10.086614 3.425197,
14.318898 -10.086614 3.425197,
14.318898 -9.913386 3.425197,
16.681102 -9.913386 3.425197,
16.681102 -10.086614 4.685039,
14.318898 -10.086614 4.685039,
14.318898 -9.913386 4.685039,
16.681102 -9.913386 4.685039,
16.681102 -9.086614 3.425197,
14.318898 -9.086614 3.425197,
14.318898 -8.913386 3.425197,
16.681102 -8.913386 3.425197,
16.681102 -9.086614 4.685039,
14.318898 -9.086614 4.685039,
14.318898 -8.913386 4.685039,
16.681102 -8.913386 4.685039,
16.681102 -8.086614 3.425197,
14.318898 -8.086614 3.425197,
14.318898 -7.913386 3.425197,
16.681102 -7.913386 3.425197,
16.681102 -8.086614 4.685039,
14.318898 -8.086614 4.685039,
14.318898 -7.913386 4.685039,
16.681102 -7.913386 4.685039,
16.681102 -7.086614 3.425197,
14.318898 -7.086614 3.425197,
14.318898 -6.913386 3.425197,
16.681102 -6.913386 3.425197,
16.681102 -7.086614 4.685039,
14.318898 -7.086614 4.685039,
14.318898 -6.913386 4.685039,
16.681102 -6.913386 4.685039,
16.681102 -6.086614 3.425197,
14.318898 -6.086614 3.425197,
14.318898 -5.913386 3.425197,
16.681102 -5.913386 3.425197,
16.681102 -6.086614 4.685039,
14.318898 -6.086614 4.685039,
14.318898 -5.913386 4.685039,
16.681102 -5.913386 4.685039,
16.681102 -5.086614 3.425197,
14.318898 -5.086614 3.425197,
14.318898 -4.913386 3.425197,
16.681102 -4.913386 3.425197,
16.681102 -5.086614 4.685039,
14.318898 -5.086614 4.685039,
14.318898 -4.913386 4.685039,
16.681102 -4.913386 4.685039,
16.681102 -4.086614 3.425197,
14.318898 -4.086614 3.425197,
14.318898 -3.913386 3.425197,
16.681102 -3.913386 3.425197,
16.681102 -4.086614 4.685039,
14.318898 -4.086614 4.685039,
14.318898 -3.913386 4.685039,
16.681102 -3.913386 4.685039,
16.681102 -3.086614 3.425197,
14.318898 -3.086614 3.425197,
14.318898 -2.913386 3.425197,
16.681102 -2.913386 3.425197,
16.681102 -3.086614 4.685039,
14.318898 -3.086614 4.685039,
14.318898 -2.913386 4.685039,
16.681102 -2.913386 4.685039,
16.681102 -2.086614 3.425197,
14.318898 -2.086614 3.425197,
14.318898 -1.913386 3.425197,
16.681102 -1.913386 3.425197,
16.681102 -2.086614 4.685039,
14.318898 -2.086614 4.685039,
14.318898 -1.913386 4.685039,
16.681102 -1.913386 4.685039,
16.681102 -1.086614 3.425197,
14.318898 -1.086614 3.425197,
14.318898 -0.913386 3.425197,
16.681102 -0.913386 3.425197,
16.681102 -1.086614 4.685039,
14.318898 -1.086614 4.685039,
14.318898 -0.913386 4.685039,
16.681102 -0.913386 4.685039,
16.681102 -0.086614 3.425197,
14.318898 -0.086614 3.425197,
14.318898 0.086614 3.425197,
16.681102 0.086614 3.425197,
16.681102 -0.086614 4.685039,
14.318898 -0.086614 4.685039,
14.318898 0.086614 4.685039,
16.681102 0.086614 4.685039,
16.681102 0.913386 3.425197,
14.318898 0.913386 3.425197,
14.318898 1.086614 3.425197,
16.681102 1.086614 3.425197,
16.681102 0.913386 4.685039,
14.318898 0.913386 4.685039,
14.318898 1.086614 4.685039,
16.681102 1.086614 4.685039,
16.681102 1.913386 3.425197,
14.318898 1.913386 3.425197,
14.318898 2.086614 3.425197,
16.681102 2.086614 3.425197,
16.681102 1.913386 4.685039,
14.318898 1.913386 4.685039,
14.318898 2.086614 4.685039,
16.681102 2.086614 4.685039,
16.681102 2.913386 3.425197,
14.318898 2.913386 3.425197,
14.318898 3.086614 3.425197,
16.681102 3.086614 3.425197,
16.681102 2.913386 4.685039,
14.318898 2.913386 4.685039,
14.318898 3.086614 4.685039,
16.681102 3.086614 4.685039,
16.681102 3.913386 3.425197,
14.318898 3.913386 3.425197,
14.318898 4.086614 3.425197,
16.681102 4.086614 3.425197,
16.681102 3.913386 4.685039,
14.318898 3.913386 4.685039,
14.318898 4.086614 4.685039,
16.681102 4.086614 4.685039,
16.681102 4.913386 3.425197,
14.318898 4.913386 3.425197,
14.318898 5.086614 3.425197,
16.681102 5.086614 3.425197,
16.681102 4.913386 4.685039,
14.318898 4.913386 4.685039,
14.318898 5.086614 4.685039,
16.681102 5.086614 4.685039,
16.681102 5.913386 3.425197,
14.318898 5.913386 3.425197,
14.318898 6.086614 3.425197,
16.681102 6.086614 3.425197,
16.681102 5.913386 4.685039,
14.318898 5.913386 4.685039,
14.318898 6.086614 4.685039,
16.681102 6.086614 4.685039,
16.681102 6.913386 3.425197,
14.318898 6.913386 3.425197,
14.318898 7.086614 3.425197,
16.681102 7.086614 3.425197,
16.681102 6.913386 4.685039,
14.318898 6.913386 4.685039,
14.318898 7.086614 4.685039,
16.681102 7.086614 4.685039,
16.681102 7.913386 3.425197,
14.318898 7.913386 3.425197,
14.318898 8.086614 3.425197,
16.681102 8.086614 3.425197,
16.681102 7.913386 4.685039,
14.318898 7.913386 4.685039,
14.318898 8.086614 4.685039,
16.681102 8.086614 4.685039,
16.681102 8.913386 3.425197,
14.318898 8.913386 3.425197,
14.318898 9.086614 3.425197,
16.681102 9.086614 3.425197,
16.681102 8.913386 4.685039,
14.318898 8.913386 4.685039,
14.318898 9.086614 4.685039,
16.681102 9.086614 4.685039,
16.681102 9.913386 3.425197,
14.318898 9.913386 3.425197,
14.318898 10.086614 3.425197,
16.681102 10.086614 3.425197,
16.681102 9.913386 4.685039,
14.318898 9.913386 4.685039,
14.318898 10.086614 4.685039,
16.681102 10.086614 4.685039,
16.681102 10.913386 3.425197,
14.318898 10.913386 3.425197,
14.318898 11.086614 3.425197,
16.681102 11.086614 3.425197,
16.681102 10.913386 4.685039,
14.318898 10.913386 4.685039,
14.318898 11.086614 4.685039,
16.681102 11.086614 4.685039,
16.681102 11.913386 3.425197,
14.318898 11.913386 3.425197,
14.318898 12.086614 3.425197,
16.681102 12.086614 3.425197,
16.681102 11.913386 4.685039,
14.318898 11.913386 4.685039,
14.318898 12.086614 4.685039,
16.681102 12.086614 4.685039,
16.681102 12.913386 3.425197,
14.318898 12.913386 3.425197,
14.318898 13.086614 3.425197,
16.681102 13.086614 3.425197,
16.681102 12.913386 4.685039,
14.318898 12.913386 4.685039,
14.318898 13.086614 4.685039,
16.681102 13.086614 4.685039,
16.681102 13.913386 3.425197,
14.318898 13.913386 3.425197,
14.318898 14.086614 3.425197,
16.681102 14.086614 3.425197,
16.681102 13.913386 4.685039,
14.318898 13.913386 4.685039,
14.318898 14.086614 4.685039,
16.681102 14.086614 4.685039,
16.681102 14.913386 3.425197,
14.318898 14.913386 3.425197,
14.318898 15.086614 3.425197,
16.681102 15.086614 3.425197,
16.681102 14.913386 4.685039,
14.318898 14.913386 4.685039,
14.318898 15.086614 4.685039,
16.681102 15.086614 4.685039,
7.681102 -20.539370 3.425197,
5.318898 -20.539370 3.425197,
5.318898 -15.913386 3.425197,
7.681102 -15.913386 3.425197,
7.681102 -20.539370 4.685039,
5.318898 -20.539370 4.685039,
5.318898 -15.913386 4.685039,
7.681102 -15.913386 4.685039,
7.681102 15.913386 3.425197,
5.318898 15.913386 3.425197,
5.318898 19.066929 3.425197,
7.681102 19.066929 3.425197,
7.681102 15.913386 4.685039,
5.318898 15.913386 4.685039,
5.318898 19.066929 4.685039,
7.681102 19.066929 4.685039,
7.681102 -15.086614 3.425197,
5.318898 -15.086614 3.425197,
5.318898 -14.913386 3.425197,
7.681102 -14.913386 3.425197,
7.681102 -15.086614 4.685039,
5.318898 -15.086614 4.685039,
5.318898 -14.913386 4.685039,
7.681102 -14.913386 4.685039,
7.681102 -14.086614 3.425197,
5.318898 -14.086614 3.425197,
5.318898 -13.913386 3.425197,
7.681102 -13.913386 3.425197,
7.681102 -14.086614 4.685039,
5.318898 -14.086614 4.685039,
5.318898 -13.913386 4.685039,
7.681102 -13.913386 4.685039,
7.681102 -13.086614 3.425197,
5.318898 -13.086614 3.425197,
5.318898 -12.913386 3.425197,
7.681102 -12.913386 3.425197,
7.681102 -13.086614 4.685039,
5.318898 -13.086614 4.685039,
5.318898 -12.913386 4.685039,
7.681102 -12.913386 4.685039,
7.681102 -12.086614 3.425197,
5.318898 -12.086614 3.425197,
5.318898 -11.913386 3.425197,
7.681102 -11.913386 3.425197,
7.681102 -12.086614 4.685039,
5.318898 -12.086614 4.685039,
5.318898 -11.913386 4.685039,
7.681102 -11.913386 4.685039,
7.681102 -11.086614 3.425197,
5.318898 -11.086614 3.425197,
5.318898 -10.913386 3.425197,
7.681102 -10.913386 3.425197,
7.681102 -11.086614 4.685039,
5.318898 -11.086614 4.685039,
5.318898 -10.913386 4.685039,
7.681102 -10.913386 4.685039,
7.681102 -10.086614 3.425197,
5.318898 -10.086614 3.425197,
5.318898 -9.913386 3.425197,
7.681102 -9.913386 3.425197,
7.681102 -10.086614 4.685039,
5.318898 -10.086614 4.685039,
5.318898 -9.913386 4.685039,
7.681102 -9.913386 4.685039,
7.681102 -9.086614 3.425197,
5.318898 -9.086614 3.425197,
5.318898 -8.913386 3.425197,
7.681102 -8.913386 3.425197,
7.681102 -9.086614 4.685039,
5.318898 -9.086614 4.685039,
5.318898 -8.913386 4.685039,
7.681102 -8.913386 4.685039,
7.681102 -8.086614 3.425197,
5.318898 -8.086614 3.425197,
5.318898 -7.913386 3.425197,
7.681102 -7.913386 3.425197,
7.681102 -8.086614 4.685039,
5.318898 -8.086614 4.685039,
5.318898 -7.913386 4.685039,
7.681102 -7.913386 4.685039,
7.681102 -7.086614 3.425197,
5.318898 -7.086614 3.425197,
5.318898 -6.913386 3.425197,
7.681102 -6.913386 3.425197,
7.681102 -7.086614 4.685039,
5.318898 -7.086614 4.685039,
5.318898 -6.913386 4.685039,
7.681102 -6.913386 4.685039,
7.681102 -6.086614 3.425197,
5.318898 -6.086614 3.425197,
5.318898 -5.913386 3.425197,
7.681102 -5.913386 3.425197,
7.681102 -6.086614 4.685039,
5.318898 -6.086614 4.685039,
5.318898 -5.913386 4.685039,
7.681102 -5.913386 4.685039,
7.681102 -5.086614 3.425197,
5.318898 -5.086614 3.425197,
5.318898 -4.913386 3.425197,
7.681102 -4.913386 3.425197,
7.681102 -5.086614 4.685039,
5.318898 -5.086614 4.685039,
5.318898 -4.913386 4.685039,
7.681102 -4.913386 4.685039,
7.681102 -4.086614 3.425197,
5.318898 -4.086614 3.425197,
5.318898 -3.913386 3.425197,
7.681102 -3.913386 3.425197,
7.681102 -4.086614 4.685039,
5.318898 -4.086614 4.685039,
5.318898 -3.913386 4.685039,
7.681102 -3.913386 4.685039,
7.681102 -3.086614 3.425197,
5.318898 -3.086614 3.425197,
5.318898 -2.913386 3.425197,
7.681102 -2.913386 3.425197,
7.681102 -3.086614 4.685039,
5.318898 -3.086614 4.685039,
5.318898 -2.913386 4.685039,
7.681102 -2.913386 4.685039,
7.681102 -2.086614 3.425197,
5.318898 -2.086614 3.425197,
5.318898 -1.913386 3.425197,
7.681102 -1.913386 3.425197,
7.681102 -2.086614 4.685039,
5.318898 -2.086614 4.685039,
5.318898 -1.913386 4.685039,
7.681102 -1.913386 4.685039,
7.681102 -1.086614 3.425197,
5.318898 -1.086614 3.425197,
5.318898 -0.913386 3.425197,
7.681102 -0.913386 3.425197,
7.681102 -1.086614 4.685039,
5.318898 -1.086614 4.685039,
5.318898 -0.913386 4.685039,
7.681102 -0.913386 4.685039,
7.681102 -0.086614 3.425197,
5.318898 -0.086614 3.425197,
5.318898 0.086614 3.425197,
7.681102 0.086614 3.425197,
7.681102 -0.086614 4.685039,
5.318898 -0.086614 4.685039,
5.318898 0.086614 4.685039,
7.681102 0.086614 4.685039,
7.681102 0.913386 3.425197,
5.318898 0.913386 3.425197,
5.318898 1.086614 3.425197,
7.681102 1.086614 3.425197,
7.681102 0.913386 4.685039,
5.318898 0.913386 4.685039,
5.318898 1.086614 4.685039,
7.681102 1.086614 4.685039,
7.681102 1.913386 3.425197,
5.318898 1.913386 3.425197,
5.318898 2.086614 3.425197,
7.681102 2.086614 3.425197,
7.681102 1.913386 4.685039,
5.318898 1.913386 4.685039,
5.318898 2.086614 4.685039,
7.681102 2.086614 4.685039,
7.681102 2.913386 3.425197,
5.318898 2.913386 3.425197,
5.318898 3.086614 3.425197,
7.681102 3.086614 3.425197,
7.681102 2.913386 4.685039,
5.318898 2.913386 4.685039,
5.318898 3.086614 4.685039,
7.681102 3.086614 4.685039,
7.681102 3.913386 3.425197,
5.318898 3.913386 3.425197,
5.318898 4.086614 3.425197,
7.681102 4.086614 3.425197,
7.681102 3.913386 4.685039,
5.318898 3.913386 4.685039,
5.318898 4.086614 4.685039,
7.681102 4.086614 4.685039,
7.681102 4.913386 3.425197,
5.318898 4.913386 3.425197,
5.318898 5.086614 3.425197,
7.681102 5.086614 3.425197,
7.681102 4.913386 4.685039,
5.318898 4.913386 4.685039,
5.318898 5.086614 4.685039,
7.681102 5.086614 4.685039,
7.681102 5.913386 3.425197,
5.318898 5.913386 3.425197,
5.318898 6.086614 3.425197,
7.681102 6.086614 3.425197,
7.681102 5.913386 4.685039,
5.318898 5.913386 4.685039,
5.318898 6.086614 4.685039,
7.681102 6.086614 4.685039,
7.681102 6.913386 3.425197,
5.318898 6.913386 3.425197,
5.318898 7.086614 3.425197,
7.681102 7.086614 3.425197,
7.681102 6.913386 4.685039,
5.318898 6.913386 4.685039,
5.318898 7.086614 4.685039,
7.681102 7.086614 4.685039,
7.681102 7.913386 3.425197,
5.318898 7.913386 3.425197,
5.318898 8.086614 3.425197,
7.681102 8.086614 3.425197,
7.681102 7.913386 4.685039,
5.318898 7.913386 4.685039,
5.318898 8.086614 4.685039,
7.681102 8.086614 4.685039,
7.681102 8.913386 3.425197,
5.318898 8.913386 3.425197,
5.318898 9.086614 3.425197,
7.681102 9.086614 3.425197,
7.681102 8.913386 4.685039,
5.318898 8.913386 4.685039,
5.318898 9.086614 4.685039,
7.681102 9.086614 4.685039,
7.681102 9.913386 3.425197,
5.318898 9.913386 3.425197,
5.318898 10.086614 3.425197,
7.681102 10.086614 3.425197,
7.681102 9.913386 4.685039,
5.318898 9.913386 4.685039,
5.318898 10.086614 4.685039,
7.681102 10.086614 4.685039,
7.681102 10.913386 3.425197,
5.318898 10.913386 3.425197,
5.318898 11.086614 3.425197,
7.681102 11.086614 3.425197,
7.681102 10.913386 4.685039,
5.318898 10.913386 4.685039,
5.318898 11.086614 4.685039,
7.681102 11.086614 4.685039,
7.681102 11.913386 3.425197,
5.318898 11.913386 3.425197,
5.318898 12.086614 3.425197,
7.681102 12.086614 3.425197,
7.681102 11.913386 4.685039,
5.318898 11.913386 4.685039,
5.318898 12.086614 4.685039,
7.681102 12.086614 4.685039,
7.681102 12.913386 3.425197,
5.318898 12.913386 3.425197,
5.318898 13.086614 3.425197,
7.681102 13.086614 3.425197,
7.681102 12.913386 4.685039,
5.318898 12.913386 4.685039,
5.318898 13.086614 4.685039,
7.681102 13.086614 4.685039,
7.681102 13.913386 3.425197,
5.318898 13.913386 3.425197,
5.318898 14.086614 3.425197,
7.681102 14.086614 3.425197,
7.681102 13.913386 4.685039,
5.318898 13.913386 4.685039,
5.318898 14.086614 4.685039,
7.681102 14.086614 4.685039,
7.681102 14.913386 3.425197,
5.318898 14.913386 3.425197,
5.318898 15.086614 3.425197,
7.681102 15.086614 3.425197,
7.681102 14.913386 4.685039,
5.318898 14.913386 4.685039,
5.318898 15.086614 4.685039,
7.681102 15.086614 4.685039,
16.295276 -23.688976 2.874016,
16.319423 -23.505561 2.874016,
16.390218 -23.334646 2.874016,
16.502838 -23.187877 2.874016,
16.649606 -23.075258 2.874016,
16.820522 -23.004462 2.874016,
17.003937 -22.980315 2.874016,
17.437008 -22.980315 2.874016,
17.620423 -23.004462 2.874016,
17.791339 -23.075258 2.874016,
17.938107 -23.187877 2.874016,
18.050727 -23.334646 2.874016,
18.121522 -23.505561 2.874016,
18.145669 -23.688976 2.874016,
18.145669 -24.633858 2.874016,
18.121522 -24.817273 2.874016,
18.050727 -24.988189 2.874016,
17.938107 -25.134958 2.874016,
17.791339 -25.247577 2.874016,
17.620423 -25.318373 2.874016,
17.437008 -25.342520 2.874016,
17.003937 -25.342520 2.874016,
16.820522 -25.318373 2.874016,
16.649606 -25.247577 2.874016,
16.502838 -25.134958 2.874016,
16.390218 -24.988189 2.874016,
16.319423 -24.817273 2.874016,
16.295276 -24.633858 2.874016,
16.295276 -23.688976 4.606299,
16.319423 -23.505561 4.606299,
16.390218 -23.334646 4.606299,
16.502838 -23.187877 4.606299,
16.649606 -23.075258 4.606299,
16.820522 -23.004462 4.606299,
17.003937 -22.980315 4.606299,
17.437008 -22.980315 4.606299,
17.620423 -23.004462 4.606299,
17.791339 -23.075258 4.606299,
17.938107 -23.187877 4.606299,
18.050727 -23.334646 4.606299,
18.121522 -23.505561 4.606299,
18.145669 -23.688976 4.606299,
18.145669 -24.633858 4.606299,
18.121522 -24.817273 4.606299,
18.050727 -24.988189 4.606299,
17.938107 -25.134958 4.606299,
17.791339 -25.247577 4.606299,
17.620423 -25.318373 4.606299,
17.437008 -25.342520 4.606299,
17.003937 -25.342520 4.606299,
16.820522 -25.318373 4.606299,
16.649606 -25.247577 4.606299,
16.502838 -25.134958 4.606299,
16.390218 -24.988189 4.606299,
16.319423 -24.817273 4.606299,
16.295276 -24.633858 4.606299,
] } coordIndex [
28,29,1,0,-1,
29,30,2,1,-1,
30,31,3,2,-1,
31,32,4,3,-1,
32,33,5,4,-1,
33,34,6,5,-1,
34,35,7,6,-1,
35,36,8,7,-1,
36,37,9,8,-1,
37,38,10,9,-1,
38,39,11,10,-1,
39,40,12,11,-1,
40,41,13,12,-1,
41,42,14,13,-1,
42,43,15,14,-1,
43,44,16,15,-1,
44,45,17,16,-1,
45,46,18,17,-1,
46,47,19,18,-1,
47,48,20,19,-1,
48,49,21,20,-1,
49,50,22,21,-1,
50,51,23,22,-1,
51,52,24,23,-1,
52,53,25,24,-1,
53,54,26,25,-1,
54,55,27,26,-1,
55,28,0,27,-1,
1,2,0,-1,
2,3,0,-1,
3,4,0,-1,
4,5,0,-1,
5,6,0,-1,
6,7,0,-1,
7,8,0,-1,
8,9,0,-1,
9,10,0,-1,
10,11,0,-1,
11,12,0,-1,
12,13,0,-1,
13,14,0,-1,
14,15,0,-1,
15,16,0,-1,
16,17,0,-1,
17,18,0,-1,
18,19,0,-1,
19,20,0,-1,
20,21,0,-1,
21,22,0,-1,
22,23,0,-1,
23,24,0,-1,
24,25,0,-1,
25,26,0,-1,
26,27,0,-1,
30,29,28,-1,
31,30,28,-1,
32,31,28,-1,
33,32,28,-1,
34,33,28,-1,
35,34,28,-1,
36,35,28,-1,
37,36,28,-1,
38,37,28,-1,
39,38,28,-1,
40,39,28,-1,
41,40,28,-1,
42,41,28,-1,
43,42,28,-1,
44,43,28,-1,
45,44,28,-1,
46,45,28,-1,
47,46,28,-1,
48,47,28,-1,
49,48,28,-1,
50,49,28,-1,
51,50,28,-1,
52,51,28,-1,
53,52,28,-1,
54,53,28,-1,
55,54,28,-1,
56,57,58,59,60,61,62,63,64,65,66,67,68,69,70,71,72,73,74,75,76,77,78,79,-1,
103,102,101,100,99,98,97,96,95,94,93,92,91,90,89,88,87,86,85,84,83,82,81,80,-1,
80,81,57,56,-1,
81,82,58,57,-1,
82,83,59,58,-1,
83,84,60,59,-1,
84,85,61,60,-1,
85,86,62,61,-1,
86,87,63,62,-1,
87,88,64,63,-1,
88,89,65,64,-1,
89,90,66,65,-1,
90,91,67,66,-1,
91,92,68,67,-1,
92,93,69,68,-1,
93,94,70,69,-1,
94,95,71,70,-1,
95,96,72,71,-1,
96,97,73,72,-1,
97,98,74,73,-1,
98,99,75,74,-1,
99,100,76,75,-1,
100,101,77,76,-1,
101,102,78,77,-1,
102,103,79,78,-1,
103,80,56,79,-1,
104,105,106,107,108,109,110,111,112,113,114,115,116,117,118,119,120,121,122,123,124,125,126,127,-1,
151,150,149,148,147,146,145,144,143,142,141,140,139,138,137,136,135,134,133,132,131,130,129,128,-1,
128,129,105,104,-1,
129,130,106,105,-1,
130,131,107,106,-1,
131,132,108,107,-1,
132,133,109,108,-1,
133,134,110,109,-1,
134,135,111,110,-1,
135,136,112,111,-1,
136,137,113,112,-1,
137,138,114,113,-1,
138,139,115,114,-1,
139,140,116,115,-1,
140,141,117,116,-1,
141,142,118,117,-1,
142,143,119,118,-1,
143,144,120,119,-1,
144,145,121,120,-1,
145,146,122,121,-1,
146,147,123,122,-1,
147,148,124,123,-1,
148,149,125,124,-1,
149,150,126,125,-1,
150,151,127,126,-1,
151,128,104,127,-1,
152,153,154,155,156,157,158,159,160,161,162,163,164,165,166,167,168,169,170,171,172,173,174,175,-1,
199,198,197,196,195,194,193,192,191,190,189,188,187,186,185,184,183,182,181,180,179,178,177,176,-1,
176,177,153,152,-1,
177,178,154,153,-1,
178,179,155,154,-1,
179,180,156,155,-1,
180,181,157,156,-1,
181,182,158,157,-1,
182,183,159,158,-1,
183,184,160,159,-1,
184,185,161,160,-1,
185,186,162,161,-1,
186,187,163,162,-1,
187,188,164,163,-1,
188,189,165,164,-1,
189,190,166,165,-1,
190,191,167,166,-1,
191,192,168,167,-1,
192,193,169,168,-1,
193,194,170,169,-1,
194,195,171,170,-1,
195,196,172,171,-1,
196,197,173,172,-1,
197,198,174,173,-1,
198,199,175,174,-1,
199,176,152,175,-1,
200,201,202,203,204,205,206,207,208,209,210,211,212,213,214,215,216,217,218,219,220,221,222,223,-1,
247,246,245,244,243,242,241,240,239,238,237,236,235,234,233,232,231,230,229,228,227,226,225,224,-1,
224,225,201,200,-1,
225,226,202,201,-1,
226,227,203,202,-1,
227,228,204,203,-1,
228,229,205,204,-1,
229,230,206,205,-1,
230,231,207,206,-1,
231,232,208,207,-1,
232,233,209,208,-1,
233,234,210,209,-1,
234,235,211,210,-1,
235,236,212,211,-1,
236,237,213,212,-1,
237,238,214,213,-1,
238,239,215,214,-1,
239,240,216,215,-1,
240,241,217,216,-1,
241,242,218,217,-1,
242,243,219,218,-1,
243,244,220,219,-1,
244,245,221,220,-1,
245,246,222,221,-1,
246,247,223,222,-1,
247,224,200,223,-1,
248,249,250,251,-1,
252,253,249,248,-1,
253,254,250,249,-1,
254,255,251,250,-1,
255,252,248,251,-1,
255,254,253,252,-1,
256,257,258,259,-1,
260,261,257,256,-1,
261,262,258,257,-1,
262,263,259,258,-1,
263,260,256,259,-1,
263,262,261,260,-1,
264,265,266,267,-1,
268,269,265,264,-1,
269,270,266,265,-1,
270,271,267,266,-1,
271,268,264,267,-1,
271,270,269,268,-1,
272,273,274,275,-1,
276,277,273,272,-1,
277,278,274,273,-1,
278,279,275,274,-1,
279,276,272,275,-1,
279,278,277,276,-1,
280,281,282,283,-1,
284,285,281,280,-1,
285,286,282,281,-1,
286,287,283,282,-1,
287,284,280,283,-1,
287,286,285,284,-1,
288,289,290,291,-1,
292,293,289,288,-1,
293,294,290,289,-1,
294,295,291,290,-1,
295,292,288,291,-1,
295,294,293,292,-1,
296,297,298,299,-1,
300,301,297,296,-1,
301,302,298,297,-1,
302,303,299,298,-1,
303,300,296,299,-1,
303,302,301,300,-1,
304,305,306,307,-1,
308,309,305,304,-1,
309,310,306,305,-1,
310,311,307,306,-1,
311,308,304,307,-1,
311,310,309,308,-1,
312,313,314,315,-1,
316,317,313,312,-1,
317,318,314,313,-1,
318,319,315,314,-1,
319,316,312,315,-1,
319,318,317,316,-1,
320,321,322,323,-1,
324,325,321,320,-1,
325,326,322,321,-1,
326,327,323,322,-1,
327,324,320,323,-1,
327,326,325,324,-1,
328,329,330,331,-1,
332,333,329,328,-1,
333,334,330,329,-1,
334,335,331,330,-1,
335,332,328,331,-1,
335,334,333,332,-1,
336,337,338,339,-1,
340,341,337,336,-1,
341,342,338,337,-1,
342,343,339,338,-1,
343,340,336,339,-1,
343,342,341,340,-1,
344,345,346,347,-1,
348,349,345,344,-1,
349,350,346,345,-1,
350,351,347,346,-1,
351,348,344,347,-1,
351,350,349,348,-1,
352,353,354,355,-1,
356,357,353,352,-1,
357,358,354,353,-1,
358,359,355,354,-1,
359,356,352,355,-1,
359,358,357,356,-1,
360,361,362,363,-1,
364,365,361,360,-1,
365,366,362,361,-1,
366,367,363,362,-1,
367,364,360,363,-1,
367,366,365,364,-1,
368,369,370,371,-1,
372,373,369,368,-1,
373,374,370,369,-1,
374,375,371,370,-1,
375,372,368,371,-1,
375,374,373,372,-1,
376,377,378,379,-1,
380,381,377,376,-1,
381,382,378,377,-1,
382,383,379,378,-1,
383,380,376,379,-1,
383,382,381,380,-1,
384,385,386,387,-1,
388,389,385,384,-1,
389,390,386,385,-1,
390,391,387,386,-1,
391,388,384,387,-1,
391,390,389,388,-1,
392,393,394,395,-1,
396,397,393,392,-1,
397,398,394,393,-1,
398,399,395,394,-1,
399,396,392,395,-1,
399,398,397,396,-1,
400,401,402,403,-1,
404,405,401,400,-1,
405,406,402,401,-1,
406,407,403,402,-1,
407,404,400,403,-1,
407,406,405,404,-1,
408,409,410,411,-1,
412,413,409,408,-1,
413,414,410,409,-1,
414,415,411,410,-1,
415,412,408,411,-1,
415,414,413,412,-1,
416,417,418,419,-1,
420,421,417,416,-1,
421,422,418,417,-1,
422,423,419,418,-1,
423,420,416,419,-1,
423,422,421,420,-1,
424,425,426,427,-1,
428,429,425,424,-1,
429,430,426,425,-1,
430,431,427,426,-1,
431,428,424,427,-1,
431,430,429,428,-1,
432,433,434,435,-1,
436,437,433,432,-1,
437,438,434,433,-1,
438,439,435,434,-1,
439,436,432,435,-1,
439,438,437,436,-1,
440,441,442,443,-1,
444,445,441,440,-1,
445,446,442,441,-1,
446,447,443,442,-1,
447,444,440,443,-1,
447,446,445,444,-1,
448,449,450,451,-1,
452,453,449,448,-1,
453,454,450,449,-1,
454,455,451,450,-1,
455,452,448,451,-1,
455,454,453,452,-1,
456,457,458,459,-1,
460,461,457,456,-1,
461,462,458,457,-1,
462,463,459,458,-1,
463,460,456,459,-1,
463,462,461,460,-1,
464,465,466,467,-1,
468,469,465,464,-1,
469,470,466,465,-1,
470,471,467,466,-1,
471,468,464,467,-1,
471,470,469,468,-1,
472,473,474,475,-1,
476,477,473,472,-1,
477,478,474,473,-1,
478,479,475,474,-1,
479,476,472,475,-1,
479,478,477,476,-1,
480,481,482,483,-1,
484,485,481,480,-1,
485,486,482,481,-1,
486,487,483,482,-1,
487,484,480,483,-1,
487,486,485,484,-1,
488,489,490,491,-1,
492,493,489,488,-1,
493,494,490,489,-1,
494,495,491,490,-1,
495,492,488,491,-1,
495,494,493,492,-1,
496,497,498,499,-1,
500,501,497,496,-1,
501,502,498,497,-1,
502,503,499,498,-1,
503,500,496,499,-1,
503,502,501,500,-1,
504,505,506,507,-1,
508,509,505,504,-1,
509,510,506,505,-1,
510,511,507,506,-1,
511,508,504,507,-1,
511,510,509,508,-1,
512,513,514,515,-1,
516,517,513,512,-1,
517,518,514,513,-1,
518,519,515,514,-1,
519,516,512,515,-1,
519,518,517,516,-1,
520,521,522,523,-1,
524,525,521,520,-1,
525,526,522,521,-1,
526,527,523,522,-1,
527,524,520,523,-1,
527,526,525,524,-1,
528,529,530,531,-1,
532,533,529,528,-1,
533,534,530,529,-1,
534,535,531,530,-1,
535,532,528,531,-1,
535,534,533,532,-1,
536,537,538,539,-1,
540,541,537,536,-1,
541,542,538,537,-1,
542,543,539,538,-1,
543,540,536,539,-1,
543,542,541,540,-1,
544,545,546,547,-1,
548,549,545,544,-1,
549,550,546,545,-1,
550,551,547,546,-1,
551,548,544,547,-1,
551,550,549,548,-1,
552,553,554,555,-1,
556,557,553,552,-1,
557,558,554,553,-1,
558,559,555,554,-1,
559,556,552,555,-1,
559,558,557,556,-1,
560,561,562,563,-1,
564,565,561,560,-1,
565,566,562,561,-1,
566,567,563,562,-1,
567,564,560,563,-1,
567,566,565,564,-1,
568,569,570,571,-1,
572,573,569,568,-1,
573,574,570,569,-1,
574,575,571,570,-1,
575,572,568,571,-1,
575,574,573,572,-1,
576,577,578,579,-1,
580,581,577,576,-1,
581,582,578,577,-1,
582,583,579,578,-1,
583,580,576,579,-1,
583,582,581,580,-1,
584,585,586,587,-1,
588,589,585,584,-1,
589,590,586,585,-1,
590,591,587,586,-1,
591,588,584,587,-1,
591,590,589,588,-1,
592,593,594,595,-1,
596,597,593,592,-1,
597,598,594,593,-1,
598,599,595,594,-1,
599,596,592,595,-1,
599,598,597,596,-1,
600,601,602,603,-1,
604,605,601,600,-1,
605,606,602,601,-1,
606,607,603,602,-1,
607,604,600,603,-1,
607,606,605,604,-1,
608,609,610,611,-1,
612,613,609,608,-1,
613,614,610,609,-1,
614,615,611,610,-1,
615,612,608,611,-1,
615,614,613,612,-1,
616,617,618,619,-1,
620,621,617,616,-1,
621,622,618,617,-1,
622,623,619,618,-1,
623,620,616,619,-1,
623,622,621,620,-1,
624,625,626,627,-1,
628,629,625,624,-1,
629,630,626,625,-1,
630,631,627,626,-1,
631,628,624,627,-1,
631,630,629,628,-1,
632,633,634,635,-1,
636,637,633,632,-1,
637,638,634,633,-1,
638,639,635,634,-1,
639,636,632,635,-1,
639,638,637,636,-1,
640,641,642,643,-1,
644,645,641,640,-1,
645,646,642,641,-1,
646,647,643,642,-1,
647,644,640,643,-1,
647,646,645,644,-1,
648,649,650,651,-1,
652,653,649,648,-1,
653,654,650,649,-1,
654,655,651,650,-1,
655,652,648,651,-1,
655,654,653,652,-1,
656,657,658,659,-1,
660,661,657,656,-1,
661,662,658,657,-1,
662,663,659,658,-1,
663,660,656,659,-1,
663,662,661,660,-1,
664,665,666,667,-1,
668,669,665,664,-1,
669,670,666,665,-1,
670,671,667,666,-1,
671,668,664,667,-1,
671,670,669,668,-1,
672,673,674,675,-1,
676,677,673,672,-1,
677,678,674,673,-1,
678,679,675,674,-1,
679,676,672,675,-1,
679,678,677,676,-1,
680,681,682,683,-1,
684,685,681,680,-1,
685,686,682,681,-1,
686,687,683,682,-1,
687,684,680,683,-1,
687,686,685,684,-1,
688,689,690,691,-1,
692,693,689,688,-1,
693,694,690,689,-1,
694,695,691,690,-1,
695,692,688,691,-1,
695,694,693,692,-1,
696,697,698,699,-1,
700,701,697,696,-1,
701,702,698,697,-1,
702,703,699,698,-1,
703,700,696,699,-1,
703,702,701,700,-1,
704,705,706,707,-1,
708,709,705,704,-1,
709,710,706,705,-1,
710,711,707,706,-1,
711,708,704,707,-1,
711,710,709,708,-1,
712,713,714,715,-1,
716,717,713,712,-1,
717,718,714,713,-1,
718,719,715,714,-1,
719,716,712,715,-1,
719,718,717,716,-1,
720,721,722,723,-1,
724,725,721,720,-1,
725,726,722,721,-1,
726,727,723,722,-1,
727,724,720,723,-1,
727,726,725,724,-1,
728,729,730,731,-1,
732,733,729,728,-1,
733,734,730,729,-1,
734,735,731,730,-1,
735,732,728,731,-1,
735,734,733,732,-1,
736,737,738,739,-1,
740,741,737,736,-1,
741,742,738,737,-1,
742,743,739,738,-1,
743,740,736,739,-1,
743,742,741,740,-1,
744,745,746,747,-1,
748,749,745,744,-1,
749,750,746,745,-1,
750,751,747,746,-1,
751,748,744,747,-1,
751,750,749,748,-1,
752,753,754,755,-1,
756,757,753,752,-1,
757,758,754,753,-1,
758,759,755,754,-1,
759,756,752,755,-1,
759,758,757,756,-1,
760,761,762,763,-1,
764,765,761,760,-1,
765,766,762,761,-1,
766,767,763,762,-1,
767,764,760,763,-1,
767,766,765,764,-1,
768,769,770,771,-1,
772,773,769,768,-1,
773,774,770,769,-1,
774,775,771,770,-1,
775,772,768,771,-1,
775,774,773,772,-1,
776,777,778,779,-1,
780,781,777,776,-1,
781,782,778,777,-1,
782,783,779,778,-1,
783,780,776,779,-1,
783,782,781,780,-1,
784,785,786,787,-1,
788,789,785,784,-1,
789,790,786,785,-1,
790,791,787,786,-1,
791,788,784,787,-1,
791,790,789,788,-1,
792,793,794,795,-1,
796,797,793,792,-1,
797,798,794,793,-1,
798,799,795,794,-1,
799,796,792,795,-1,
799,798,797,796,-1,
828,829,801,800,-1,
829,830,802,801,-1,
830,831,803,802,-1,
831,832,804,803,-1,
832,833,805,804,-1,
833,834,806,805,-1,
834,835,807,806,-1,
835,836,808,807,-1,
836,837,809,808,-1,
837,838,810,809,-1,
838,839,811,810,-1,
839,840,812,811,-1,
840,841,813,812,-1,
841,842,814,813,-1,
842,843,815,814,-1,
843,844,816,815,-1,
844,845,817,816,-1,
845,846,818,817,-1,
846,847,819,818,-1,
847,848,820,819,-1,
848,849,821,820,-1,
849,850,822,821,-1,
850,851,823,822,-1,
851,852,824,823,-1,
852,853,825,824,-1,
853,854,826,825,-1,
854,855,827,826,-1,
855,828,800,827,-1,
801,802,800,-1,
802,803,800,-1,
803,804,800,-1,
804,805,800,-1,
805,806,800,-1,
806,807,800,-1,
807,808,800,-1,
808,809,800,-1,
809,810,800,-1,
810,811,800,-1,
811,812,800,-1,
812,813,800,-1,
813,814,800,-1,
814,815,800,-1,
815,816,800,-1,
816,817,800,-1,
817,818,800,-1,
818,819,800,-1,
819,820,800,-1,
820,821,800,-1,
821,822,800,-1,
822,823,800,-1,
823,824,800,-1,
824,825,800,-1,
825,826,800,-1,
826,827,800,-1,
830,829,828,-1,
831,830,828,-1,
832,831,828,-1,
833,832,828,-1,
834,833,828,-1,
835,834,828,-1,
836,835,828,-1,
837,836,828,-1,
838,837,828,-1,
839,838,828,-1,
840,839,828,-1,
841,840,828,-1,
842,841,828,-1,
843,842,828,-1,
844,843,828,-1,
845,844,828,-1,
846,845,828,-1,
847,846,828,-1,
848,847,828,-1,
849,848,828,-1,
850,849,828,-1,
851,850,828,-1,
852,851,828,-1,
853,852,828,-1,
854,853,828,-1,
855,854,828,-1,
884,885,857,856,-1,
885,886,858,857,-1,
886,887,859,858,-1,
887,888,860,859,-1,
888,889,861,860,-1,
889,890,862,861,-1,
890,891,863,862,-1,
891,892,864,863,-1,
892,893,865,864,-1,
893,894,866,865,-1,
894,895,867,866,-1,
895,896,868,867,-1,
896,897,869,868,-1,
897,898,870,869,-1,
898,899,871,870,-1,
899,900,872,871,-1,
900,901,873,872,-1,
901,902,874,873,-1,
902,903,875,874,-1,
903,904,876,875,-1,
904,905,877,876,-1,
905,906,878,877,-1,
906,907,879,878,-1,
907,908,880,879,-1,
908,909,881,880,-1,
909,910,882,881,-1,
910,911,883,882,-1,
911,884,856,883,-1,
857,858,856,-1,
858,859,856,-1,
859,860,856,-1,
860,861,856,-1,
861,862,856,-1,
862,863,856,-1,
863,864,856,-1,
864,865,856,-1,
865,866,856,-1,
866,867,856,-1,
867,868,856,-1,
868,869,856,-1,
869,870,856,-1,
870,871,856,-1,
871,872,856,-1,
872,873,856,-1,
873,874,856,-1,
874,875,856,-1,
875,876,856,-1,
876,877,856,-1,
877,878,856,-1,
878,879,856,-1,
879,880,856,-1,
880,881,856,-1,
881,882,856,-1,
882,883,856,-1,
886,885,884,-1,
887,886,884,-1,
888,887,884,-1,
889,888,884,-1,
890,889,884,-1,
891,890,884,-1,
892,891,884,-1,
893,892,884,-1,
894,893,884,-1,
895,894,884,-1,
896,895,884,-1,
897,896,884,-1,
898,897,884,-1,
899,898,884,-1,
900,899,884,-1,
901,900,884,-1,
902,901,884,-1,
903,902,884,-1,
904,903,884,-1,
905,904,884,-1,
906,905,884,-1,
907,906,884,-1,
908,907,884,-1,
909,908,884,-1,
910,909,884,-1,
911,910,884,-1,
912,913,914,915,916,917,918,919,920,921,922,923,924,925,926,927,928,929,930,931,932,933,934,935,-1,
959,958,957,956,955,954,953,952,951,950,949,948,947,946,945,944,943,942,941,940,939,938,937,936,-1,
936,937,913,912,-1,
937,938,914,913,-1,
938,939,915,914,-1,
939,940,916,915,-1,
940,941,917,916,-1,
941,942,918,917,-1,
942,943,919,918,-1,
943,944,920,919,-1,
944,945,921,920,-1,
945,946,922,921,-1,
946,947,923,922,-1,
947,948,924,923,-1,
948,949,925,924,-1,
949,950,926,925,-1,
950,951,927,926,-1,
951,952,928,927,-1,
952,953,929,928,-1,
953,954,930,929,-1,
954,955,931,930,-1,
955,956,932,931,-1,
956,957,933,932,-1,
957,958,934,933,-1,
958,959,935,934,-1,
959,936,912,935,-1,
960,961,962,963,964,965,966,967,968,969,970,971,972,973,974,975,976,977,978,979,980,981,982,983,-1,
1007,1006,1005,1004,1003,1002,1001,1000,999,998,997,996,995,994,993,992,991,990,989,988,987,986,985,984,-1,
984,985,961,960,-1,
985,986,962,961,-1,
986,987,963,962,-1,
987,988,964,963,-1,
988,989,965,964,-1,
989,990,966,965,-1,
990,991,967,966,-1,
991,992,968,967,-1,
992,993,969,968,-1,
993,994,970,969,-1,
994,995,971,970,-1,
995,996,972,971,-1,
996,997,973,972,-1,
997,998,974,973,-1,
998,999,975,974,-1,
999,1000,976,975,-1,
1000,1001,977,976,-1,
1001,1002,978,977,-1,
1002,1003,979,978,-1,
1003,1004,980,979,-1,
1004,1005,981,980,-1,
1005,1006,982,981,-1,
1006,1007,983,982,-1,
1007,984,960,983,-1,
1008,1009,1010,1011,1012,1013,1014,1015,1016,1017,1018,1019,1020,1021,1022,1023,1024,1025,1026,1027,1028,1029,1030,1031,-1,
1055,1054,1053,1052,1051,1050,1049,1048,1047,1046,1045,1044,1043,1042,1041,1040,1039,1038,1037,1036,1035,1034,1033,1032,-1,
1032,1033,1009,1008,-1,
1033,1034,1010,1009,-1,
1034,1035,1011,1010,-1,
1035,1036,1012,1011,-1,
1036,1037,1013,1012,-1,
1037,1038,1014,1013,-1,
1038,1039,1015,1014,-1,
1039,1040,1016,1015,-1,
1040,1041,1017,1016,-1,
1041,1042,1018,1017,-1,
1042,1043,1019,1018,-1,
1043,1044,1020,1019,-1,
1044,1045,1021,1020,-1,
1045,1046,1022,1021,-1,
1046,1047,1023,1022,-1,
1047,1048,1024,1023,-1,
1048,1049,1025,1024,-1,
1049,1050,1026,1025,-1,
1050,1051,1027,1026,-1,
1051,1052,1028,1027,-1,
1052,1053,1029,1028,-1,
1053,1054,1030,1029,-1,
1054,1055,1031,1030,-1,
1055,1032,1008,1031,-1,
1056,1057,1058,1059,1060,1061,1062,1063,1064,1065,1066,1067,1068,1069,1070,1071,1072,1073,1074,1075,1076,1077,1078,1079,-1,
1103,1102,1101,1100,1099,1098,1097,1096,1095,1094,1093,1092,1091,1090,1089,1088,1087,1086,1085,1084,1083,1082,1081,1080,-1,
1080,1081,1057,1056,-1,
1081,1082,1058,1057,-1,
1082,1083,1059,1058,-1,
1083,1084,1060,1059,-1,
1084,1085,1061,1060,-1,
1085,1086,1062,1061,-1,
1086,1087,1063,1062,-1,
1087,1088,1064,1063,-1,
1088,1089,1065,1064,-1,
1089,1090,1066,1065,-1,
1090,1091,1067,1066,-1,
1091,1092,1068,1067,-1,
1092,1093,1069,1068,-1,
1093,1094,1070,1069,-1,
1094,1095,1071,1070,-1,
1095,1096,1072,1071,-1,
1096,1097,1073,1072,-1,
1097,1098,1074,1073,-1,
1098,1099,1075,1074,-1,
1099,1100,1076,1075,-1,
1100,1101,1077,1076,-1,
1101,1102,1078,1077,-1,
1102,1103,1079,1078,-1,
1103,1080,1056,1079,-1,
1104,1105,1106,1107,-1,
1108,1109,1105,1104,-1,
1109,1110,1106,1105,-1,
1110,1111,1107,1106,-1,
1111,1108,1104,1107,-1,
1111,1110,1109,1108,-1,
1112,1113,1114,1115,-1,
1116,1117,1113,1112,-1,
1117,1118,1114,1113,-1,
1118,1119,1115,1114,-1,
1119,1116,1112,1115,-1,
1119,1118,1117,1116,-1,
1120,1121,1122,1123,-1,
1124,1125,1121,1120,-1,
1125,1126,1122,1121,-1,
1126,1127,1123,1122,-1,
1127,1124,1120,1123,-1,
1127,1126,1125,1124,-1,
1128,1129,1130,1131,-1,
1132,1133,1129,1128,-1,
1133,1134,1130,1129,-1,
1134,1135,1131,1130,-1,
1135,1132,1128,1131,-1,
1135,1134,1133,1132,-1,
1136,1137,1138,1139,-1,
1140,1141,1137,1136,-1,
1141,1142,1138,1137,-1,
1142,1143,1139,1138,-1,
1143,1140,1136,1139,-1,
1143,1142,1141,1140,-1,
1144,1145,1146,1147,-1,
1148,1149,1145,1144,-1,
1149,1150,1146,1145,-1,
1150,1151,1147,1146,-1,
1151,1148,1144,1147,-1,
1151,1150,1149,1148,-1,
1152,1153,1154,1155,-1,
1156,1157,1153,1152,-1,
1157,1158,1154,1153,-1,
1158,1159,1155,1154,-1,
1159,1156,1152,1155,-1,
1159,1158,1157,1156,-1,
1160,1161,1162,1163,-1,
1164,1165,1161,1160,-1,
1165,1166,1162,1161,-1,
1166,1167,1163,1162,-1,
1167,1164,1160,1163,-1,
1167,1166,1165,1164,-1,
1168,1169,1170,1171,-1,
1172,1173,1169,1168,-1,
1173,1174,1170,1169,-1,
1174,1175,1171,1170,-1,
1175,1172,1168,1171,-1,
1175,1174,1173,1172,-1,
1176,1177,1178,1179,-1,
1180,1181,1177,1176,-1,
1181,1182,1178,1177,-1,
1182,1183,1179,1178,-1,
1183,1180,1176,1179,-1,
1183,1182,1181,1180,-1,
1184,1185,1186,1187,-1,
1188,1189,1185,1184,-1,
1189,1190,1186,1185,-1,
1190,1191,1187,1186,-1,
1191,1188,1184,1187,-1,
1191,1190,1189,1188,-1,
1192,1193,1194,1195,-1,
1196,1197,1193,1192,-1,
1197,1198,1194,1193,-1,
1198,1199,1195,1194,-1,
1199,1196,1192,1195,-1,
1199,1198,1197,1196,-1,
1200,1201,1202,1203,-1,
1204,1205,1201,1200,-1,
1205,1206,1202,1201,-1,
1206,1207,1203,1202,-1,
1207,1204,1200,1203,-1,
1207,1206,1205,1204,-1,
1208,1209,1210,1211,-1,
1212,1213,1209,1208,-1,
1213,1214,1210,1209,-1,
1214,1215,1211,1210,-1,
1215,1212,1208,1211,-1,
1215,1214,1213,1212,-1,
1216,1217,1218,1219,-1,
1220,1221,1217,1216,-1,
1221,1222,1218,1217,-1,
1222,1223,1219,1218,-1,
1223,1220,1216,1219,-1,
1223,1222,1221,1220,-1,
1224,1225,1226,1227,-1,
1228,1229,1225,1224,-1,
1229,1230,1226,1225,-1,
1230,1231,1227,1226,-1,
1231,1228,1224,1227,-1,
1231,1230,1229,1228,-1,
1232,1233,1234,1235,-1,
1236,1237,1233,1232,-1,
1237,1238,1234,1233,-1,
1238,1239,1235,1234,-1,
1239,1236,1232,1235,-1,
1239,1238,1237,1236,-1,
1240,1241,1242,1243,-1,
1244,1245,1241,1240,-1,
1245,1246,1242,1241,-1,
1246,1247,1243,1242,-1,
1247,1244,1240,1243,-1,
1247,1246,1245,1244,-1,
1248,1249,1250,1251,-1,
1252,1253,1249,1248,-1,
1253,1254,1250,1249,-1,
1254,1255,1251,1250,-1,
1255,1252,1248,1251,-1,
1255,1254,1253,1252,-1,
1256,1257,1258,1259,-1,
1260,1261,1257,1256,-1,
1261,1262,1258,1257,-1,
1262,1263,1259,1258,-1,
1263,1260,1256,1259,-1,
1263,1262,1261,1260,-1,
1264,1265,1266,1267,-1,
1268,1269,1265,1264,-1,
1269,1270,1266,1265,-1,
1270,1271,1267,1266,-1,
1271,1268,1264,1267,-1,
1271,1270,1269,1268,-1,
1272,1273,1274,1275,-1,
1276,1277,1273,1272,-1,
1277,1278,1274,1273,-1,
1278,1279,1275,1274,-1,
1279,1276,1272,1275,-1,
1279,1278,1277,1276,-1,
1280,1281,1282,1283,-1,
1284,1285,1281,1280,-1,
1285,1286,1282,1281,-1,
1286,1287,1283,1282,-1,
1287,1284,1280,1283,-1,
1287,1286,1285,1284,-1,
1288,1289,1290,1291,-1,
1292,1293,1289,1288,-1,
1293,1294,1290,1289,-1,
1294,1295,1291,1290,-1,
1295,1292,1288,1291,-1,
1295,1294,1293,1292,-1,
1296,1297,1298,1299,-1,
1300,1301,1297,1296,-1,
1301,1302,1298,1297,-1,
1302,1303,1299,1298,-1,
1303,1300,1296,1299,-1,
1303,1302,1301,1300,-1,
1304,1305,1306,1307,-1,
1308,1309,1305,1304,-1,
1309,1310,1306,1305,-1,
1310,1311,1307,1306,-1,
1311,1308,1304,1307,-1,
1311,1310,1309,1308,-1,
1312,1313,1314,1315,-1,
1316,1317,1313,1312,-1,
1317,1318,1314,1313,-1,
1318,1319,1315,1314,-1,
1319,1316,1312,1315,-1,
1319,1318,1317,1316,-1,
1320,1321,1322,1323,-1,
1324,1325,1321,1320,-1,
1325,1326,1322,1321,-1,
1326,1327,1323,1322,-1,
1327,1324,1320,1323,-1,
1327,1326,1325,1324,-1,
1328,1329,1330,1331,-1,
1332,1333,1329,1328,-1,
1333,1334,1330,1329,-1,
1334,1335,1331,1330,-1,
1335,1332,1328,1331,-1,
1335,1334,1333,1332,-1,
1336,1337,1338,1339,-1,
1340,1341,1337,1336,-1,
1341,1342,1338,1337,-1,
1342,1343,1339,1338,-1,
1343,1340,1336,1339,-1,
1343,1342,1341,1340,-1,
1344,1345,1346,1347,-1,
1348,1349,1345,1344,-1,
1349,1350,1346,1345,-1,
1350,1351,1347,1346,-1,
1351,1348,1344,1347,-1,
1351,1350,1349,1348,-1,
1352,1353,1354,1355,-1,
1356,1357,1353,1352,-1,
1357,1358,1354,1353,-1,
1358,1359,1355,1354,-1,
1359,1356,1352,1355,-1,
1359,1358,1357,1356,-1,
1360,1361,1362,1363,-1,
1364,1365,1361,1360,-1,
1365,1366,1362,1361,-1,
1366,1367,1363,1362,-1,
1367,1364,1360,1363,-1,
1367,1366,1365,1364,-1,
1368,1369,1370,1371,-1,
1372,1373,1369,1368,-1,
1373,1374,1370,1369,-1,
1374,1375,1371,1370,-1,
1375,1372,1368,1371,-1,
1375,1374,1373,1372,-1,
1376,1377,1378,1379,-1,
1380,1381,1377,1376,-1,
1381,1382,1378,1377,-1,
1382,1383,1379,1378,-1,
1383,1380,1376,1379,-1,
1383,1382,1381,1380,-1,
1384,1385,1386,1387,-1,
1388,1389,1385,1384,-1,
1389,1390,1386,1385,-1,
1390,1391,1387,1386,-1,
1391,1388,1384,1387,-1,
1391,1390,1389,1388,-1,
1392,1393,1394,1395,-1,
1396,1397,1393,1392,-1,
1397,1398,1394,1393,-1,
1398,1399,1395,1394,-1,
1399,1396,1392,1395,-1,
1399,1398,1397,1396,-1,
1400,1401,1402,1403,-1,
1404,1405,1401,1400,-1,
1405,1406,1402,1401,-1,
1406,1407,1403,1402,-1,
1407,1404,1400,1403,-1,
1407,1406,1405,1404,-1,
1408,1409,1410,1411,-1,
1412,1413,1409,1408,-1,
1413,1414,1410,1409,-1,
1414,1415,1411,1410,-1,
1415,1412,1408,1411,-1,
1415,1414,1413,1412,-1,
1416,1417,1418,1419,-1,
1420,1421,1417,1416,-1,
1421,1422,1418,1417,-1,
1422,1423,1419,1418,-1,
1423,1420,1416,1419,-1,
1423,1422,1421,1420,-1,
1424,1425,1426,1427,-1,
1428,1429,1425,1424,-1,
1429,1430,1426,1425,-1,
1430,1431,1427,1426,-1,
1431,1428,1424,1427,-1,
1431,1430,1429,1428,-1,
1432,1433,1434,1435,-1,
1436,1437,1433,1432,-1,
1437,1438,1434,1433,-1,
1438,1439,1435,1434,-1,
1439,1436,1432,1435,-1,
1439,1438,1437,1436,-1,
1440,1441,1442,1443,-1,
1444,1445,1441,1440,-1,
1445,1446,1442,1441,-1,
1446,1447,1443,1442,-1,
1447,1444,1440,1443,-1,
1447,1446,1445,1444,-1,
1448,1449,1450,1451,-1,
1452,1453,1449,1448,-1,
1453,1454,1450,1449,-1,
1454,1455,1451,1450,-1,
1455,1452,1448,1451,-1,
1455,1454,1453,1452,-1,
1456,1457,1458,1459,-1,
1460,1461,1457,1456,-1,
1461,1462,1458,1457,-1,
1462,1463,1459,1458,-1,
1463,1460,1456,1459,-1,
1463,1462,1461,1460,-1,
1464,1465,1466,1467,-1,
1468,1469,1465,1464,-1,
1469,1470,1466,1465,-1,
1470,1471,1467,1466,-1,
1471,1468,1464,1467,-1,
1471,1470,1469,1468,-1,
1472,1473,1474,1475,-1,
1476,1477,1473,1472,-1,
1477,1478,1474,1473,-1,
1478,1479,1475,1474,-1,
1479,1476,1472,1475,-1,
1479,1478,1477,1476,-1,
1480,1481,1482,1483,-1,
1484,1485,1481,1480,-1,
1485,1486,1482,1481,-1,
1486,1487,1483,1482,-1,
1487,1484,1480,1483,-1,
1487,1486,1485,1484,-1,
1488,1489,1490,1491,-1,
1492,1493,1489,1488,-1,
1493,1494,1490,1489,-1,
1494,1495,1491,1490,-1,
1495,1492,1488,1491,-1,
1495,1494,1493,1492,-1,
1496,1497,1498,1499,-1,
1500,1501,1497,1496,-1,
1501,1502,1498,1497,-1,
1502,1503,1499,1498,-1,
1503,1500,1496,1499,-1,
1503,1502,1501,1500,-1,
1504,1505,1506,1507,-1,
1508,1509,1505,1504,-1,
1509,1510,1506,1505,-1,
1510,1511,1507,1506,-1,
1511,1508,1504,1507,-1,
1511,1510,1509,1508,-1,
1512,1513,1514,1515,-1,
1516,1517,1513,1512,-1,
1517,1518,1514,1513,-1,
1518,1519,1515,1514,-1,
1519,1516,1512,1515,-1,
1519,1518,1517,1516,-1,
1520,1521,1522,1523,-1,
1524,1525,1521,1520,-1,
1525,1526,1522,1521,-1,
1526,1527,1523,1522,-1,
1527,1524,1520,1523,-1,
1527,1526,1525,1524,-1,
1528,1529,1530,1531,-1,
1532,1533,1529,1528,-1,
1533,1534,1530,1529,-1,
1534,1535,1531,1530,-1,
1535,1532,1528,1531,-1,
1535,1534,1533,1532,-1,
1536,1537,1538,1539,-1,
1540,1541,1537,1536,-1,
1541,1542,1538,1537,-1,
1542,1543,1539,1538,-1,
1543,1540,1536,1539,-1,
1543,1542,1541,1540,-1,
1544,1545,1546,1547,-1,
1548,1549,1545,1544,-1,
1549,1550,1546,1545,-1,
1550,1551,1547,1546,-1,
1551,1548,1544,1547,-1,
1551,1550,1549,1548,-1,
1552,1553,1554,1555,-1,
1556,1557,1553,1552,-1,
1557,1558,1554,1553,-1,
1558,1559,1555,1554,-1,
1559,1556,1552,1555,-1,
1559,1558,1557,1556,-1,
1560,1561,1562,1563,-1,
1564,1565,1561,1560,-1,
1565,1566,1562,1561,-1,
1566,1567,1563,1562,-1,
1567,1564,1560,1563,-1,
1567,1566,1565,1564,-1,
1568,1569,1570,1571,-1,
1572,1573,1569,1568,-1,
1573,1574,1570,1569,-1,
1574,1575,1571,1570,-1,
1575,1572,1568,1571,-1,
1575,1574,1573,1572,-1,
1576,1577,1578,1579,-1,
1580,1581,1577,1576,-1,
1581,1582,1578,1577,-1,
1582,1583,1579,1578,-1,
1583,1580,1576,1579,-1,
1583,1582,1581,1580,-1,
1584,1585,1586,1587,-1,
1588,1589,1585,1584,-1,
1589,1590,1586,1585,-1,
1590,1591,1587,1586,-1,
1591,1588,1584,1587,-1,
1591,1590,1589,1588,-1,
1592,1593,1594,1595,-1,
1596,1597,1593,1592,-1,
1597,1598,1594,1593,-1,
1598,1599,1595,1594,-1,
1599,1596,1592,1595,-1,
1599,1598,1597,1596,-1,
1600,1601,1602,1603,-1,
1604,1605,1601,1600,-1,
1605,1606,1602,1601,-1,
1606,1607,1603,1602,-1,
1607,1604,1600,1603,-1,
1607,1606,1605,1604,-1,
1608,1609,1610,1611,-1,
1612,1613,1609,1608,-1,
1613,1614,1610,1609,-1,
1614,1615,1611,1610,-1,
1615,1612,1608,1611,-1,
1615,1614,1613,1612,-1,
1616,1617,1618,1619,-1,
1620,1621,1617,1616,-1,
1621,1622,1618,1617,-1,
1622,1623,1619,1618,-1,
1623,1620,1616,1619,-1,
1623,1622,1621,1620,-1,
1624,1625,1626,1627,-1,
1628,1629,1625,1624,-1,
1629,1630,1626,1625,-1,
1630,1631,1627,1626,-1,
1631,1628,1624,1627,-1,
1631,1630,1629,1628,-1,
1632,1633,1634,1635,-1,
1636,1637,1633,1632,-1,
1637,1638,1634,1633,-1,
1638,1639,1635,1634,-1,
1639,1636,1632,1635,-1,
1639,1638,1637,1636,-1,
1640,1641,1642,1643,-1,
1644,1645,1641,1640,-1,
1645,1646,1642,1641,-1,
1646,1647,1643,1642,-1,
1647,1644,1640,1643,-1,
1647,1646,1645,1644,-1,
1648,1649,1650,1651,-1,
1652,1653,1649,1648,-1,
1653,1654,1650,1649,-1,
1654,1655,1651,1650,-1,
1655,1652,1648,1651,-1,
1655,1654,1653,1652,-1,
1684,1685,1657,1656,-1,
1685,1686,1658,1657,-1,
1686,1687,1659,1658,-1,
1687,1688,1660,1659,-1,
1688,1689,1661,1660,-1,
1689,1690,1662,1661,-1,
1690,1691,1663,1662,-1,
1691,1692,1664,1663,-1,
1692,1693,1665,1664,-1,
1693,1694,1666,1665,-1,
1694,1695,1667,1666,-1,
1695,1696,1668,1667,-1,
1696,1697,1669,1668,-1,
1697,1698,1670,1669,-1,
1698,1699,1671,1670,-1,
1699,1700,1672,1671,-1,
1700,1701,1673,1672,-1,
1701,1702,1674,1673,-1,
1702,1703,1675,1674,-1,
1703,1704,1676,1675,-1,
1704,1705,1677,1676,-1,
1705,1706,1678,1677,-1,
1706,1707,1679,1678,-1,
1707,1708,1680,1679,-1,
1708,1709,1681,1680,-1,
1709,1710,1682,1681,-1,
1710,1711,1683,1682,-1,
1711,1684,1656,1683,-1,
1657,1658,1656,-1,
1658,1659,1656,-1,
1659,1660,1656,-1,
1660,1661,1656,-1,
1661,1662,1656,-1,
1662,1663,1656,-1,
1663,1664,1656,-1,
1664,1665,1656,-1,
1665,1666,1656,-1,
1666,1667,1656,-1,
1667,1668,1656,-1,
1668,1669,1656,-1,
1669,1670,1656,-1,
1670,1671,1656,-1,
1671,1672,1656,-1,
1672,1673,1656,-1,
1673,1674,1656,-1,
1674,1675,1656,-1,
1675,1676,1656,-1,
1676,1677,1656,-1,
1677,1678,1656,-1,
1678,1679,1656,-1,
1679,1680,1656,-1,
1680,1681,1656,-1,
1681,1682,1656,-1,
1682,1683,1656,-1,
1686,1685,1684,-1,
1687,1686,1684,-1,
1688,1687,1684,-1,
1689,1688,1684,-1,
1690,1689,1684,-1,
1691,1690,1684,-1,
1692,1691,1684,-1,
1693,1692,1684,-1,
1694,1693,1684,-1,
1695,1694,1684,-1,
1696,1695,1684,-1,
1697,1696,1684,-1,
1698,1697,1684,-1,
1699,1698,1684,-1,
1700,1699,1684,-1,
1701,1700,1684,-1,
1702,1701,1684,-1,
1703,1702,1684,-1,
1704,1703,1684,-1,
1705,1704,1684,-1,
1706,1705,1684,-1,
1707,1706,1684,-1,
1708,1707,1684,-1,
1709,1708,1684,-1,
1710,1709,1684,-1,
1711,1710,1684,-1,
] } }
Shape { appearance Appearance { material Material { diffuseColor 0.72 0.53 0.2 specularColor 0.3 0.3 0.3 shininess 0.6 } }
geometry IndexedFaceSet { solid FALSE creaseAngle 0.6 coord Coordinate { point [
-15.649606 15.559055 -1.102362,
-15.350394 15.559055 -1.102362,
-15.350394 15.440945 -1.102362,
-15.649606 15.440945 -1.102362,
-15.649606 15.559055 3.582677,
-15.350394 15.559055 3.582677,
-15.350394 15.440945 3.582677,
-15.649606 15.440945 3.582677,
-16.484252 15.748031 3.484252,
-14.515748 15.748031 3.484252,
-14.515748 15.629921 3.484252,
-16.484252 15.629921 3.484252,
-16.484252 15.748031 3.629921,
-14.515748 15.748031 3.629921,
-14.515748 15.629921 3.629921,
-16.484252 15.629921 3.629921,
-16.484252 15.370079 3.484252,
-14.515748 15.370079 3.484252,
-14.515748 15.251969 3.484252,
-16.484252 15.251969 3.484252,
-16.484252 15.370079 3.629921,
-14.515748 15.370079 3.629921,
-14.515748 15.251969 3.629921,
-16.484252 15.251969 3.629921,
-15.649606 14.559055 -1.102362,
-15.350394 14.559055 -1.102362,
-15.350394 14.440945 -1.102362,
-15.649606 14.440945 -1.102362,
-15.649606 14.559055 3.582677,
-15.350394 14.559055 3.582677,
-15.350394 14.440945 3.582677,
-15.649606 14.440945 3.582677,
-16.484252 14.748031 3.484252,
-14.515748 14.748031 3.484252,
-14.515748 14.629921 3.484252,
-16.484252 14.629921 3.484252,
-16.484252 14.748031 3.629921,
-14.515748 14.748031 3.629921,
-14.515748 14.629921 3.629921,
-16.484252 14.629921 3.629921,
-16.484252 14.370079 3.484252,
-14.515748 14.370079 3.484252,
-14.515748 14.251969 3.484252,
-16.484252 14.251969 3.484252,
-16.484252 14.370079 3.629921,
-14.515748 14.370079 3.629921,
-14.515748 14.251969 3.629921,
-16.484252 14.251969 3.629921,
-15.649606 13.559055 -1.102362,
-15.350394 13.559055 -1.102362,
-15.350394 13.440945 -1.102362,
-15.649606 13.440945 -1.102362,
-15.649606 13.559055 3.582677,
-15.350394 13.559055 3.582677,
-15.350394 13.440945 3.582677,
-15.649606 13.440945 3.582677,
-16.484252 13.748031 3.484252,
-14.515748 13.748031 3.484252,
-14.515748 13.629921 3.484252,
-16.484252 13.629921 3.484252,
-16.484252 13.748031 3.629921,
-14.515748 13.748031 3.629921,
-14.515748 13.629921 3.629921,
-16.484252 13.629921 3.629921,
-16.484252 13.370079 3.484252,
-14.515748 13.370079 3.484252,
-14.515748 13.251969 3.484252,
-16.484252 13.251969 3.484252,
-16.484252 13.370079 3.629921,
-14.515748 13.370079 3.629921,
-14.515748 13.251969 3.629921,
-16.484252 13.251969 3.629921,
-15.649606 12.559055 -1.102362,
-15.350394 12.559055 -1.102362,
-15.350394 12.440945 -1.102362,
-15.649606 12.440945 -1.102362,
-15.649606 12.559055 3.582677,
-15.350394 12.559055 3.582677,
-15.350394 12.440945 3.582677,
-15.649606 12.440945 3.582677,
-16.484252 12.748031 3.484252,
-14.515748 12.748031 3.484252,
-14.515748 12.629921 3.484252,
-16.484252 12.629921 3.484252,
-16.484252 12.748031 3.629921,
-14.515748 12.748031 3.629921,
-14.515748 12.629921 3.629921,
-16.484252 12.629921 3.629921,
-16.484252 12.370079 3.484252,
-14.515748 12.370079 3.484252,
-14.515748 12.251969 3.484252,
-16.484252 12.251969 3.484252,
-16.484252 12.370079 3.629921,
-14.515748 12.370079 3.629921,
-14.515748 12.251969 3.629921,
-16.484252 12.251969 3.629921,
-15.649606 11.559055 -1.102362,
-15.350394 11.559055 -1.102362,
-15.350394 11.440945 -1.102362,
-15.649606 11.440945 -1.102362,
-15.649606 11.559055 3.582677,
-15.350394 11.559055 3.582677,
-15.350394 11.440945 3.582677,
-15.649606 11.440945 3.582677,
-16.484252 11.748031 3.484252,
-14.515748 11.748031 3.484252,
-14.515748 11.629921 3.484252,
-16.484252 11.629921 3.484252,
-16.484252 11.748031 3.629921,
-14.515748 11.748031 3.629921,
-14.515748 11.629921 3.629921,
-16.484252 11.629921 3.629921,
-16.484252 11.370079 3.484252,
-14.515748 11.370079 3.484252,
-14.515748 11.251969 3.484252,
-16.484252 11.251969 3.484252,
-16.484252 11.370079 3.629921,
-14.515748 11.370079 3.629921,
-14.515748 11.251969 3.629921,
-16.484252 11.251969 3.629921,
-15.649606 10.559055 -1.102362,
-15.350394 10.559055 -1.102362,
-15.350394 10.440945 -1.102362,
-15.649606 10.440945 -1.102362,
-15.649606 10.559055 3.582677,
-15.350394 10.559055 3.582677,
-15.350394 10.440945 3.582677,
-15.649606 10.440945 3.582677,
-16.484252 10.748031 3.484252,
-14.515748 10.748031 3.484252,
-14.515748 10.629921 3.484252,
-16.484252 10.629921 3.484252,
-16.484252 10.748031 3.629921,
-14.515748 10.748031 3.629921,
-14.515748 10.629921 3.629921,
-16.484252 10.629921 3.629921,
-16.484252 10.370079 3.484252,
-14.515748 10.370079 3.484252,
-14.515748 10.251969 3.484252,
-16.484252 10.251969 3.484252,
-16.484252 10.370079 3.629921,
-14.515748 10.370079 3.629921,
-14.515748 10.251969 3.629921,
-16.484252 10.251969 3.629921,
-15.649606 9.559055 -1.102362,
-15.350394 9.559055 -1.102362,
-15.350394 9.440945 -1.102362,
-15.649606 9.440945 -1.102362,
-15.649606 9.559055 3.582677,
-15.350394 9.559055 3.582677,
-15.350394 9.440945 3.582677,
-15.649606 9.440945 3.582677,
-16.484252 9.748031 3.484252,
-14.515748 9.748031 3.484252,
-14.515748 9.629921 3.484252,
-16.484252 9.629921 3.484252,
-16.484252 9.748031 3.629921,
-14.515748 9.748031 3.629921,
-14.515748 9.629921 3.629921,
-16.484252 9.629921 3.629921,
-16.484252 9.370079 3.484252,
-14.515748 9.370079 3.484252,
-14.515748 9.251969 3.484252,
-16.484252 9.251969 3.484252,
-16.484252 9.370079 3.629921,
-14.515748 9.370079 3.629921,
-14.515748 9.251969 3.629921,
-16.484252 9.251969 3.629921,
-15.649606 8.559055 -1.102362,
-15.350394 8.559055 -1.102362,
-15.350394 8.440945 -1.102362,
-15.649606 8.440945 -1.102362,
-15.649606 8.559055 3.582677,
-15.350394 8.559055 3.582677,
-15.350394 8.440945 3.582677,
-15.649606 8.440945 3.582677,
-16.484252 8.748031 3.484252,
-14.515748 8.748031 3.484252,
-14.515748 8.629921 3.484252,
-16.484252 8.629921 3.484252,
-16.484252 8.748031 3.629921,
-14.515748 8.748031 3.629921,
-14.515748 8.629921 3.629921,
-16.484252 8.629921 3.629921,
-16.484252 8.370079 3.484252,
-14.515748 8.370079 3.484252,
-14.515748 8.251969 3.484252,
-16.484252 8.251969 3.484252,
-16.484252 8.370079 3.629921,
-14.515748 8.370079 3.629921,
-14.515748 8.251969 3.629921,
-16.484252 8.251969 3.629921,
-15.649606 7.559055 -1.102362,
-15.350394 7.559055 -1.102362,
-15.350394 7.440945 -1.102362,
-15.649606 7.440945 -1.102362,
-15.649606 7.559055 3.582677,
-15.350394 7.559055 3.582677,
-15.350394 7.440945 3.582677,
-15.649606 7.440945 3.582677,
-16.484252 7.748031 3.484252,
-14.515748 7.748031 3.484252,
-14.515748 7.629921 3.484252,
-16.484252 7.629921 3.484252,
-16.484252 7.748031 3.629921,
-14.515748 7.748031 3.629921,
-14.515748 7.629921 3.629921,
-16.484252 7.629921 3.629921,
-16.484252 7.370079 3.484252,
-14.515748 7.370079 3.484252,
-14.515748 7.251969 3.484252,
-16.484252 7.251969 3.484252,
-16.484252 7.370079 3.629921,
-14.515748 7.370079 3.629921,
-14.515748 7.251969 3.629921,
-16.484252 7.251969 3.629921,
-15.649606 6.559055 -1.102362,
-15.350394 6.559055 -1.102362,
-15.350394 6.440945 -1.102362,
-15.649606 6.440945 -1.102362,
-15.649606 6.559055 3.582677,
-15.350394 6.559055 3.582677,
-15.350394 6.440945 3.582677,
-15.649606 6.440945 3.582677,
-16.484252 6.748031 3.484252,
-14.515748 6.748031 3.484252,
-14.515748 6.629921 3.484252,
-16.484252 6.629921 3.484252,
-16.484252 6.748031 3.629921,
-14.515748 6.748031 3.629921,
-14.515748 6.629921 3.629921,
-16.484252 6.629921 3.629921,
-16.484252 6.370079 3.484252,
-14.515748 6.370079 3.484252,
-14.515748 6.251969 3.484252,
-16.484252 6.251969 3.484252,
-16.484252 6.370079 3.629921,
-14.515748 6.370079 3.629921,
-14.515748 6.251969 3.629921,
-16.484252 6.251969 3.629921,
-15.649606 5.559055 -1.102362,
-15.350394 5.559055 -1.102362,
-15.350394 5.440945 -1.102362,
-15.649606 5.440945 -1.102362,
-15.649606 5.559055 3.582677,
-15.350394 5.559055 3.582677,
-15.350394 5.440945 3.582677,
-15.649606 5.440945 3.582677,
-16.484252 5.748031 3.484252,
-14.515748 5.748031 3.484252,
-14.515748 5.629921 3.484252,
-16.484252 5.629921 3.484252,
-16.484252 5.748031 3.629921,
-14.515748 5.748031 3.629921,
-14.515748 5.629921 3.629921,
-16.484252 5.629921 3.629921,
-16.484252 5.370079 3.484252,
-14.515748 5.370079 3.484252,
-14.515748 5.251969 3.484252,
-16.484252 5.251969 3.484252,
-16.484252 5.370079 3.629921,
-14.515748 5.370079 3.629921,
-14.515748 5.251969 3.629921,
-16.484252 5.251969 3.629921,
-15.649606 4.559055 -1.102362,
-15.350394 4.559055 -1.102362,
-15.350394 4.440945 -1.102362,
-15.649606 4.440945 -1.102362,
-15.649606 4.559055 3.582677,
-15.350394 4.559055 3.582677,
-15.350394 4.440945 3.582677,
-15.649606 4.440945 3.582677,
-16.484252 4.748031 3.484252,
-14.515748 4.748031 3.484252,
-14.515748 4.629921 3.484252,
-16.484252 4.629921 3.484252,
-16.484252 4.748031 3.629921,
-14.515748 4.748031 3.629921,
-14.515748 4.629921 3.629921,
-16.484252 4.629921 3.629921,
-16.484252 4.370079 3.484252,
-14.515748 4.370079 3.484252,
-14.515748 4.251969 3.484252,
-16.484252 4.251969 3.484252,
-16.484252 4.370079 3.629921,
-14.515748 4.370079 3.629921,
-14.515748 4.251969 3.629921,
-16.484252 4.251969 3.629921,
-15.649606 3.559055 -1.102362,
-15.350394 3.559055 -1.102362,
-15.350394 3.440945 -1.102362,
-15.649606 3.440945 -1.102362,
-15.649606 3.559055 3.582677,
-15.350394 3.559055 3.582677,
-15.350394 3.440945 3.582677,
-15.649606 3.440945 3.582677,
-16.484252 3.748031 3.484252,
-14.515748 3.748031 3.484252,
-14.515748 3.629921 3.484252,
-16.484252 3.629921 3.484252,
-16.484252 3.748031 3.629921,
-14.515748 3.748031 3.629921,
-14.515748 3.629921 3.629921,
-16.484252 3.629921 3.629921,
-16.484252 3.370079 3.484252,
-14.515748 3.370079 3.484252,
-14.515748 3.251969 3.484252,
-16.484252 3.251969 3.484252,
-16.484252 3.370079 3.629921,
-14.515748 3.370079 3.629921,
-14.515748 3.251969 3.629921,
-16.484252 3.251969 3.629921,
-15.649606 2.559055 -1.102362,
-15.350394 2.559055 -1.102362,
-15.350394 2.440945 -1.102362,
-15.649606 2.440945 -1.102362,
-15.649606 2.559055 3.582677,
-15.350394 2.559055 3.582677,
-15.350394 2.440945 3.582677,
-15.649606 2.440945 3.582677,
-16.484252 2.748031 3.484252,
-14.515748 2.748031 3.484252,
-14.515748 2.629921 3.484252,
-16.484252 2.629921 3.484252,
-16.484252 2.748031 3.629921,
-14.515748 2.748031 3.629921,
-14.515748 2.629921 3.629921,
-16.484252 2.629921 3.629921,
-16.484252 2.370079 3.484252,
-14.515748 2.370079 3.484252,
-14.515748 2.251969 3.484252,
-16.484252 2.251969 3.484252,
-16.484252 2.370079 3.629921,
-14.515748 2.370079 3.629921,
-14.515748 2.251969 3.629921,
-16.484252 2.251969 3.629921,
-15.649606 1.559055 -1.102362,
-15.350394 1.559055 -1.102362,
-15.350394 1.440945 -1.102362,
-15.649606 1.440945 -1.102362,
-15.649606 1.559055 3.582677,
-15.350394 1.559055 3.582677,
-15.350394 1.440945 3.582677,
-15.649606 1.440945 3.582677,
-16.484252 1.748031 3.484252,
-14.515748 1.748031 3.484252,
-14.515748 1.629921 3.484252,
-16.484252 1.629921 3.484252,
-16.484252 1.748031 3.629921,
-14.515748 1.748031 3.629921,
-14.515748 1.629921 3.629921,
-16.484252 1.629921 3.629921,
-16.484252 1.370079 3.484252,
-14.515748 1.370079 3.484252,
-14.515748 1.251969 3.484252,
-16.484252 1.251969 3.484252,
-16.484252 1.370079 3.629921,
-14.515748 1.370079 3.629921,
-14.515748 1.251969 3.629921,
-16.484252 1.251969 3.629921,
-15.649606 0.559055 -1.102362,
-15.350394 0.559055 -1.102362,
-15.350394 0.440945 -1.102362,
-15.649606 0.440945 -1.102362,
-15.649606 0.559055 3.582677,
-15.350394 0.559055 3.582677,
-15.350394 0.440945 3.582677,
-15.649606 0.440945 3.582677,
-16.484252 0.748031 3.484252,
-14.515748 0.748031 3.484252,
-14.515748 0.629921 3.484252,
-16.484252 0.629921 3.484252,
-16.484252 0.748031 3.629921,
-14.515748 0.748031 3.629921,
-14.515748 0.629921 3.629921,
-16.484252 0.629921 3.629921,
-16.484252 0.370079 3.484252,
-14.515748 0.370079 3.484252,
-14.515748 0.251969 3.484252,
-16.484252 0.251969 3.484252,
-16.484252 0.370079 3.629921,
-14.515748 0.370079 3.629921,
-14.515748 0.251969 3.629921,
-16.484252 0.251969 3.629921,
-15.649606 -0.440945 -1.102362,
-15.350394 -0.440945 -1.102362,
-15.350394 -0.559055 -1.102362,
-15.649606 -0.559055 -1.102362,
-15.649606 -0.440945 3.582677,
-15.350394 -0.440945 3.582677,
-15.350394 -0.559055 3.582677,
-15.649606 -0.559055 3.582677,
-16.484252 -0.251969 3.484252,
-14.515748 -0.251969 3.484252,
-14.515748 -0.370079 3.484252,
-16.484252 -0.370079 3.484252,
-16.484252 -0.251969 3.629921,
-14.515748 -0.251969 3.629921,
-14.515748 -0.370079 3.629921,
-16.484252 -0.370079 3.629921,
-16.484252 -0.629921 3.484252,
-14.515748 -0.629921 3.484252,
-14.515748 -0.748031 3.484252,
-16.484252 -0.748031 3.484252,
-16.484252 -0.629921 3.629921,
-14.515748 -0.629921 3.629921,
-14.515748 -0.748031 3.629921,
-16.484252 -0.748031 3.629921,
-15.649606 -1.440945 -1.102362,
-15.350394 -1.440945 -1.102362,
-15.350394 -1.559055 -1.102362,
-15.649606 -1.559055 -1.102362,
-15.649606 -1.440945 3.582677,
-15.350394 -1.440945 3.582677,
-15.350394 -1.559055 3.582677,
-15.649606 -1.559055 3.582677,
-16.484252 -1.251969 3.484252,
-14.515748 -1.251969 3.484252,
-14.515748 -1.370079 3.484252,
-16.484252 -1.370079 3.484252,
-16.484252 -1.251969 3.629921,
-14.515748 -1.251969 3.629921,
-14.515748 -1.370079 3.629921,
-16.484252 -1.370079 3.629921,
-16.484252 -1.629921 3.484252,
-14.515748 -1.629921 3.484252,
-14.515748 -1.748031 3.484252,
-16.484252 -1.748031 3.484252,
-16.484252 -1.629921 3.629921,
-14.515748 -1.629921 3.629921,
-14.515748 -1.748031 3.629921,
-16.484252 -1.748031 3.629921,
-15.649606 -2.440945 -1.102362,
-15.350394 -2.440945 -1.102362,
-15.350394 -2.559055 -1.102362,
-15.649606 -2.559055 -1.102362,
-15.649606 -2.440945 3.582677,
-15.350394 -2.440945 3.582677,
-15.350394 -2.559055 3.582677,
-15.649606 -2.559055 3.582677,
-16.484252 -2.251969 3.484252,
-14.515748 -2.251969 3.484252,
-14.515748 -2.370079 3.484252,
-16.484252 -2.370079 3.484252,
-16.484252 -2.251969 3.629921,
-14.515748 -2.251969 3.629921,
-14.515748 -2.370079 3.629921,
-16.484252 -2.370079 3.629921,
-16.484252 -2.629921 3.484252,
-14.515748 -2.629921 3.484252,
-14.515748 -2.748031 3.484252,
-16.484252 -2.748031 3.484252,
-16.484252 -2.629921 3.629921,
-14.515748 -2.629921 3.629921,
-14.515748 -2.748031 3.629921,
-16.484252 -2.748031 3.629921,
-15.649606 -3.440945 -1.102362,
-15.350394 -3.440945 -1.102362,
-15.350394 -3.559055 -1.102362,
-15.649606 -3.559055 -1.102362,
-15.649606 -3.440945 3.582677,
-15.350394 -3.440945 3.582677,
-15.350394 -3.559055 3.582677,
-15.649606 -3.559055 3.582677,
-16.484252 -3.251969 3.484252,
-14.515748 -3.251969 3.484252,
-14.515748 -3.370079 3.484252,
-16.484252 -3.370079 3.484252,
-16.484252 -3.251969 3.629921,
-14.515748 -3.251969 3.629921,
-14.515748 -3.370079 3.629921,
-16.484252 -3.370079 3.629921,
-16.484252 -3.629921 3.484252,
-14.515748 -3.629921 3.484252,
-14.515748 -3.748031 3.484252,
-16.484252 -3.748031 3.484252,
-16.484252 -3.629921 3.629921,
-14.515748 -3.629921 3.629921,
-14.515748 -3.748031 3.629921,
-16.484252 -3.748031 3.629921,
-15.649606 -4.440945 -1.102362,
-15.350394 -4.440945 -1.102362,
-15.350394 -4.559055 -1.102362,
-15.649606 -4.559055 -1.102362,
-15.649606 -4.440945 3.582677,
-15.350394 -4.440945 3.582677,
-15.350394 -4.559055 3.582677,
-15.649606 -4.559055 3.582677,
-16.484252 -4.251969 3.484252,
-14.515748 -4.251969 3.484252,
-14.515748 -4.370079 3.484252,
-16.484252 -4.370079 3.484252,
-16.484252 -4.251969 3.629921,
-14.515748 -4.251969 3.629921,
-14.515748 -4.370079 3.629921,
-16.484252 -4.370079 3.629921,
-16.484252 -4.629921 3.484252,
-14.515748 -4.629921 3.484252,
-14.515748 -4.748031 3.484252,
-16.484252 -4.748031 3.484252,
-16.484252 -4.629921 3.629921,
-14.515748 -4.629921 3.629921,
-14.515748 -4.748031 3.629921,
-16.484252 -4.748031 3.629921,
-15.649606 -5.440945 -1.102362,
-15.350394 -5.440945 -1.102362,
-15.350394 -5.559055 -1.102362,
-15.649606 -5.559055 -1.102362,
-15.649606 -5.440945 3.582677,
-15.350394 -5.440945 3.582677,
-15.350394 -5.559055 3.582677,
-15.649606 -5.559055 3.582677,
-16.484252 -5.251969 3.484252,
-14.515748 -5.251969 3.484252,
-14.515748 -5.370079 3.484252,
-16.484252 -5.370079 3.484252,
-16.484252 -5.251969 3.629921,
-14.515748 -5.251969 3.629921,
-14.515748 -5.370079 3.629921,
-16.484252 -5.370079 3.629921,
-16.484252 -5.629921 3.484252,
-14.515748 -5.629921 3.484252,
-14.515748 -5.748031 3.484252,
-16.484252 -5.748031 3.484252,
-16.484252 -5.629921 3.629921,
-14.515748 -5.629921 3.629921,
-14.515748 -5.748031 3.629921,
-16.484252 -5.748031 3.629921,
-15.649606 -6.440945 -1.102362,
-15.350394 -6.440945 -1.102362,
-15.350394 -6.559055 -1.102362,
-15.649606 -6.559055 -1.102362,
-15.649606 -6.440945 3.582677,
-15.350394 -6.440945 3.582677,
-15.350394 -6.559055 3.582677,
-15.649606 -6.559055 3.582677,
-16.484252 -6.251969 3.484252,
-14.515748 -6.251969 3.484252,
-14.515748 -6.370079 3.484252,
-16.484252 -6.370079 3.484252,
-16.484252 -6.251969 3.629921,
-14.515748 -6.251969 3.629921,
-14.515748 -6.370079 3.629921,
-16.484252 -6.370079 3.629921,
-16.484252 -6.629921 3.484252,
-14.515748 -6.629921 3.484252,
-14.515748 -6.748031 3.484252,
-16.484252 -6.748031 3.484252,
-16.484252 -6.629921 3.629921,
-14.515748 -6.629921 3.629921,
-14.515748 -6.748031 3.629921,
-16.484252 -6.748031 3.629921,
-15.649606 -7.440945 -1.102362,
-15.350394 -7.440945 -1.102362,
-15.350394 -7.559055 -1.102362,
-15.649606 -7.559055 -1.102362,
-15.649606 -7.440945 3.582677,
-15.350394 -7.440945 3.582677,
-15.350394 -7.559055 3.582677,
-15.649606 -7.559055 3.582677,
-16.484252 -7.251969 3.484252,
-14.515748 -7.251969 3.484252,
-14.515748 -7.370079 3.484252,
-16.484252 -7.370079 3.484252,
-16.484252 -7.251969 3.629921,
-14.515748 -7.251969 3.629921,
-14.515748 -7.370079 3.629921,
-16.484252 -7.370079 3.629921,
-16.484252 -7.629921 3.484252,
-14.515748 -7.629921 3.484252,
-14.515748 -7.748031 3.484252,
-16.484252 -7.748031 3.484252,
-16.484252 -7.629921 3.629921,
-14.515748 -7.629921 3.629921,
-14.515748 -7.748031 3.629921,
-16.484252 -7.748031 3.629921,
-15.649606 -8.440945 -1.102362,
-15.350394 -8.440945 -1.102362,
-15.350394 -8.559055 -1.102362,
-15.649606 -8.559055 -1.102362,
-15.649606 -8.440945 3.582677,
-15.350394 -8.440945 3.582677,
-15.350394 -8.559055 3.582677,
-15.649606 -8.559055 3.582677,
-16.484252 -8.251969 3.484252,
-14.515748 -8.251969 3.484252,
-14.515748 -8.370079 3.484252,
-16.484252 -8.370079 3.484252,
-16.484252 -8.251969 3.629921,
-14.515748 -8.251969 3.629921,
-14.515748 -8.370079 3.629921,
-16.484252 -8.370079 3.629921,
-16.484252 -8.629921 3.484252,
-14.515748 -8.629921 3.484252,
-14.515748 -8.748031 3.484252,
-16.484252 -8.748031 3.484252,
-16.484252 -8.629921 3.629921,
-14.515748 -8.629921 3.629921,
-14.515748 -8.748031 3.629921,
-16.484252 -8.748031 3.629921,
-15.649606 -9.440945 -1.102362,
-15.350394 -9.440945 -1.102362,
-15.350394 -9.559055 -1.102362,
-15.649606 -9.559055 -1.102362,
-15.649606 -9.440945 3.582677,
-15.350394 -9.440945 3.582677,
-15.350394 -9.559055 3.582677,
-15.649606 -9.559055 3.582677,
-16.484252 -9.251969 3.484252,
-14.515748 -9.251969 3.484252,
-14.515748 -9.370079 3.484252,
-16.484252 -9.370079 3.484252,
-16.484252 -9.251969 3.629921,
-14.515748 -9.251969 3.629921,
-14.515748 -9.370079 3.629921,
-16.484252 -9.370079 3.629921,
-16.484252 -9.629921 3.484252,
-14.515748 -9.629921 3.484252,
-14.515748 -9.748031 3.484252,
-16.484252 -9.748031 3.484252,
-16.484252 -9.629921 3.629921,
-14.515748 -9.629921 3.629921,
-14.515748 -9.748031 3.629921,
-16.484252 -9.748031 3.629921,
-15.649606 -10.440945 -1.102362,
-15.350394 -10.440945 -1.102362,
-15.350394 -10.559055 -1.102362,
-15.649606 -10.559055 -1.102362,
-15.649606 -10.440945 3.582677,
-15.350394 -10.440945 3.582677,
-15.350394 -10.559055 3.582677,
-15.649606 -10.559055 3.582677,
-16.484252 -10.251969 3.484252,
-14.515748 -10.251969 3.484252,
-14.515748 -10.370079 3.484252,
-16.484252 -10.370079 3.484252,
-16.484252 -10.251969 3.629921,
-14.515748 -10.251969 3.629921,
-14.515748 -10.370079 3.629921,
-16.484252 -10.370079 3.629921,
-16.484252 -10.629921 3.484252,
-14.515748 -10.629921 3.484252,
-14.515748 -10.748031 3.484252,
-16.484252 -10.748031 3.484252,
-16.484252 -10.629921 3.629921,
-14.515748 -10.629921 3.629921,
-14.515748 -10.748031 3.629921,
-16.484252 -10.748031 3.629921,
-15.649606 -11.440945 -1.102362,
-15.350394 -11.440945 -1.102362,
-15.350394 -11.559055 -1.102362,
-15.649606 -11.559055 -1.102362,
-15.649606 -11.440945 3.582677,
-15.350394 -11.440945 3.582677,
-15.350394 -11.559055 3.582677,
-15.649606 -11.559055 3.582677,
-16.484252 -11.251969 3.484252,
-14.515748 -11.251969 3.484252,
-14.515748 -11.370079 3.484252,
-16.484252 -11.370079 3.484252,
-16.484252 -11.251969 3.629921,
-14.515748 -11.251969 3.629921,
-14.515748 -11.370079 3.629921,
-16.484252 -11.370079 3.629921,
-16.484252 -11.629921 3.484252,
-14.515748 -11.629921 3.484252,
-14.515748 -11.748031 3.484252,
-16.484252 -11.748031 3.484252,
-16.484252 -11.629921 3.629921,
-14.515748 -11.629921 3.629921,
-14.515748 -11.748031 3.629921,
-16.484252 -11.748031 3.629921,
-15.649606 -12.440945 -1.102362,
-15.350394 -12.440945 -1.102362,
-15.350394 -12.559055 -1.102362,
-15.649606 -12.559055 -1.102362,
-15.649606 -12.440945 3.582677,
-15.350394 -12.440945 3.582677,
-15.350394 -12.559055 3.582677,
-15.649606 -12.559055 3.582677,
-16.484252 -12.251969 3.484252,
-14.515748 -12.251969 3.484252,
-14.515748 -12.370079 3.484252,
-16.484252 -12.370079 3.484252,
-16.484252 -12.251969 3.629921,
-14.515748 -12.251969 3.629921,
-14.515748 -12.370079 3.629921,
-16.484252 -12.370079 3.629921,
-16.484252 -12.629921 3.484252,
-14.515748 -12.629921 3.484252,
-14.515748 -12.748031 3.484252,
-16.484252 -12.748031 3.484252,
-16.484252 -12.629921 3.629921,
-14.515748 -12.629921 3.629921,
-14.515748 -12.748031 3.629921,
-16.484252 -12.748031 3.629921,
-15.649606 -13.440945 -1.102362,
-15.350394 -13.440945 -1.102362,
-15.350394 -13.559055 -1.102362,
-15.649606 -13.559055 -1.102362,
-15.649606 -13.440945 3.582677,
-15.350394 -13.440945 3.582677,
-15.350394 -13.559055 3.582677,
-15.649606 -13.559055 3.582677,
-16.484252 -13.251969 3.484252,
-14.515748 -13.251969 3.484252,
-14.515748 -13.370079 3.484252,
-16.484252 -13.370079 3.484252,
-16.484252 -13.251969 3.629921,
-14.515748 -13.251969 3.629921,
-14.515748 -13.370079 3.629921,
-16.484252 -13.370079 3.629921,
-16.484252 -13.629921 3.484252,
-14.515748 -13.629921 3.484252,
-14.515748 -13.748031 3.484252,
-16.484252 -13.748031 3.484252,
-16.484252 -13.629921 3.629921,
-14.515748 -13.629921 3.629921,
-14.515748 -13.748031 3.629921,
-16.484252 -13.748031 3.629921,
-15.649606 -14.440945 -1.102362,
-15.350394 -14.440945 -1.102362,
-15.350394 -14.559055 -1.102362,
-15.649606 -14.559055 -1.102362,
-15.649606 -14.440945 3.582677,
-15.350394 -14.440945 3.582677,
-15.350394 -14.559055 3.582677,
-15.649606 -14.559055 3.582677,
-16.484252 -14.251969 3.484252,
-14.515748 -14.251969 3.484252,
-14.515748 -14.370079 3.484252,
-16.484252 -14.370079 3.484252,
-16.484252 -14.251969 3.629921,
-14.515748 -14.251969 3.629921,
-14.515748 -14.370079 3.629921,
-16.484252 -14.370079 3.629921,
-16.484252 -14.629921 3.484252,
-14.515748 -14.629921 3.484252,
-14.515748 -14.748031 3.484252,
-16.484252 -14.748031 3.484252,
-16.484252 -14.629921 3.629921,
-14.515748 -14.629921 3.629921,
-14.515748 -14.748031 3.629921,
-16.484252 -14.748031 3.629921,
-15.649606 -15.440945 -1.102362,
-15.350394 -15.440945 -1.102362,
-15.350394 -15.559055 -1.102362,
-15.649606 -15.559055 -1.102362,
-15.649606 -15.440945 3.582677,
-15.350394 -15.440945 3.582677,
-15.350394 -15.559055 3.582677,
-15.649606 -15.559055 3.582677,
-16.484252 -15.251969 3.484252,
-14.515748 -15.251969 3.484252,
-14.515748 -15.370079 3.484252,
-16.484252 -15.370079 3.484252,
-16.484252 -15.251969 3.629921,
-14.515748 -15.251969 3.629921,
-14.515748 -15.370079 3.629921,
-16.484252 -15.370079 3.629921,
-16.484252 -15.629921 3.484252,
-14.515748 -15.629921 3.484252,
-14.515748 -15.748031 3.484252,
-16.484252 -15.748031 3.484252,
-16.484252 -15.629921 3.629921,
-14.515748 -15.629921 3.629921,
-14.515748 -15.748031 3.629921,
-16.484252 -15.748031 3.629921,
-6.649606 15.559055 -1.102362,
-6.350394 15.559055 -1.102362,
-6.350394 15.440945 -1.102362,
-6.649606 15.440945 -1.102362,
-6.649606 15.559055 3.582677,
-6.350394 15.559055 3.582677,
-6.350394 15.440945 3.582677,
-6.649606 15.440945 3.582677,
-7.484252 15.748031 3.484252,
-5.515748 15.748031 3.484252,
-5.515748 15.629921 3.484252,
-7.484252 15.629921 3.484252,
-7.484252 15.748031 3.629921,
-5.515748 15.748031 3.629921,
-5.515748 15.629921 3.629921,
-7.484252 15.629921 3.629921,
-7.484252 15.370079 3.484252,
-5.515748 15.370079 3.484252,
-5.515748 15.251969 3.484252,
-7.484252 15.251969 3.484252,
-7.484252 15.370079 3.629921,
-5.515748 15.370079 3.629921,
-5.515748 15.251969 3.629921,
-7.484252 15.251969 3.629921,
-6.649606 14.559055 -1.102362,
-6.350394 14.559055 -1.102362,
-6.350394 14.440945 -1.102362,
-6.649606 14.440945 -1.102362,
-6.649606 14.559055 3.582677,
-6.350394 14.559055 3.582677,
-6.350394 14.440945 3.582677,
-6.649606 14.440945 3.582677,
-7.484252 14.748031 3.484252,
-5.515748 14.748031 3.484252,
-5.515748 14.629921 3.484252,
-7.484252 14.629921 3.484252,
-7.484252 14.748031 3.629921,
-5.515748 14.748031 3.629921,
-5.515748 14.629921 3.629921,
-7.484252 14.629921 3.629921,
-7.484252 14.370079 3.484252,
-5.515748 14.370079 3.484252,
-5.515748 14.251969 3.484252,
-7.484252 14.251969 3.484252,
-7.484252 14.370079 3.629921,
-5.515748 14.370079 3.629921,
-5.515748 14.251969 3.629921,
-7.484252 14.251969 3.629921,
-6.649606 13.559055 -1.102362,
-6.350394 13.559055 -1.102362,
-6.350394 13.440945 -1.102362,
-6.649606 13.440945 -1.102362,
-6.649606 13.559055 3.582677,
-6.350394 13.559055 3.582677,
-6.350394 13.440945 3.582677,
-6.649606 13.440945 3.582677,
-7.484252 13.748031 3.484252,
-5.515748 13.748031 3.484252,
-5.515748 13.629921 3.484252,
-7.484252 13.629921 3.484252,
-7.484252 13.748031 3.629921,
-5.515748 13.748031 3.629921,
-5.515748 13.629921 3.629921,
-7.484252 13.629921 3.629921,
-7.484252 13.370079 3.484252,
-5.515748 13.370079 3.484252,
-5.515748 13.251969 3.484252,
-7.484252 13.251969 3.484252,
-7.484252 13.370079 3.629921,
-5.515748 13.370079 3.629921,
-5.515748 13.251969 3.629921,
-7.484252 13.251969 3.629921,
-6.649606 12.559055 -1.102362,
-6.350394 12.559055 -1.102362,
-6.350394 12.440945 -1.102362,
-6.649606 12.440945 -1.102362,
-6.649606 12.559055 3.582677,
-6.350394 12.559055 3.582677,
-6.350394 12.440945 3.582677,
-6.649606 12.440945 3.582677,
-7.484252 12.748031 3.484252,
-5.515748 12.748031 3.484252,
-5.515748 12.629921 3.484252,
-7.484252 12.629921 3.484252,
-7.484252 12.748031 3.629921,
-5.515748 12.748031 3.629921,
-5.515748 12.629921 3.629921,
-7.484252 12.629921 3.629921,
-7.484252 12.370079 3.484252,
-5.515748 12.370079 3.484252,
-5.515748 12.251969 3.484252,
-7.484252 12.251969 3.484252,
-7.484252 12.370079 3.629921,
-5.515748 12.370079 3.629921,
-5.515748 12.251969 3.629921,
-7.484252 12.251969 3.629921,
-6.649606 11.559055 -1.102362,
-6.350394 11.559055 -1.102362,
-6.350394 11.440945 -1.102362,
-6.649606 11.440945 -1.102362,
-6.649606 11.559055 3.582677,
-6.350394 11.559055 3.582677,
-6.350394 11.440945 3.582677,
-6.649606 11.440945 3.582677,
-7.484252 11.748031 3.484252,
-5.515748 11.748031 3.484252,
-5.515748 11.629921 3.484252,
-7.484252 11.629921 3.484252,
-7.484252 11.748031 3.629921,
-5.515748 11.748031 3.629921,
-5.515748 11.629921 3.629921,
-7.484252 11.629921 3.629921,
-7.484252 11.370079 3.484252,
-5.515748 11.370079 3.484252,
-5.515748 11.251969 3.484252,
-7.484252 11.251969 3.484252,
-7.484252 11.370079 3.629921,
-5.515748 11.370079 3.629921,
-5.515748 11.251969 3.629921,
-7.484252 11.251969 3.629921,
-6.649606 10.559055 -1.102362,
-6.350394 10.559055 -1.102362,
-6.350394 10.440945 -1.102362,
-6.649606 10.440945 -1.102362,
-6.649606 10.559055 3.582677,
-6.350394 10.559055 3.582677,
-6.350394 10.440945 3.582677,
-6.649606 10.440945 3.582677,
-7.484252 10.748031 3.484252,
-5.515748 10.748031 3.484252,
-5.515748 10.629921 3.484252,
-7.484252 10.629921 3.484252,
-7.484252 10.748031 3.629921,
-5.515748 10.748031 3.629921,
-5.515748 10.629921 3.629921,
-7.484252 10.629921 3.629921,
-7.484252 10.370079 3.484252,
-5.515748 10.370079 3.484252,
-5.515748 10.251969 3.484252,
-7.484252 10.251969 3.484252,
-7.484252 10.370079 3.629921,
-5.515748 10.370079 3.629921,
-5.515748 10.251969 3.629921,
-7.484252 10.251969 3.629921,
-6.649606 9.559055 -1.102362,
-6.350394 9.559055 -1.102362,
-6.350394 9.440945 -1.102362,
-6.649606 9.440945 -1.102362,
-6.649606 9.559055 3.582677,
-6.350394 9.559055 3.582677,
-6.350394 9.440945 3.582677,
-6.649606 9.440945 3.582677,
-7.484252 9.748031 3.484252,
-5.515748 9.748031 3.484252,
-5.515748 9.629921 3.484252,
-7.484252 9.629921 3.484252,
-7.484252 9.748031 3.629921,
-5.515748 9.748031 3.629921,
-5.515748 9.629921 3.629921,
-7.484252 9.629921 3.629921,
-7.484252 9.370079 3.484252,
-5.515748 9.370079 3.484252,
-5.515748 9.251969 3.484252,
-7.484252 9.251969 3.484252,
-7.484252 9.370079 3.629921,
-5.515748 9.370079 3.629921,
-5.515748 9.251969 3.629921,
-7.484252 9.251969 3.629921,
-6.649606 8.559055 -1.102362,
-6.350394 8.559055 -1.102362,
-6.350394 8.440945 -1.102362,
-6.649606 8.440945 -1.102362,
-6.649606 8.559055 3.582677,
-6.350394 8.559055 3.582677,
-6.350394 8.440945 3.582677,
-6.649606 8.440945 3.582677,
-7.484252 8.748031 3.484252,
-5.515748 8.748031 3.484252,
-5.515748 8.629921 3.484252,
-7.484252 8.629921 3.484252,
-7.484252 8.748031 3.629921,
-5.515748 8.748031 3.629921,
-5.515748 8.629921 3.629921,
-7.484252 8.629921 3.629921,
-7.484252 8.370079 3.484252,
-5.515748 8.370079 3.484252,
-5.515748 8.251969 3.484252,
-7.484252 8.251969 3.484252,
-7.484252 8.370079 3.629921,
-5.515748 8.370079 3.629921,
-5.515748 8.251969 3.629921,
-7.484252 8.251969 3.629921,
-6.649606 7.559055 -1.102362,
-6.350394 7.559055 -1.102362,
-6.350394 7.440945 -1.102362,
-6.649606 7.440945 -1.102362,
-6.649606 7.559055 3.582677,
-6.350394 7.559055 3.582677,
-6.350394 7.440945 3.582677,
-6.649606 7.440945 3.582677,
-7.484252 7.748031 3.484252,
-5.515748 7.748031 3.484252,
-5.515748 7.629921 3.484252,
-7.484252 7.629921 3.484252,
-7.484252 7.748031 3.629921,
-5.515748 7.748031 3.629921,
-5.515748 7.629921 3.629921,
-7.484252 7.629921 3.629921,
-7.484252 7.370079 3.484252,
-5.515748 7.370079 3.484252,
-5.515748 7.251969 3.484252,
-7.484252 7.251969 3.484252,
-7.484252 7.370079 3.629921,
-5.515748 7.370079 3.629921,
-5.515748 7.251969 3.629921,
-7.484252 7.251969 3.629921,
-6.649606 6.559055 -1.102362,
-6.350394 6.559055 -1.102362,
-6.350394 6.440945 -1.102362,
-6.649606 6.440945 -1.102362,
-6.649606 6.559055 3.582677,
-6.350394 6.559055 3.582677,
-6.350394 6.440945 3.582677,
-6.649606 6.440945 3.582677,
-7.484252 6.748031 3.484252,
-5.515748 6.748031 3.484252,
-5.515748 6.629921 3.484252,
-7.484252 6.629921 3.484252,
-7.484252 6.748031 3.629921,
-5.515748 6.748031 3.629921,
-5.515748 6.629921 3.629921,
-7.484252 6.629921 3.629921,
-7.484252 6.370079 3.484252,
-5.515748 6.370079 3.484252,
-5.515748 6.251969 3.484252,
-7.484252 6.251969 3.484252,
-7.484252 6.370079 3.629921,
-5.515748 6.370079 3.629921,
-5.515748 6.251969 3.629921,
-7.484252 6.251969 3.629921,
-6.649606 5.559055 -1.102362,
-6.350394 5.559055 -1.102362,
-6.350394 5.440945 -1.102362,
-6.649606 5.440945 -1.102362,
-6.649606 5.559055 3.582677,
-6.350394 5.559055 3.582677,
-6.350394 5.440945 3.582677,
-6.649606 5.440945 3.582677,
-7.484252 5.748031 3.484252,
-5.515748 5.748031 3.484252,
-5.515748 5.629921 3.484252,
-7.484252 5.629921 3.484252,
-7.484252 5.748031 3.629921,
-5.515748 5.748031 3.629921,
-5.515748 5.629921 3.629921,
-7.484252 5.629921 3.629921,
-7.484252 5.370079 3.484252,
-5.515748 5.370079 3.484252,
-5.515748 5.251969 3.484252,
-7.484252 5.251969 3.484252,
-7.484252 5.370079 3.629921,
-5.515748 5.370079 3.629921,
-5.515748 5.251969 3.629921,
-7.484252 5.251969 3.629921,
-6.649606 4.559055 -1.102362,
-6.350394 4.559055 -1.102362,
-6.350394 4.440945 -1.102362,
-6.649606 4.440945 -1.102362,
-6.649606 4.559055 3.582677,
-6.350394 4.559055 3.582677,
-6.350394 4.440945 3.582677,
-6.649606 4.440945 3.582677,
-7.484252 4.748031 3.484252,
-5.515748 4.748031 3.484252,
-5.515748 4.629921 3.484252,
-7.484252 4.629921 3.484252,
-7.484252 4.748031 3.629921,
-5.515748 4.748031 3.629921,
-5.515748 4.629921 3.629921,
-7.484252 4.629921 3.629921,
-7.484252 4.370079 3.484252,
-5.515748 4.370079 3.484252,
-5.515748 4.251969 3.484252,
-7.484252 4.251969 3.484252,
-7.484252 4.370079 3.629921,
-5.515748 4.370079 3.629921,
-5.515748 4.251969 3.629921,
-7.484252 4.251969 3.629921,
-6.649606 3.559055 -1.102362,
-6.350394 3.559055 -1.102362,
-6.350394 3.440945 -1.102362,
-6.649606 3.440945 -1.102362,
-6.649606 3.559055 3.582677,
-6.350394 3.559055 3.582677,
-6.350394 3.440945 3.582677,
-6.649606 3.440945 3.582677,
-7.484252 3.748031 3.484252,
-5.515748 3.748031 3.484252,
-5.515748 3.629921 3.484252,
-7.484252 3.629921 3.484252,
-7.484252 3.748031 3.629921,
-5.515748 3.748031 3.629921,
-5.515748 3.629921 3.629921,
-7.484252 3.629921 3.629921,
-7.484252 3.370079 3.484252,
-5.515748 3.370079 3.484252,
-5.515748 3.251969 3.484252,
-7.484252 3.251969 3.484252,
-7.484252 3.370079 3.629921,
-5.515748 3.370079 3.629921,
-5.515748 3.251969 3.629921,
-7.484252 3.251969 3.629921,
-6.649606 2.559055 -1.102362,
-6.350394 2.559055 -1.102362,
-6.350394 2.440945 -1.102362,
-6.649606 2.440945 -1.102362,
-6.649606 2.559055 3.582677,
-6.350394 2.559055 3.582677,
-6.350394 2.440945 3.582677,
-6.649606 2.440945 3.582677,
-7.484252 2.748031 3.484252,
-5.515748 2.748031 3.484252,
-5.515748 2.629921 3.484252,
-7.484252 2.629921 3.484252,
-7.484252 2.748031 3.629921,
-5.515748 2.748031 3.629921,
-5.515748 2.629921 3.629921,
-7.484252 2.629921 3.629921,
-7.484252 2.370079 3.484252,
-5.515748 2.370079 3.484252,
-5.515748 2.251969 3.484252,
-7.484252 2.251969 3.484252,
-7.484252 2.370079 3.629921,
-5.515748 2.370079 3.629921,
-5.515748 2.251969 3.629921,
-7.484252 2.251969 3.629921,
-6.649606 1.559055 -1.102362,
-6.350394 1.559055 -1.102362,
-6.350394 1.440945 -1.102362,
-6.649606 1.440945 -1.102362,
-6.649606 1.559055 3.582677,
-6.350394 1.559055 3.582677,
-6.350394 1.440945 3.582677,
-6.649606 1.440945 3.582677,
-7.484252 1.748031 3.484252,
-5.515748 1.748031 3.484252,
-5.515748 1.629921 3.484252,
-7.484252 1.629921 3.484252,
-7.484252 1.748031 3.629921,
-5.515748 1.748031 3.629921,
-5.515748 1.629921 3.629921,
-7.484252 1.629921 3.629921,
-7.484252 1.370079 3.484252,
-5.515748 1.370079 3.484252,
-5.515748 1.251969 3.484252,
-7.484252 1.251969 3.484252,
-7.484252 1.370079 3.629921,
-5.515748 1.370079 3.629921,
-5.515748 1.251969 3.629921,
-7.484252 1.251969 3.629921,
-6.649606 0.559055 -1.102362,
-6.350394 0.559055 -1.102362,
-6.350394 0.440945 -1.102362,
-6.649606 0.440945 -1.102362,
-6.649606 0.559055 3.582677,
-6.350394 0.559055 3.582677,
-6.350394 0.440945 3.582677,
-6.649606 0.440945 3.582677,
-7.484252 0.748031 3.484252,
-5.515748 0.748031 3.484252,
-5.515748 0.629921 3.484252,
-7.484252 0.629921 3.484252,
-7.484252 0.748031 3.629921,
-5.515748 0.748031 3.629921,
-5.515748 0.629921 3.629921,
-7.484252 0.629921 3.629921,
-7.484252 0.370079 3.484252,
-5.515748 0.370079 3.484252,
-5.515748 0.251969 3.484252,
-7.484252 0.251969 3.484252,
-7.484252 0.370079 3.629921,
-5.515748 0.370079 3.629921,
-5.515748 0.251969 3.629921,
-7.484252 0.251969 3.629921,
-6.649606 -0.440945 -1.102362,
-6.350394 -0.440945 -1.102362,
-6.350394 -0.559055 -1.102362,
-6.649606 -0.559055 -1.102362,
-6.649606 -0.440945 3.582677,
-6.350394 -0.440945 3.582677,
-6.350394 -0.559055 3.582677,
-6.649606 -0.559055 3.582677,
-7.484252 -0.251969 3.484252,
-5.515748 -0.251969 3.484252,
-5.515748 -0.370079 3.484252,
-7.484252 -0.370079 3.484252,
-7.484252 -0.251969 3.629921,
-5.515748 -0.251969 3.629921,
-5.515748 -0.370079 3.629921,
-7.484252 -0.370079 3.629921,
-7.484252 -0.629921 3.484252,
-5.515748 -0.629921 3.484252,
-5.515748 -0.748031 3.484252,
-7.484252 -0.748031 3.484252,
-7.484252 -0.629921 3.629921,
-5.515748 -0.629921 3.629921,
-5.515748 -0.748031 3.629921,
-7.484252 -0.748031 3.629921,
-6.649606 -1.440945 -1.102362,
-6.350394 -1.440945 -1.102362,
-6.350394 -1.559055 -1.102362,
-6.649606 -1.559055 -1.102362,
-6.649606 -1.440945 3.582677,
-6.350394 -1.440945 3.582677,
-6.350394 -1.559055 3.582677,
-6.649606 -1.559055 3.582677,
-7.484252 -1.251969 3.484252,
-5.515748 -1.251969 3.484252,
-5.515748 -1.370079 3.484252,
-7.484252 -1.370079 3.484252,
-7.484252 -1.251969 3.629921,
-5.515748 -1.251969 3.629921,
-5.515748 -1.370079 3.629921,
-7.484252 -1.370079 3.629921,
-7.484252 -1.629921 3.484252,
-5.515748 -1.629921 3.484252,
-5.515748 -1.748031 3.484252,
-7.484252 -1.748031 3.484252,
-7.484252 -1.629921 3.629921,
-5.515748 -1.629921 3.629921,
-5.515748 -1.748031 3.629921,
-7.484252 -1.748031 3.629921,
-6.649606 -2.440945 -1.102362,
-6.350394 -2.440945 -1.102362,
-6.350394 -2.559055 -1.102362,
-6.649606 -2.559055 -1.102362,
-6.649606 -2.440945 3.582677,
-6.350394 -2.440945 3.582677,
-6.350394 -2.559055 3.582677,
-6.649606 -2.559055 3.582677,
-7.484252 -2.251969 3.484252,
-5.515748 -2.251969 3.484252,
-5.515748 -2.370079 3.484252,
-7.484252 -2.370079 3.484252,
-7.484252 -2.251969 3.629921,
-5.515748 -2.251969 3.629921,
-5.515748 -2.370079 3.629921,
-7.484252 -2.370079 3.629921,
-7.484252 -2.629921 3.484252,
-5.515748 -2.629921 3.484252,
-5.515748 -2.748031 3.484252,
-7.484252 -2.748031 3.484252,
-7.484252 -2.629921 3.629921,
-5.515748 -2.629921 3.629921,
-5.515748 -2.748031 3.629921,
-7.484252 -2.748031 3.629921,
-6.649606 -3.440945 -1.102362,
-6.350394 -3.440945 -1.102362,
-6.350394 -3.559055 -1.102362,
-6.649606 -3.559055 -1.102362,
-6.649606 -3.440945 3.582677,
-6.350394 -3.440945 3.582677,
-6.350394 -3.559055 3.582677,
-6.649606 -3.559055 3.582677,
-7.484252 -3.251969 3.484252,
-5.515748 -3.251969 3.484252,
-5.515748 -3.370079 3.484252,
-7.484252 -3.370079 3.484252,
-7.484252 -3.251969 3.629921,
-5.515748 -3.251969 3.629921,
-5.515748 -3.370079 3.629921,
-7.484252 -3.370079 3.629921,
-7.484252 -3.629921 3.484252,
-5.515748 -3.629921 3.484252,
-5.515748 -3.748031 3.484252,
-7.484252 -3.748031 3.484252,
-7.484252 -3.629921 3.629921,
-5.515748 -3.629921 3.629921,
-5.515748 -3.748031 3.629921,
-7.484252 -3.748031 3.629921,
-6.649606 -4.440945 -1.102362,
-6.350394 -4.440945 -1.102362,
-6.350394 -4.559055 -1.102362,
-6.649606 -4.559055 -1.102362,
-6.649606 -4.440945 3.582677,
-6.350394 -4.440945 3.582677,
-6.350394 -4.559055 3.582677,
-6.649606 -4.559055 3.582677,
-7.484252 -4.251969 3.484252,
-5.515748 -4.251969 3.484252,
-5.515748 -4.370079 3.484252,
-7.484252 -4.370079 3.484252,
-7.484252 -4.251969 3.629921,
-5.515748 -4.251969 3.629921,
-5.515748 -4.370079 3.629921,
-7.484252 -4.370079 3.629921,
-7.484252 -4.629921 3.484252,
-5.515748 -4.629921 3.484252,
-5.515748 -4.748031 3.484252,
-7.484252 -4.748031 3.484252,
-7.484252 -4.629921 3.629921,
-5.515748 -4.629921 3.629921,
-5.515748 -4.748031 3.629921,
-7.484252 -4.748031 3.629921,
-6.649606 -5.440945 -1.102362,
-6.350394 -5.440945 -1.102362,
-6.350394 -5.559055 -1.102362,
-6.649606 -5.559055 -1.102362,
-6.649606 -5.440945 3.582677,
-6.350394 -5.440945 3.582677,
-6.350394 -5.559055 3.582677,
-6.649606 -5.559055 3.582677,
-7.484252 -5.251969 3.484252,
-5.515748 -5.251969 3.484252,
-5.515748 -5.370079 3.484252,
-7.484252 -5.370079 3.484252,
-7.484252 -5.251969 3.629921,
-5.515748 -5.251969 3.629921,
-5.515748 -5.370079 3.629921,
-7.484252 -5.370079 3.629921,
-7.484252 -5.629921 3.484252,
-5.515748 -5.629921 3.484252,
-5.515748 -5.748031 3.484252,
-7.484252 -5.748031 3.484252,
-7.484252 -5.629921 3.629921,
-5.515748 -5.629921 3.629921,
-5.515748 -5.748031 3.629921,
-7.484252 -5.748031 3.629921,
-6.649606 -6.440945 -1.102362,
-6.350394 -6.440945 -1.102362,
-6.350394 -6.559055 -1.102362,
-6.649606 -6.559055 -1.102362,
-6.649606 -6.440945 3.582677,
-6.350394 -6.440945 3.582677,
-6.350394 -6.559055 3.582677,
-6.649606 -6.559055 3.582677,
-7.484252 -6.251969 3.484252,
-5.515748 -6.251969 3.484252,
-5.515748 -6.370079 3.484252,
-7.484252 -6.370079 3.484252,
-7.484252 -6.251969 3.629921,
-5.515748 -6.251969 3.629921,
-5.515748 -6.370079 3.629921,
-7.484252 -6.370079 3.629921,
-7.484252 -6.629921 3.484252,
-5.515748 -6.629921 3.484252,
-5.515748 -6.748031 3.484252,
-7.484252 -6.748031 3.484252,
-7.484252 -6.629921 3.629921,
-5.515748 -6.629921 3.629921,
-5.515748 -6.748031 3.629921,
-7.484252 -6.748031 3.629921,
-6.649606 -7.440945 -1.102362,
-6.350394 -7.440945 -1.102362,
-6.350394 -7.559055 -1.102362,
-6.649606 -7.559055 -1.102362,
-6.649606 -7.440945 3.582677,
-6.350394 -7.440945 3.582677,
-6.350394 -7.559055 3.582677,
-6.649606 -7.559055 3.582677,
-7.484252 -7.251969 3.484252,
-5.515748 -7.251969 3.484252,
-5.515748 -7.370079 3.484252,
-7.484252 -7.370079 3.484252,
-7.484252 -7.251969 3.629921,
-5.515748 -7.251969 3.629921,
-5.515748 -7.370079 3.629921,
-7.484252 -7.370079 3.629921,
-7.484252 -7.629921 3.484252,
-5.515748 -7.629921 3.484252,
-5.515748 -7.748031 3.484252,
-7.484252 -7.748031 3.484252,
-7.484252 -7.629921 3.629921,
-5.515748 -7.629921 3.629921,
-5.515748 -7.748031 3.629921,
-7.484252 -7.748031 3.629921,
-6.649606 -8.440945 -1.102362,
-6.350394 -8.440945 -1.102362,
-6.350394 -8.559055 -1.102362,
-6.649606 -8.559055 -1.102362,
-6.649606 -8.440945 3.582677,
-6.350394 -8.440945 3.582677,
-6.350394 -8.559055 3.582677,
-6.649606 -8.559055 3.582677,
-7.484252 -8.251969 3.484252,
-5.515748 -8.251969 3.484252,
-5.515748 -8.370079 3.484252,
-7.484252 -8.370079 3.484252,
-7.484252 -8.251969 3.629921,
-5.515748 -8.251969 3.629921,
-5.515748 -8.370079 3.629921,
-7.484252 -8.370079 3.629921,
-7.484252 -8.629921 3.484252,
-5.515748 -8.629921 3.484252,
-5.515748 -8.748031 3.484252,
-7.484252 -8.748031 3.484252,
-7.484252 -8.629921 3.629921,
-5.515748 -8.629921 3.629921,
-5.515748 -8.748031 3.629921,
-7.484252 -8.748031 3.629921,
-6.649606 -9.440945 -1.102362,
-6.350394 -9.440945 -1.102362,
-6.350394 -9.559055 -1.102362,
-6.649606 -9.559055 -1.102362,
-6.649606 -9.440945 3.582677,
-6.350394 -9.440945 3.582677,
-6.350394 -9.559055 3.582677,
-6.649606 -9.559055 3.582677,
-7.484252 -9.251969 3.484252,
-5.515748 -9.251969 3.484252,
-5.515748 -9.370079 3.484252,
-7.484252 -9.370079 3.484252,
-7.484252 -9.251969 3.629921,
-5.515748 -9.251969 3.629921,
-5.515748 -9.370079 3.629921,
-7.484252 -9.370079 3.629921,
-7.484252 -9.629921 3.484252,
-5.515748 -9.629921 3.484252,
-5.515748 -9.748031 3.484252,
-7.484252 -9.748031 3.484252,
-7.484252 -9.629921 3.629921,
-5.515748 -9.629921 3.629921,
-5.515748 -9.748031 3.629921,
-7.484252 -9.748031 3.629921,
-6.649606 -10.440945 -1.102362,
-6.350394 -10.440945 -1.102362,
-6.350394 -10.559055 -1.102362,
-6.649606 -10.559055 -1.102362,
-6.649606 -10.440945 3.582677,
-6.350394 -10.440945 3.582677,
-6.350394 -10.559055 3.582677,
-6.649606 -10.559055 3.582677,
-7.484252 -10.251969 3.484252,
-5.515748 -10.251969 3.484252,
-5.515748 -10.370079 3.484252,
-7.484252 -10.370079 3.484252,
-7.484252 -10.251969 3.629921,
-5.515748 -10.251969 3.629921,
-5.515748 -10.370079 3.629921,
-7.484252 -10.370079 3.629921,
-7.484252 -10.629921 3.484252,
-5.515748 -10.629921 3.484252,
-5.515748 -10.748031 3.484252,
-7.484252 -10.748031 3.484252,
-7.484252 -10.629921 3.629921,
-5.515748 -10.629921 3.629921,
-5.515748 -10.748031 3.629921,
-7.484252 -10.748031 3.629921,
-6.649606 -11.440945 -1.102362,
-6.350394 -11.440945 -1.102362,
-6.350394 -11.559055 -1.102362,
-6.649606 -11.559055 -1.102362,
-6.649606 -11.440945 3.582677,
-6.350394 -11.440945 3.582677,
-6.350394 -11.559055 3.582677,
-6.649606 -11.559055 3.582677,
-7.484252 -11.251969 3.484252,
-5.515748 -11.251969 3.484252,
-5.515748 -11.370079 3.484252,
-7.484252 -11.370079 3.484252,
-7.484252 -11.251969 3.629921,
-5.515748 -11.251969 3.629921,
-5.515748 -11.370079 3.629921,
-7.484252 -11.370079 3.629921,
-7.484252 -11.629921 3.484252,
-5.515748 -11.629921 3.484252,
-5.515748 -11.748031 3.484252,
-7.484252 -11.748031 3.484252,
-7.484252 -11.629921 3.629921,
-5.515748 -11.629921 3.629921,
-5.515748 -11.748031 3.629921,
-7.484252 -11.748031 3.629921,
-6.649606 -12.440945 -1.102362,
-6.350394 -12.440945 -1.102362,
-6.350394 -12.559055 -1.102362,
-6.649606 -12.559055 -1.102362,
-6.649606 -12.440945 3.582677,
-6.350394 -12.440945 3.582677,
-6.350394 -12.559055 3.582677,
-6.649606 -12.559055 3.582677,
-7.484252 -12.251969 3.484252,
-5.515748 -12.251969 3.484252,
-5.515748 -12.370079 3.484252,
-7.484252 -12.370079 3.484252,
-7.484252 -12.251969 3.629921,
-5.515748 -12.251969 3.629921,
-5.515748 -12.370079 3.629921,
-7.484252 -12.370079 3.629921,
-7.484252 -12.629921 3.484252,
-5.515748 -12.629921 3.484252,
-5.515748 -12.748031 3.484252,
-7.484252 -12.748031 3.484252,
-7.484252 -12.629921 3.629921,
-5.515748 -12.629921 3.629921,
-5.515748 -12.748031 3.629921,
-7.484252 -12.748031 3.629921,
-6.649606 -13.440945 -1.102362,
-6.350394 -13.440945 -1.102362,
-6.350394 -13.559055 -1.102362,
-6.649606 -13.559055 -1.102362,
-6.649606 -13.440945 3.582677,
-6.350394 -13.440945 3.582677,
-6.350394 -13.559055 3.582677,
-6.649606 -13.559055 3.582677,
-7.484252 -13.251969 3.484252,
-5.515748 -13.251969 3.484252,
-5.515748 -13.370079 3.484252,
-7.484252 -13.370079 3.484252,
-7.484252 -13.251969 3.629921,
-5.515748 -13.251969 3.629921,
-5.515748 -13.370079 3.629921,
-7.484252 -13.370079 3.629921,
-7.484252 -13.629921 3.484252,
-5.515748 -13.629921 3.484252,
-5.515748 -13.748031 3.484252,
-7.484252 -13.748031 3.484252,
-7.484252 -13.629921 3.629921,
-5.515748 -13.629921 3.629921,
-5.515748 -13.748031 3.629921,
-7.484252 -13.748031 3.629921,
-6.649606 -14.440945 -1.102362,
-6.350394 -14.440945 -1.102362,
-6.350394 -14.559055 -1.102362,
-6.649606 -14.559055 -1.102362,
-6.649606 -14.440945 3.582677,
-6.350394 -14.440945 3.582677,
-6.350394 -14.559055 3.582677,
-6.649606 -14.559055 3.582677,
-7.484252 -14.251969 3.484252,
-5.515748 -14.251969 3.484252,
-5.515748 -14.370079 3.484252,
-7.484252 -14.370079 3.484252,
-7.484252 -14.251969 3.629921,
-5.515748 -14.251969 3.629921,
-5.515748 -14.370079 3.629921,
-7.484252 -14.370079 3.629921,
-7.484252 -14.629921 3.484252,
-5.515748 -14.629921 3.484252,
-5.515748 -14.748031 3.484252,
-7.484252 -14.748031 3.484252,
-7.484252 -14.629921 3.629921,
-5.515748 -14.629921 3.629921,
-5.515748 -14.748031 3.629921,
-7.484252 -14.748031 3.629921,
-6.649606 -15.440945 -1.102362,
-6.350394 -15.440945 -1.102362,
-6.350394 -15.559055 -1.102362,
-6.649606 -15.559055 -1.102362,
-6.649606 -15.440945 3.582677,
-6.350394 -15.440945 3.582677,
-6.350394 -15.559055 3.582677,
-6.649606 -15.559055 3.582677,
-7.484252 -15.251969 3.484252,
-5.515748 -15.251969 3.484252,
-5.515748 -15.370079 3.484252,
-7.484252 -15.370079 3.484252,
-7.484252 -15.251969 3.629921,
-5.515748 -15.251969 3.629921,
-5.515748 -15.370079 3.629921,
-7.484252 -15.370079 3.629921,
-7.484252 -15.629921 3.484252,
-5.515748 -15.629921 3.484252,
-5.515748 -15.748031 3.484252,
-7.484252 -15.748031 3.484252,
-7.484252 -15.629921 3.629921,
-5.515748 -15.629921 3.629921,
-5.515748 -15.748031 3.629921,
-7.484252 -15.748031 3.629921,
15.649606 -15.559055 -1.102362,
15.350394 -15.559055 -1.102362,
15.350394 -15.440945 -1.102362,
15.649606 -15.440945 -1.102362,
15.649606 -15.559055 3.582677,
15.350394 -15.559055 3.582677,
15.350394 -15.440945 3.582677,
15.649606 -15.440945 3.582677,
16.484252 -15.748031 3.484252,
14.515748 -15.748031 3.484252,
14.515748 -15.629921 3.484252,
16.484252 -15.629921 3.484252,
16.484252 -15.748031 3.629921,
14.515748 -15.748031 3.629921,
14.515748 -15.629921 3.629921,
16.484252 -15.629921 3.629921,
16.484252 -15.370079 3.484252,
14.515748 -15.370079 3.484252,
14.515748 -15.251969 3.484252,
16.484252 -15.251969 3.484252,
16.484252 -15.370079 3.629921,
14.515748 -15.370079 3.629921,
14.515748 -15.251969 3.629921,
16.484252 -15.251969 3.629921,
15.649606 -14.559055 -1.102362,
15.350394 -14.559055 -1.102362,
15.350394 -14.440945 -1.102362,
15.649606 -14.440945 -1.102362,
15.649606 -14.559055 3.582677,
15.350394 -14.559055 3.582677,
15.350394 -14.440945 3.582677,
15.649606 -14.440945 3.582677,
16.484252 -14.748031 3.484252,
14.515748 -14.748031 3.484252,
14.515748 -14.629921 3.484252,
16.484252 -14.629921 3.484252,
16.484252 -14.748031 3.629921,
14.515748 -14.748031 3.629921,
14.515748 -14.629921 3.629921,
16.484252 -14.629921 3.629921,
16.484252 -14.370079 3.484252,
14.515748 -14.370079 3.484252,
14.515748 -14.251969 3.484252,
16.484252 -14.251969 3.484252,
16.484252 -14.370079 3.629921,
14.515748 -14.370079 3.629921,
14.515748 -14.251969 3.629921,
16.484252 -14.251969 3.629921,
15.649606 -13.559055 -1.102362,
15.350394 -13.559055 -1.102362,
15.350394 -13.440945 -1.102362,
15.649606 -13.440945 -1.102362,
15.649606 -13.559055 3.582677,
15.350394 -13.559055 3.582677,
15.350394 -13.440945 3.582677,
15.649606 -13.440945 3.582677,
16.484252 -13.748031 3.484252,
14.515748 -13.748031 3.484252,
14.515748 -13.629921 3.484252,
16.484252 -13.629921 3.484252,
16.484252 -13.748031 3.629921,
14.515748 -13.748031 3.629921,
14.515748 -13.629921 3.629921,
16.484252 -13.629921 3.629921,
16.484252 -13.370079 3.484252,
14.515748 -13.370079 3.484252,
14.515748 -13.251969 3.484252,
16.484252 -13.251969 3.484252,
16.484252 -13.370079 3.629921,
14.515748 -13.370079 3.629921,
14.515748 -13.251969 3.629921,
16.484252 -13.251969 3.629921,
15.649606 -12.559055 -1.102362,
15.350394 -12.559055 -1.102362,
15.350394 -12.440945 -1.102362,
15.649606 -12.440945 -1.102362,
15.649606 -12.559055 3.582677,
15.350394 -12.559055 3.582677,
15.350394 -12.440945 3.582677,
15.649606 -12.440945 3.582677,
16.484252 -12.748031 3.484252,
14.515748 -12.748031 3.484252,
14.515748 -12.629921 3.484252,
16.484252 -12.629921 3.484252,
16.484252 -12.748031 3.629921,
14.515748 -12.748031 3.629921,
14.515748 -12.629921 3.629921,
16.484252 -12.629921 3.629921,
16.484252 -12.370079 3.484252,
14.515748 -12.370079 3.484252,
14.515748 -12.251969 3.484252,
16.484252 -12.251969 3.484252,
16.484252 -12.370079 3.629921,
14.515748 -12.370079 3.629921,
14.515748 -12.251969 3.629921,
16.484252 -12.251969 3.629921,
15.649606 -11.559055 -1.102362,
15.350394 -11.559055 -1.102362,
15.350394 -11.440945 -1.102362,
15.649606 -11.440945 -1.102362,
15.649606 -11.559055 3.582677,
15.350394 -11.559055 3.582677,
15.350394 -11.440945 3.582677,
15.649606 -11.440945 3.582677,
16.484252 -11.748031 3.484252,
14.515748 -11.748031 3.484252,
14.515748 -11.629921 3.484252,
16.484252 -11.629921 3.484252,
16.484252 -11.748031 3.629921,
14.515748 -11.748031 3.629921,
14.515748 -11.629921 3.629921,
16.484252 -11.629921 3.629921,
16.484252 -11.370079 3.484252,
14.515748 -11.370079 3.484252,
14.515748 -11.251969 3.484252,
16.484252 -11.251969 3.484252,
16.484252 -11.370079 3.629921,
14.515748 -11.370079 3.629921,
14.515748 -11.251969 3.629921,
16.484252 -11.251969 3.629921,
15.649606 -10.559055 -1.102362,
15.350394 -10.559055 -1.102362,
15.350394 -10.440945 -1.102362,
15.649606 -10.440945 -1.102362,
15.649606 -10.559055 3.582677,
15.350394 -10.559055 3.582677,
15.350394 -10.440945 3.582677,
15.649606 -10.440945 3.582677,
16.484252 -10.748031 3.484252,
14.515748 -10.748031 3.484252,
14.515748 -10.629921 3.484252,
16.484252 -10.629921 3.484252,
16.484252 -10.748031 3.629921,
14.515748 -10.748031 3.629921,
14.515748 -10.629921 3.629921,
16.484252 -10.629921 3.629921,
16.484252 -10.370079 3.484252,
14.515748 -10.370079 3.484252,
14.515748 -10.251969 3.484252,
16.484252 -10.251969 3.484252,
16.484252 -10.370079 3.629921,
14.515748 -10.370079 3.629921,
14.515748 -10.251969 3.629921,
16.484252 -10.251969 3.629921,
15.649606 -9.559055 -1.102362,
15.350394 -9.559055 -1.102362,
15.350394 -9.440945 -1.102362,
15.649606 -9.440945 -1.102362,
15.649606 -9.559055 3.582677,
15.350394 -9.559055 3.582677,
15.350394 -9.440945 3.582677,
15.649606 -9.440945 3.582677,
16.484252 -9.748031 3.484252,
14.515748 -9.748031 3.484252,
14.515748 -9.629921 3.484252,
16.484252 -9.629921 3.484252,
16.484252 -9.748031 3.629921,
14.515748 -9.748031 3.629921,
14.515748 -9.629921 3.629921,
16.484252 -9.629921 3.629921,
16.484252 -9.370079 3.484252,
14.515748 -9.370079 3.484252,
14.515748 -9.251969 3.484252,
16.484252 -9.251969 3.484252,
16.484252 -9.370079 3.629921,
14.515748 -9.370079 3.629921,
14.515748 -9.251969 3.629921,
16.484252 -9.251969 3.629921,
15.649606 -8.559055 -1.102362,
15.350394 -8.559055 -1.102362,
15.350394 -8.440945 -1.102362,
15.649606 -8.440945 -1.102362,
15.649606 -8.559055 3.582677,
15.350394 -8.559055 3.582677,
15.350394 -8.440945 3.582677,
15.649606 -8.440945 3.582677,
16.484252 -8.748031 3.484252,
14.515748 -8.748031 3.484252,
14.515748 -8.629921 3.484252,
16.484252 -8.629921 3.484252,
16.484252 -8.748031 3.629921,
14.515748 -8.748031 3.629921,
14.515748 -8.629921 3.629921,
16.484252 -8.629921 3.629921,
16.484252 -8.370079 3.484252,
14.515748 -8.370079 3.484252,
14.515748 -8.251969 3.484252,
16.484252 -8.251969 3.484252,
16.484252 -8.370079 3.629921,
14.515748 -8.370079 3.629921,
14.515748 -8.251969 3.629921,
16.484252 -8.251969 3.629921,
15.649606 -7.559055 -1.102362,
15.350394 -7.559055 -1.102362,
15.350394 -7.440945 -1.102362,
15.649606 -7.440945 -1.102362,
15.649606 -7.559055 3.582677,
15.350394 -7.559055 3.582677,
15.350394 -7.440945 3.582677,
15.649606 -7.440945 3.582677,
16.484252 -7.748031 3.484252,
14.515748 -7.748031 3.484252,
14.515748 -7.629921 3.484252,
16.484252 -7.629921 3.484252,
16.484252 -7.748031 3.629921,
14.515748 -7.748031 3.629921,
14.515748 -7.629921 3.629921,
16.484252 -7.629921 3.629921,
16.484252 -7.370079 3.484252,
14.515748 -7.370079 3.484252,
14.515748 -7.251969 3.484252,
16.484252 -7.251969 3.484252,
16.484252 -7.370079 3.629921,
14.515748 -7.370079 3.629921,
14.515748 -7.251969 3.629921,
16.484252 -7.251969 3.629921,
15.649606 -6.559055 -1.102362,
15.350394 -6.559055 -1.102362,
15.350394 -6.440945 -1.102362,
15.649606 -6.440945 -1.102362,
15.649606 -6.559055 3.582677,
15.350394 -6.559055 3.582677,
15.350394 -6.440945 3.582677,
15.649606 -6.440945 3.582677,
16.484252 -6.748031 3.484252,
14.515748 -6.748031 3.484252,
14.515748 -6.629921 3.484252,
16.484252 -6.629921 3.484252,
16.484252 -6.748031 3.629921,
14.515748 -6.748031 3.629921,
14.515748 -6.629921 3.629921,
16.484252 -6.629921 3.629921,
16.484252 -6.370079 3.484252,
14.515748 -6.370079 3.484252,
14.515748 -6.251969 3.484252,
16.484252 -6.251969 3.484252,
16.484252 -6.370079 3.629921,
14.515748 -6.370079 3.629921,
14.515748 -6.251969 3.629921,
16.484252 -6.251969 3.629921,
15.649606 -5.559055 -1.102362,
15.350394 -5.559055 -1.102362,
15.350394 -5.440945 -1.102362,
15.649606 -5.440945 -1.102362,
15.649606 -5.559055 3.582677,
15.350394 -5.559055 3.582677,
15.350394 -5.440945 3.582677,
15.649606 -5.440945 3.582677,
16.484252 -5.748031 3.484252,
14.515748 -5.748031 3.484252,
14.515748 -5.629921 3.484252,
16.484252 -5.629921 3.484252,
16.484252 -5.748031 3.629921,
14.515748 -5.748031 3.629921,
14.515748 -5.629921 3.629921,
16.484252 -5.629921 3.629921,
16.484252 -5.370079 3.484252,
14.515748 -5.370079 3.484252,
14.515748 -5.251969 3.484252,
16.484252 -5.251969 3.484252,
16.484252 -5.370079 3.629921,
14.515748 -5.370079 3.629921,
14.515748 -5.251969 3.629921,
16.484252 -5.251969 3.629921,
15.649606 -4.559055 -1.102362,
15.350394 -4.559055 -1.102362,
15.350394 -4.440945 -1.102362,
15.649606 -4.440945 -1.102362,
15.649606 -4.559055 3.582677,
15.350394 -4.559055 3.582677,
15.350394 -4.440945 3.582677,
15.649606 -4.440945 3.582677,
16.484252 -4.748031 3.484252,
14.515748 -4.748031 3.484252,
14.515748 -4.629921 3.484252,
16.484252 -4.629921 3.484252,
16.484252 -4.748031 3.629921,
14.515748 -4.748031 3.629921,
14.515748 -4.629921 3.629921,
16.484252 -4.629921 3.629921,
16.484252 -4.370079 3.484252,
14.515748 -4.370079 3.484252,
14.515748 -4.251969 3.484252,
16.484252 -4.251969 3.484252,
16.484252 -4.370079 3.629921,
14.515748 -4.370079 3.629921,
14.515748 -4.251969 3.629921,
16.484252 -4.251969 3.629921,
15.649606 -3.559055 -1.102362,
15.350394 -3.559055 -1.102362,
15.350394 -3.440945 -1.102362,
15.649606 -3.440945 -1.102362,
15.649606 -3.559055 3.582677,
15.350394 -3.559055 3.582677,
15.350394 -3.440945 3.582677,
15.649606 -3.440945 3.582677,
16.484252 -3.748031 3.484252,
14.515748 -3.748031 3.484252,
14.515748 -3.629921 3.484252,
16.484252 -3.629921 3.484252,
16.484252 -3.748031 3.629921,
14.515748 -3.748031 3.629921,
14.515748 -3.629921 3.629921,
16.484252 -3.629921 3.629921,
16.484252 -3.370079 3.484252,
14.515748 -3.370079 3.484252,
14.515748 -3.251969 3.484252,
16.484252 -3.251969 3.484252,
16.484252 -3.370079 3.629921,
14.515748 -3.370079 3.629921,
14.515748 -3.251969 3.629921,
16.484252 -3.251969 3.629921,
15.649606 -2.559055 -1.102362,
15.350394 -2.559055 -1.102362,
15.350394 -2.440945 -1.102362,
15.649606 -2.440945 -1.102362,
15.649606 -2.559055 3.582677,
15.350394 -2.559055 3.582677,
15.350394 -2.440945 3.582677,
15.649606 -2.440945 3.582677,
16.484252 -2.748031 3.484252,
14.515748 -2.748031 3.484252,
14.515748 -2.629921 3.484252,
16.484252 -2.629921 3.484252,
16.484252 -2.748031 3.629921,
14.515748 -2.748031 3.629921,
14.515748 -2.629921 3.629921,
16.484252 -2.629921 3.629921,
16.484252 -2.370079 3.484252,
14.515748 -2.370079 3.484252,
14.515748 -2.251969 3.484252,
16.484252 -2.251969 3.484252,
16.484252 -2.370079 3.629921,
14.515748 -2.370079 3.629921,
14.515748 -2.251969 3.629921,
16.484252 -2.251969 3.629921,
15.649606 -1.559055 -1.102362,
15.350394 -1.559055 -1.102362,
15.350394 -1.440945 -1.102362,
15.649606 -1.440945 -1.102362,
15.649606 -1.559055 3.582677,
15.350394 -1.559055 3.582677,
15.350394 -1.440945 3.582677,
15.649606 -1.440945 3.582677,
16.484252 -1.748031 3.484252,
14.515748 -1.748031 3.484252,
14.515748 -1.629921 3.484252,
16.484252 -1.629921 3.484252,
16.484252 -1.748031 3.629921,
14.515748 -1.748031 3.629921,
14.515748 -1.629921 3.629921,
16.484252 -1.629921 3.629921,
16.484252 -1.370079 3.484252,
14.515748 -1.370079 3.484252,
14.515748 -1.251969 3.484252,
16.484252 -1.251969 3.484252,
16.484252 -1.370079 3.629921,
14.515748 -1.370079 3.629921,
14.515748 -1.251969 3.629921,
16.484252 -1.251969 3.629921,
15.649606 -0.559055 -1.102362,
15.350394 -0.559055 -1.102362,
15.350394 -0.440945 -1.102362,
15.649606 -0.440945 -1.102362,
15.649606 -0.559055 3.582677,
15.350394 -0.559055 3.582677,
15.350394 -0.440945 3.582677,
15.649606 -0.440945 3.582677,
16.484252 -0.748031 3.484252,
14.515748 -0.748031 3.484252,
14.515748 -0.629921 3.484252,
16.484252 -0.629921 3.484252,
16.484252 -0.748031 3.629921,
14.515748 -0.748031 3.629921,
14.515748 -0.629921 3.629921,
16.484252 -0.629921 3.629921,
16.484252 -0.370079 3.484252,
14.515748 -0.370079 3.484252,
14.515748 -0.251969 3.484252,
16.484252 -0.251969 3.484252,
16.484252 -0.370079 3.629921,
14.515748 -0.370079 3.629921,
14.515748 -0.251969 3.629921,
16.484252 -0.251969 3.629921,
15.649606 0.440945 -1.102362,
15.350394 0.440945 -1.102362,
15.350394 0.559055 -1.102362,
15.649606 0.559055 -1.102362,
15.649606 0.440945 3.582677,
15.350394 0.440945 3.582677,
15.350394 0.559055 3.582677,
15.649606 0.559055 3.582677,
16.484252 0.251969 3.484252,
14.515748 0.251969 3.484252,
14.515748 0.370079 3.484252,
16.484252 0.370079 3.484252,
16.484252 0.251969 3.629921,
14.515748 0.251969 3.629921,
14.515748 0.370079 3.629921,
16.484252 0.370079 3.629921,
16.484252 0.629921 3.484252,
14.515748 0.629921 3.484252,
14.515748 0.748031 3.484252,
16.484252 0.748031 3.484252,
16.484252 0.629921 3.629921,
14.515748 0.629921 3.629921,
14.515748 0.748031 3.629921,
16.484252 0.748031 3.629921,
15.649606 1.440945 -1.102362,
15.350394 1.440945 -1.102362,
15.350394 1.559055 -1.102362,
15.649606 1.559055 -1.102362,
15.649606 1.440945 3.582677,
15.350394 1.440945 3.582677,
15.350394 1.559055 3.582677,
15.649606 1.559055 3.582677,
16.484252 1.251969 3.484252,
14.515748 1.251969 3.484252,
14.515748 1.370079 3.484252,
16.484252 1.370079 3.484252,
16.484252 1.251969 3.629921,
14.515748 1.251969 3.629921,
14.515748 1.370079 3.629921,
16.484252 1.370079 3.629921,
16.484252 1.629921 3.484252,
14.515748 1.629921 3.484252,
14.515748 1.748031 3.484252,
16.484252 1.748031 3.484252,
16.484252 1.629921 3.629921,
14.515748 1.629921 3.629921,
14.515748 1.748031 3.629921,
16.484252 1.748031 3.629921,
15.649606 2.440945 -1.102362,
15.350394 2.440945 -1.102362,
15.350394 2.559055 -1.102362,
15.649606 2.559055 -1.102362,
15.649606 2.440945 3.582677,
15.350394 2.440945 3.582677,
15.350394 2.559055 3.582677,
15.649606 2.559055 3.582677,
16.484252 2.251969 3.484252,
14.515748 2.251969 3.484252,
14.515748 2.370079 3.484252,
16.484252 2.370079 3.484252,
16.484252 2.251969 3.629921,
14.515748 2.251969 3.629921,
14.515748 2.370079 3.629921,
16.484252 2.370079 3.629921,
16.484252 2.629921 3.484252,
14.515748 2.629921 3.484252,
14.515748 2.748031 3.484252,
16.484252 2.748031 3.484252,
16.484252 2.629921 3.629921,
14.515748 2.629921 3.629921,
14.515748 2.748031 3.629921,
16.484252 2.748031 3.629921,
15.649606 3.440945 -1.102362,
15.350394 3.440945 -1.102362,
15.350394 3.559055 -1.102362,
15.649606 3.559055 -1.102362,
15.649606 3.440945 3.582677,
15.350394 3.440945 3.582677,
15.350394 3.559055 3.582677,
15.649606 3.559055 3.582677,
16.484252 3.251969 3.484252,
14.515748 3.251969 3.484252,
14.515748 3.370079 3.484252,
16.484252 3.370079 3.484252,
16.484252 3.251969 3.629921,
14.515748 3.251969 3.629921,
14.515748 3.370079 3.629921,
16.484252 3.370079 3.629921,
16.484252 3.629921 3.484252,
14.515748 3.629921 3.484252,
14.515748 3.748031 3.484252,
16.484252 3.748031 3.484252,
16.484252 3.629921 3.629921,
14.515748 3.629921 3.629921,
14.515748 3.748031 3.629921,
16.484252 3.748031 3.629921,
15.649606 4.440945 -1.102362,
15.350394 4.440945 -1.102362,
15.350394 4.559055 -1.102362,
15.649606 4.559055 -1.102362,
15.649606 4.440945 3.582677,
15.350394 4.440945 3.582677,
15.350394 4.559055 3.582677,
15.649606 4.559055 3.582677,
16.484252 4.251969 3.484252,
14.515748 4.251969 3.484252,
14.515748 4.370079 3.484252,
16.484252 4.370079 3.484252,
16.484252 4.251969 3.629921,
14.515748 4.251969 3.629921,
14.515748 4.370079 3.629921,
16.484252 4.370079 3.629921,
16.484252 4.629921 3.484252,
14.515748 4.629921 3.484252,
14.515748 4.748031 3.484252,
16.484252 4.748031 3.484252,
16.484252 4.629921 3.629921,
14.515748 4.629921 3.629921,
14.515748 4.748031 3.629921,
16.484252 4.748031 3.629921,
15.649606 5.440945 -1.102362,
15.350394 5.440945 -1.102362,
15.350394 5.559055 -1.102362,
15.649606 5.559055 -1.102362,
15.649606 5.440945 3.582677,
15.350394 5.440945 3.582677,
15.350394 5.559055 3.582677,
15.649606 5.559055 3.582677,
16.484252 5.251969 3.484252,
14.515748 5.251969 3.484252,
14.515748 5.370079 3.484252,
16.484252 5.370079 3.484252,
16.484252 5.251969 3.629921,
14.515748 5.251969 3.629921,
14.515748 5.370079 3.629921,
16.484252 5.370079 3.629921,
16.484252 5.629921 3.484252,
14.515748 5.629921 3.484252,
14.515748 5.748031 3.484252,
16.484252 5.748031 3.484252,
16.484252 5.629921 3.629921,
14.515748 5.629921 3.629921,
14.515748 5.748031 3.629921,
16.484252 5.748031 3.629921,
15.649606 6.440945 -1.102362,
15.350394 6.440945 -1.102362,
15.350394 6.559055 -1.102362,
15.649606 6.559055 -1.102362,
15.649606 6.440945 3.582677,
15.350394 6.440945 3.582677,
15.350394 6.559055 3.582677,
15.649606 6.559055 3.582677,
16.484252 6.251969 3.484252,
14.515748 6.251969 3.484252,
14.515748 6.370079 3.484252,
16.484252 6.370079 3.484252,
16.484252 6.251969 3.629921,
14.515748 6.251969 3.629921,
14.515748 6.370079 3.629921,
16.484252 6.370079 3.629921,
16.484252 6.629921 3.484252,
14.515748 6.629921 3.484252,
14.515748 6.748031 3.484252,
16.484252 6.748031 3.484252,
16.484252 6.629921 3.629921,
14.515748 6.629921 3.629921,
14.515748 6.748031 3.629921,
16.484252 6.748031 3.629921,
15.649606 7.440945 -1.102362,
15.350394 7.440945 -1.102362,
15.350394 7.559055 -1.102362,
15.649606 7.559055 -1.102362,
15.649606 7.440945 3.582677,
15.350394 7.440945 3.582677,
15.350394 7.559055 3.582677,
15.649606 7.559055 3.582677,
16.484252 7.251969 3.484252,
14.515748 7.251969 3.484252,
14.515748 7.370079 3.484252,
16.484252 7.370079 3.484252,
16.484252 7.251969 3.629921,
14.515748 7.251969 3.629921,
14.515748 7.370079 3.629921,
16.484252 7.370079 3.629921,
16.484252 7.629921 3.484252,
14.515748 7.629921 3.484252,
14.515748 7.748031 3.484252,
16.484252 7.748031 3.484252,
16.484252 7.629921 3.629921,
14.515748 7.629921 3.629921,
14.515748 7.748031 3.629921,
16.484252 7.748031 3.629921,
15.649606 8.440945 -1.102362,
15.350394 8.440945 -1.102362,
15.350394 8.559055 -1.102362,
15.649606 8.559055 -1.102362,
15.649606 8.440945 3.582677,
15.350394 8.440945 3.582677,
15.350394 8.559055 3.582677,
15.649606 8.559055 3.582677,
16.484252 8.251969 3.484252,
14.515748 8.251969 3.484252,
14.515748 8.370079 3.484252,
16.484252 8.370079 3.484252,
16.484252 8.251969 3.629921,
14.515748 8.251969 3.629921,
14.515748 8.370079 3.629921,
16.484252 8.370079 3.629921,
16.484252 8.629921 3.484252,
14.515748 8.629921 3.484252,
14.515748 8.748031 3.484252,
16.484252 8.748031 3.484252,
16.484252 8.629921 3.629921,
14.515748 8.629921 3.629921,
14.515748 8.748031 3.629921,
16.484252 8.748031 3.629921,
15.649606 9.440945 -1.102362,
15.350394 9.440945 -1.102362,
15.350394 9.559055 -1.102362,
15.649606 9.559055 -1.102362,
15.649606 9.440945 3.582677,
15.350394 9.440945 3.582677,
15.350394 9.559055 3.582677,
15.649606 9.559055 3.582677,
16.484252 9.251969 3.484252,
14.515748 9.251969 3.484252,
14.515748 9.370079 3.484252,
16.484252 9.370079 3.484252,
16.484252 9.251969 3.629921,
14.515748 9.251969 3.629921,
14.515748 9.370079 3.629921,
16.484252 9.370079 3.629921,
16.484252 9.629921 3.484252,
14.515748 9.629921 3.484252,
14.515748 9.748031 3.484252,
16.484252 9.748031 3.484252,
16.484252 9.629921 3.629921,
14.515748 9.629921 3.629921,
14.515748 9.748031 3.629921,
16.484252 9.748031 3.629921,
15.649606 10.440945 -1.102362,
15.350394 10.440945 -1.102362,
15.350394 10.559055 -1.102362,
15.649606 10.559055 -1.102362,
15.649606 10.440945 3.582677,
15.350394 10.440945 3.582677,
15.350394 10.559055 3.582677,
15.649606 10.559055 3.582677,
16.484252 10.251969 3.484252,
14.515748 10.251969 3.484252,
14.515748 10.370079 3.484252,
16.484252 10.370079 3.484252,
16.484252 10.251969 3.629921,
14.515748 10.251969 3.629921,
14.515748 10.370079 3.629921,
16.484252 10.370079 3.629921,
16.484252 10.629921 3.484252,
14.515748 10.629921 3.484252,
14.515748 10.748031 3.484252,
16.484252 10.748031 3.484252,
16.484252 10.629921 3.629921,
14.515748 10.629921 3.629921,
14.515748 10.748031 3.629921,
16.484252 10.748031 3.629921,
15.649606 11.440945 -1.102362,
15.350394 11.440945 -1.102362,
15.350394 11.559055 -1.102362,
15.649606 11.559055 -1.102362,
15.649606 11.440945 3.582677,
15.350394 11.440945 3.582677,
15.350394 11.559055 3.582677,
15.649606 11.559055 3.582677,
16.484252 11.251969 3.484252,
14.515748 11.251969 3.484252,
14.515748 11.370079 3.484252,
16.484252 11.370079 3.484252,
16.484252 11.251969 3.629921,
14.515748 11.251969 3.629921,
14.515748 11.370079 3.629921,
16.484252 11.370079 3.629921,
16.484252 11.629921 3.484252,
14.515748 11.629921 3.484252,
14.515748 11.748031 3.484252,
16.484252 11.748031 3.484252,
16.484252 11.629921 3.629921,
14.515748 11.629921 3.629921,
14.515748 11.748031 3.629921,
16.484252 11.748031 3.629921,
15.649606 12.440945 -1.102362,
15.350394 12.440945 -1.102362,
15.350394 12.559055 -1.102362,
15.649606 12.559055 -1.102362,
15.649606 12.440945 3.582677,
15.350394 12.440945 3.582677,
15.350394 12.559055 3.582677,
15.649606 12.559055 3.582677,
16.484252 12.251969 3.484252,
14.515748 12.251969 3.484252,
14.515748 12.370079 3.484252,
16.484252 12.370079 3.484252,
16.484252 12.251969 3.629921,
14.515748 12.251969 3.629921,
14.515748 12.370079 3.629921,
16.484252 12.370079 3.629921,
16.484252 12.629921 3.484252,
14.515748 12.629921 3.484252,
14.515748 12.748031 3.484252,
16.484252 12.748031 3.484252,
16.484252 12.629921 3.629921,
14.515748 12.629921 3.629921,
14.515748 12.748031 3.629921,
16.484252 12.748031 3.629921,
15.649606 13.440945 -1.102362,
15.350394 13.440945 -1.102362,
15.350394 13.559055 -1.102362,
15.649606 13.559055 -1.102362,
15.649606 13.440945 3.582677,
15.350394 13.440945 3.582677,
15.350394 13.559055 3.582677,
15.649606 13.559055 3.582677,
16.484252 13.251969 3.484252,
14.515748 13.251969 3.484252,
14.515748 13.370079 3.484252,
16.484252 13.370079 3.484252,
16.484252 13.251969 3.629921,
14.515748 13.251969 3.629921,
14.515748 13.370079 3.629921,
16.484252 13.370079 3.629921,
16.484252 13.629921 3.484252,
14.515748 13.629921 3.484252,
14.515748 13.748031 3.484252,
16.484252 13.748031 3.484252,
16.484252 13.629921 3.629921,
14.515748 13.629921 3.629921,
14.515748 13.748031 3.629921,
16.484252 13.748031 3.629921,
15.649606 14.440945 -1.102362,
15.350394 14.440945 -1.102362,
15.350394 14.559055 -1.102362,
15.649606 14.559055 -1.102362,
15.649606 14.440945 3.582677,
15.350394 14.440945 3.582677,
15.350394 14.559055 3.582677,
15.649606 14.559055 3.582677,
16.484252 14.251969 3.484252,
14.515748 14.251969 3.484252,
14.515748 14.370079 3.484252,
16.484252 14.370079 3.484252,
16.484252 14.251969 3.629921,
14.515748 14.251969 3.629921,
14.515748 14.370079 3.629921,
16.484252 14.370079 3.629921,
16.484252 14.629921 3.484252,
14.515748 14.629921 3.484252,
14.515748 14.748031 3.484252,
16.484252 14.748031 3.484252,
16.484252 14.629921 3.629921,
14.515748 14.629921 3.629921,
14.515748 14.748031 3.629921,
16.484252 14.748031 3.629921,
15.649606 15.440945 -1.102362,
15.350394 15.440945 -1.102362,
15.350394 15.559055 -1.102362,
15.649606 15.559055 -1.102362,
15.649606 15.440945 3.582677,
15.350394 15.440945 3.582677,
15.350394 15.559055 3.582677,
15.649606 15.559055 3.582677,
16.484252 15.251969 3.484252,
14.515748 15.251969 3.484252,
14.515748 15.370079 3.484252,
16.484252 15.370079 3.484252,
16.484252 15.251969 3.629921,
14.515748 15.251969 3.629921,
14.515748 15.370079 3.629921,
16.484252 15.370079 3.629921,
16.484252 15.629921 3.484252,
14.515748 15.629921 3.484252,
14.515748 15.748031 3.484252,
16.484252 15.748031 3.484252,
16.484252 15.629921 3.629921,
14.515748 15.629921 3.629921,
14.515748 15.748031 3.629921,
16.484252 15.748031 3.629921,
6.649606 -15.559055 -1.102362,
6.350394 -15.559055 -1.102362,
6.350394 -15.440945 -1.102362,
6.649606 -15.440945 -1.102362,
6.649606 -15.559055 3.582677,
6.350394 -15.559055 3.582677,
6.350394 -15.440945 3.582677,
6.649606 -15.440945 3.582677,
7.484252 -15.748031 3.484252,
5.515748 -15.748031 3.484252,
5.515748 -15.629921 3.484252,
7.484252 -15.629921 3.484252,
7.484252 -15.748031 3.629921,
5.515748 -15.748031 3.629921,
5.515748 -15.629921 3.629921,
7.484252 -15.629921 3.629921,
7.484252 -15.370079 3.484252,
5.515748 -15.370079 3.484252,
5.515748 -15.251969 3.484252,
7.484252 -15.251969 3.484252,
7.484252 -15.370079 3.629921,
5.515748 -15.370079 3.629921,
5.515748 -15.251969 3.629921,
7.484252 -15.251969 3.629921,
6.649606 -14.559055 -1.102362,
6.350394 -14.559055 -1.102362,
6.350394 -14.440945 -1.102362,
6.649606 -14.440945 -1.102362,
6.649606 -14.559055 3.582677,
6.350394 -14.559055 3.582677,
6.350394 -14.440945 3.582677,
6.649606 -14.440945 3.582677,
7.484252 -14.748031 3.484252,
5.515748 -14.748031 3.484252,
5.515748 -14.629921 3.484252,
7.484252 -14.629921 3.484252,
7.484252 -14.748031 3.629921,
5.515748 -14.748031 3.629921,
5.515748 -14.629921 3.629921,
7.484252 -14.629921 3.629921,
7.484252 -14.370079 3.484252,
5.515748 -14.370079 3.484252,
5.515748 -14.251969 3.484252,
7.484252 -14.251969 3.484252,
7.484252 -14.370079 3.629921,
5.515748 -14.370079 3.629921,
5.515748 -14.251969 3.629921,
7.484252 -14.251969 3.629921,
6.649606 -13.559055 -1.102362,
6.350394 -13.559055 -1.102362,
6.350394 -13.440945 -1.102362,
6.649606 -13.440945 -1.102362,
6.649606 -13.559055 3.582677,
6.350394 -13.559055 3.582677,
6.350394 -13.440945 3.582677,
6.649606 -13.440945 3.582677,
7.484252 -13.748031 3.484252,
5.515748 -13.748031 3.484252,
5.515748 -13.629921 3.484252,
7.484252 -13.629921 3.484252,
7.484252 -13.748031 3.629921,
5.515748 -13.748031 3.629921,
5.515748 -13.629921 3.629921,
7.484252 -13.629921 3.629921,
7.484252 -13.370079 3.484252,
5.515748 -13.370079 3.484252,
5.515748 -13.251969 3.484252,
7.484252 -13.251969 3.484252,
7.484252 -13.370079 3.629921,
5.515748 -13.370079 3.629921,
5.515748 -13.251969 3.629921,
7.484252 -13.251969 3.629921,
6.649606 -12.559055 -1.102362,
6.350394 -12.559055 -1.102362,
6.350394 -12.440945 -1.102362,
6.649606 -12.440945 -1.102362,
6.649606 -12.559055 3.582677,
6.350394 -12.559055 3.582677,
6.350394 -12.440945 3.582677,
6.649606 -12.440945 3.582677,
7.484252 -12.748031 3.484252,
5.515748 -12.748031 3.484252,
5.515748 -12.629921 3.484252,
7.484252 -12.629921 3.484252,
7.484252 -12.748031 3.629921,
5.515748 -12.748031 3.629921,
5.515748 -12.629921 3.629921,
7.484252 -12.629921 3.629921,
7.484252 -12.370079 3.484252,
5.515748 -12.370079 3.484252,
5.515748 -12.251969 3.484252,
7.484252 -12.251969 3.484252,
7.484252 -12.370079 3.629921,
5.515748 -12.370079 3.629921,
5.515748 -12.251969 3.629921,
7.484252 -12.251969 3.629921,
6.649606 -11.559055 -1.102362,
6.350394 -11.559055 -1.102362,
6.350394 -11.440945 -1.102362,
6.649606 -11.440945 -1.102362,
6.649606 -11.559055 3.582677,
6.350394 -11.559055 3.582677,
6.350394 -11.440945 3.582677,
6.649606 -11.440945 3.582677,
7.484252 -11.748031 3.484252,
5.515748 -11.748031 3.484252,
5.515748 -11.629921 3.484252,
7.484252 -11.629921 3.484252,
7.484252 -11.748031 3.629921,
5.515748 -11.748031 3.629921,
5.515748 -11.629921 3.629921,
7.484252 -11.629921 3.629921,
7.484252 -11.370079 3.484252,
5.515748 -11.370079 3.484252,
5.515748 -11.251969 3.484252,
7.484252 -11.251969 3.484252,
7.484252 -11.370079 3.629921,
5.515748 -11.370079 3.629921,
5.515748 -11.251969 3.629921,
7.484252 -11.251969 3.629921,
6.649606 -10.559055 -1.102362,
6.350394 -10.559055 -1.102362,
6.350394 -10.440945 -1.102362,
6.649606 -10.440945 -1.102362,
6.649606 -10.559055 3.582677,
6.350394 -10.559055 3.582677,
6.350394 -10.440945 3.582677,
6.649606 -10.440945 3.582677,
7.484252 -10.748031 3.484252,
5.515748 -10.748031 3.484252,
5.515748 -10.629921 3.484252,
7.484252 -10.629921 3.484252,
7.484252 -10.748031 3.629921,
5.515748 -10.748031 3.629921,
5.515748 -10.629921 3.629921,
7.484252 -10.629921 3.629921,
7.484252 -10.370079 3.484252,
5.515748 -10.370079 3.484252,
5.515748 -10.251969 3.484252,
7.484252 -10.251969 3.484252,
7.484252 -10.370079 3.629921,
5.515748 -10.370079 3.629921,
5.515748 -10.251969 3.629921,
7.484252 -10.251969 3.629921,
6.649606 -9.559055 -1.102362,
6.350394 -9.559055 -1.102362,
6.350394 -9.440945 -1.102362,
6.649606 -9.440945 -1.102362,
6.649606 -9.559055 3.582677,
6.350394 -9.559055 3.582677,
6.350394 -9.440945 3.582677,
6.649606 -9.440945 3.582677,
7.484252 -9.748031 3.484252,
5.515748 -9.748031 3.484252,
5.515748 -9.629921 3.484252,
7.484252 -9.629921 3.484252,
7.484252 -9.748031 3.629921,
5.515748 -9.748031 3.629921,
5.515748 -9.629921 3.629921,
7.484252 -9.629921 3.629921,
7.484252 -9.370079 3.484252,
5.515748 -9.370079 3.484252,
5.515748 -9.251969 3.484252,
7.484252 -9.251969 3.484252,
7.484252 -9.370079 3.629921,
5.515748 -9.370079 3.629921,
5.515748 -9.251969 3.629921,
7.484252 -9.251969 3.629921,
6.649606 -8.559055 -1.102362,
6.350394 -8.559055 -1.102362,
6.350394 -8.440945 -1.102362,
6.649606 -8.440945 -1.102362,
6.649606 -8.559055 3.582677,
6.350394 -8.559055 3.582677,
6.350394 -8.440945 3.582677,
6.649606 -8.440945 3.582677,
7.484252 -8.748031 3.484252,
5.515748 -8.748031 3.484252,
5.515748 -8.629921 3.484252,
7.484252 -8.629921 3.484252,
7.484252 -8.748031 3.629921,
5.515748 -8.748031 3.629921,
5.515748 -8.629921 3.629921,
7.484252 -8.629921 3.629921,
7.484252 -8.370079 3.484252,
5.515748 -8.370079 3.484252,
5.515748 -8.251969 3.484252,
7.484252 -8.251969 3.484252,
7.484252 -8.370079 3.629921,
5.515748 -8.370079 3.629921,
5.515748 -8.251969 3.629921,
7.484252 -8.251969 3.629921,
6.649606 -7.559055 -1.102362,
6.350394 -7.559055 -1.102362,
6.350394 -7.440945 -1.102362,
6.649606 -7.440945 -1.102362,
6.649606 -7.559055 3.582677,
6.350394 -7.559055 3.582677,
6.350394 -7.440945 3.582677,
6.649606 -7.440945 3.582677,
7.484252 -7.748031 3.484252,
5.515748 -7.748031 3.484252,
5.515748 -7.629921 3.484252,
7.484252 -7.629921 3.484252,
7.484252 -7.748031 3.629921,
5.515748 -7.748031 3.629921,
5.515748 -7.629921 3.629921,
7.484252 -7.629921 3.629921,
7.484252 -7.370079 3.484252,
5.515748 -7.370079 3.484252,
5.515748 -7.251969 3.484252,
7.484252 -7.251969 3.484252,
7.484252 -7.370079 3.629921,
5.515748 -7.370079 3.629921,
5.515748 -7.251969 3.629921,
7.484252 -7.251969 3.629921,
6.649606 -6.559055 -1.102362,
6.350394 -6.559055 -1.102362,
6.350394 -6.440945 -1.102362,
6.649606 -6.440945 -1.102362,
6.649606 -6.559055 3.582677,
6.350394 -6.559055 3.582677,
6.350394 -6.440945 3.582677,
6.649606 -6.440945 3.582677,
7.484252 -6.748031 3.484252,
5.515748 -6.748031 3.484252,
5.515748 -6.629921 3.484252,
7.484252 -6.629921 3.484252,
7.484252 -6.748031 3.629921,
5.515748 -6.748031 3.629921,
5.515748 -6.629921 3.629921,
7.484252 -6.629921 3.629921,
7.484252 -6.370079 3.484252,
5.515748 -6.370079 3.484252,
5.515748 -6.251969 3.484252,
7.484252 -6.251969 3.484252,
7.484252 -6.370079 3.629921,
5.515748 -6.370079 3.629921,
5.515748 -6.251969 3.629921,
7.484252 -6.251969 3.629921,
6.649606 -5.559055 -1.102362,
6.350394 -5.559055 -1.102362,
6.350394 -5.440945 -1.102362,
6.649606 -5.440945 -1.102362,
6.649606 -5.559055 3.582677,
6.350394 -5.559055 3.582677,
6.350394 -5.440945 3.582677,
6.649606 -5.440945 3.582677,
7.484252 -5.748031 3.484252,
5.515748 -5.748031 3.484252,
5.515748 -5.629921 3.484252,
7.484252 -5.629921 3.484252,
7.484252 -5.748031 3.629921,
5.515748 -5.748031 3.629921,
5.515748 -5.629921 3.629921,
7.484252 -5.629921 3.629921,
7.484252 -5.370079 3.484252,
5.515748 -5.370079 3.484252,
5.515748 -5.251969 3.484252,
7.484252 -5.251969 3.484252,
7.484252 -5.370079 3.629921,
5.515748 -5.370079 3.629921,
5.515748 -5.251969 3.629921,
7.484252 -5.251969 3.629921,
6.649606 -4.559055 -1.102362,
6.350394 -4.559055 -1.102362,
6.350394 -4.440945 -1.102362,
6.649606 -4.440945 -1.102362,
6.649606 -4.559055 3.582677,
6.350394 -4.559055 3.582677,
6.350394 -4.440945 3.582677,
6.649606 -4.440945 3.582677,
7.484252 -4.748031 3.484252,
5.515748 -4.748031 3.484252,
5.515748 -4.629921 3.484252,
7.484252 -4.629921 3.484252,
7.484252 -4.748031 3.629921,
5.515748 -4.748031 3.629921,
5.515748 -4.629921 3.629921,
7.484252 -4.629921 3.629921,
7.484252 -4.370079 3.484252,
5.515748 -4.370079 3.484252,
5.515748 -4.251969 3.484252,
7.484252 -4.251969 3.484252,
7.484252 -4.370079 3.629921,
5.515748 -4.370079 3.629921,
5.515748 -4.251969 3.629921,
7.484252 -4.251969 3.629921,
6.649606 -3.559055 -1.102362,
6.350394 -3.559055 -1.102362,
6.350394 -3.440945 -1.102362,
6.649606 -3.440945 -1.102362,
6.649606 -3.559055 3.582677,
6.350394 -3.559055 3.582677,
6.350394 -3.440945 3.582677,
6.649606 -3.440945 3.582677,
7.484252 -3.748031 3.484252,
5.515748 -3.748031 3.484252,
5.515748 -3.629921 3.484252,
7.484252 -3.629921 3.484252,
7.484252 -3.748031 3.629921,
5.515748 -3.748031 3.629921,
5.515748 -3.629921 3.629921,
7.484252 -3.629921 3.629921,
7.484252 -3.370079 3.484252,
5.515748 -3.370079 3.484252,
5.515748 -3.251969 3.484252,
7.484252 -3.251969 3.484252,
7.484252 -3.370079 3.629921,
5.515748 -3.370079 3.629921,
5.515748 -3.251969 3.629921,
7.484252 -3.251969 3.629921,
6.649606 -2.559055 -1.102362,
6.350394 -2.559055 -1.102362,
6.350394 -2.440945 -1.102362,
6.649606 -2.440945 -1.102362,
6.649606 -2.559055 3.582677,
6.350394 -2.559055 3.582677,
6.350394 -2.440945 3.582677,
6.649606 -2.440945 3.582677,
7.484252 -2.748031 3.484252,
5.515748 -2.748031 3.484252,
5.515748 -2.629921 3.484252,
7.484252 -2.629921 3.484252,
7.484252 -2.748031 3.629921,
5.515748 -2.748031 3.629921,
5.515748 -2.629921 3.629921,
7.484252 -2.629921 3.629921,
7.484252 -2.370079 3.484252,
5.515748 -2.370079 3.484252,
5.515748 -2.251969 3.484252,
7.484252 -2.251969 3.484252,
7.484252 -2.370079 3.629921,
5.515748 -2.370079 3.629921,
5.515748 -2.251969 3.629921,
7.484252 -2.251969 3.629921,
6.649606 -1.559055 -1.102362,
6.350394 -1.559055 -1.102362,
6.350394 -1.440945 -1.102362,
6.649606 -1.440945 -1.102362,
6.649606 -1.559055 3.582677,
6.350394 -1.559055 3.582677,
6.350394 -1.440945 3.582677,
6.649606 -1.440945 3.582677,
7.484252 -1.748031 3.484252,
5.515748 -1.748031 3.484252,
5.515748 -1.629921 3.484252,
7.484252 -1.629921 3.484252,
7.484252 -1.748031 3.629921,
5.515748 -1.748031 3.629921,
5.515748 -1.629921 3.629921,
7.484252 -1.629921 3.629921,
7.484252 -1.370079 3.484252,
5.515748 -1.370079 3.484252,
5.515748 -1.251969 3.484252,
7.484252 -1.251969 3.484252,
7.484252 -1.370079 3.629921,
5.515748 -1.370079 3.629921,
5.515748 -1.251969 3.629921,
7.484252 -1.251969 3.629921,
6.649606 -0.559055 -1.102362,
6.350394 -0.559055 -1.102362,
6.350394 -0.440945 -1.102362,
6.649606 -0.440945 -1.102362,
6.649606 -0.559055 3.582677,
6.350394 -0.559055 3.582677,
6.350394 -0.440945 3.582677,
6.649606 -0.440945 3.582677,
7.484252 -0.748031 3.484252,
5.515748 -0.748031 3.484252,
5.515748 -0.629921 3.484252,
7.484252 -0.629921 3.484252,
7.484252 -0.748031 3.629921,
5.515748 -0.748031 3.629921,
5.515748 -0.629921 3.629921,
7.484252 -0.629921 3.629921,
7.484252 -0.370079 3.484252,
5.515748 -0.370079 3.484252,
5.515748 -0.251969 3.484252,
7.484252 -0.251969 3.484252,
7.484252 -0.370079 3.629921,
5.515748 -0.370079 3.629921,
5.515748 -0.251969 3.629921,
7.484252 -0.251969 3.629921,
6.649606 0.440945 -1.102362,
6.350394 0.440945 -1.102362,
6.350394 0.559055 -1.102362,
6.649606 0.559055 -1.102362,
6.649606 0.440945 3.582677,
6.350394 0.440945 3.582677,
6.350394 0.559055 3.582677,
6.649606 0.559055 3.582677,
7.484252 0.251969 3.484252,
5.515748 0.251969 3.484252,
5.515748 0.370079 3.484252,
7.484252 0.370079 3.484252,
7.484252 0.251969 3.629921,
5.515748 0.251969 3.629921,
5.515748 0.370079 3.629921,
7.484252 0.370079 3.629921,
7.484252 0.629921 3.484252,
5.515748 0.629921 3.484252,
5.515748 0.748031 3.484252,
7.484252 0.748031 3.484252,
7.484252 0.629921 3.629921,
5.515748 0.629921 3.629921,
5.515748 0.748031 3.629921,
7.484252 0.748031 3.629921,
6.649606 1.440945 -1.102362,
6.350394 1.440945 -1.102362,
6.350394 1.559055 -1.102362,
6.649606 1.559055 -1.102362,
6.649606 1.440945 3.582677,
6.350394 1.440945 3.582677,
6.350394 1.559055 3.582677,
6.649606 1.559055 3.582677,
7.484252 1.251969 3.484252,
5.515748 1.251969 3.484252,
5.515748 1.370079 3.484252,
7.484252 1.370079 3.484252,
7.484252 1.251969 3.629921,
5.515748 1.251969 3.629921,
5.515748 1.370079 3.629921,
7.484252 1.370079 3.629921,
7.484252 1.629921 3.484252,
5.515748 1.629921 3.484252,
5.515748 1.748031 3.484252,
7.484252 1.748031 3.484252,
7.484252 1.629921 3.629921,
5.515748 1.629921 3.629921,
5.515748 1.748031 3.629921,
7.484252 1.748031 3.629921,
6.649606 2.440945 -1.102362,
6.350394 2.440945 -1.102362,
6.350394 2.559055 -1.102362,
6.649606 2.559055 -1.102362,
6.649606 2.440945 3.582677,
6.350394 2.440945 3.582677,
6.350394 2.559055 3.582677,
6.649606 2.559055 3.582677,
7.484252 2.251969 3.484252,
5.515748 2.251969 3.484252,
5.515748 2.370079 3.484252,
7.484252 2.370079 3.484252,
7.484252 2.251969 3.629921,
5.515748 2.251969 3.629921,
5.515748 2.370079 3.629921,
7.484252 2.370079 3.629921,
7.484252 2.629921 3.484252,
5.515748 2.629921 3.484252,
5.515748 2.748031 3.484252,
7.484252 2.748031 3.484252,
7.484252 2.629921 3.629921,
5.515748 2.629921 3.629921,
5.515748 2.748031 3.629921,
7.484252 2.748031 3.629921,
6.649606 3.440945 -1.102362,
6.350394 3.440945 -1.102362,
6.350394 3.559055 -1.102362,
6.649606 3.559055 -1.102362,
6.649606 3.440945 3.582677,
6.350394 3.440945 3.582677,
6.350394 3.559055 3.582677,
6.649606 3.559055 3.582677,
7.484252 3.251969 3.484252,
5.515748 3.251969 3.484252,
5.515748 3.370079 3.484252,
7.484252 3.370079 3.484252,
7.484252 3.251969 3.629921,
5.515748 3.251969 3.629921,
5.515748 3.370079 3.629921,
7.484252 3.370079 3.629921,
7.484252 3.629921 3.484252,
5.515748 3.629921 3.484252,
5.515748 3.748031 3.484252,
7.484252 3.748031 3.484252,
7.484252 3.629921 3.629921,
5.515748 3.629921 3.629921,
5.515748 3.748031 3.629921,
7.484252 3.748031 3.629921,
6.649606 4.440945 -1.102362,
6.350394 4.440945 -1.102362,
6.350394 4.559055 -1.102362,
6.649606 4.559055 -1.102362,
6.649606 4.440945 3.582677,
6.350394 4.440945 3.582677,
6.350394 4.559055 3.582677,
6.649606 4.559055 3.582677,
7.484252 4.251969 3.484252,
5.515748 4.251969 3.484252,
5.515748 4.370079 3.484252,
7.484252 4.370079 3.484252,
7.484252 4.251969 3.629921,
5.515748 4.251969 3.629921,
5.515748 4.370079 3.629921,
7.484252 4.370079 3.629921,
7.484252 4.629921 3.484252,
5.515748 4.629921 3.484252,
5.515748 4.748031 3.484252,
7.484252 4.748031 3.484252,
7.484252 4.629921 3.629921,
5.515748 4.629921 3.629921,
5.515748 4.748031 3.629921,
7.484252 4.748031 3.629921,
6.649606 5.440945 -1.102362,
6.350394 5.440945 -1.102362,
6.350394 5.559055 -1.102362,
6.649606 5.559055 -1.102362,
6.649606 5.440945 3.582677,
6.350394 5.440945 3.582677,
6.350394 5.559055 3.582677,
6.649606 5.559055 3.582677,
7.484252 5.251969 3.484252,
5.515748 5.251969 3.484252,
5.515748 5.370079 3.484252,
7.484252 5.370079 3.484252,
7.484252 5.251969 3.629921,
5.515748 5.251969 3.629921,
5.515748 5.370079 3.629921,
7.484252 5.370079 3.629921,
7.484252 5.629921 3.484252,
5.515748 5.629921 3.484252,
5.515748 5.748031 3.484252,
7.484252 5.748031 3.484252,
7.484252 5.629921 3.629921,
5.515748 5.629921 3.629921,
5.515748 5.748031 3.629921,
7.484252 5.748031 3.629921,
6.649606 6.440945 -1.102362,
6.350394 6.440945 -1.102362,
6.350394 6.559055 -1.102362,
6.649606 6.559055 -1.102362,
6.649606 6.440945 3.582677,
6.350394 6.440945 3.582677,
6.350394 6.559055 3.582677,
6.649606 6.559055 3.582677,
7.484252 6.251969 3.484252,
5.515748 6.251969 3.484252,
5.515748 6.370079 3.484252,
7.484252 6.370079 3.484252,
7.484252 6.251969 3.629921,
5.515748 6.251969 3.629921,
5.515748 6.370079 3.629921,
7.484252 6.370079 3.629921,
7.484252 6.629921 3.484252,
5.515748 6.629921 3.484252,
5.515748 6.748031 3.484252,
7.484252 6.748031 3.484252,
7.484252 6.629921 3.629921,
5.515748 6.629921 3.629921,
5.515748 6.748031 3.629921,
7.484252 6.748031 3.629921,
6.649606 7.440945 -1.102362,
6.350394 7.440945 -1.102362,
6.350394 7.559055 -1.102362,
6.649606 7.559055 -1.102362,
6.649606 7.440945 3.582677,
6.350394 7.440945 3.582677,
6.350394 7.559055 3.582677,
6.649606 7.559055 3.582677,
7.484252 7.251969 3.484252,
5.515748 7.251969 3.484252,
5.515748 7.370079 3.484252,
7.484252 7.370079 3.484252,
7.484252 7.251969 3.629921,
5.515748 7.251969 3.629921,
5.515748 7.370079 3.629921,
7.484252 7.370079 3.629921,
7.484252 7.629921 3.484252,
5.515748 7.629921 3.484252,
5.515748 7.748031 3.484252,
7.484252 7.748031 3.484252,
7.484252 7.629921 3.629921,
5.515748 7.629921 3.629921,
5.515748 7.748031 3.629921,
7.484252 7.748031 3.629921,
6.649606 8.440945 -1.102362,
6.350394 8.440945 -1.102362,
6.350394 8.559055 -1.102362,
6.649606 8.559055 -1.102362,
6.649606 8.440945 3.582677,
6.350394 8.440945 3.582677,
6.350394 8.559055 3.582677,
6.649606 8.559055 3.582677,
7.484252 8.251969 3.484252,
5.515748 8.251969 3.484252,
5.515748 8.370079 3.484252,
7.484252 8.370079 3.484252,
7.484252 8.251969 3.629921,
5.515748 8.251969 3.629921,
5.515748 8.370079 3.629921,
7.484252 8.370079 3.629921,
7.484252 8.629921 3.484252,
5.515748 8.629921 3.484252,
5.515748 8.748031 3.484252,
7.484252 8.748031 3.484252,
7.484252 8.629921 3.629921,
5.515748 8.629921 3.629921,
5.515748 8.748031 3.629921,
7.484252 8.748031 3.629921,
6.649606 9.440945 -1.102362,
6.350394 9.440945 -1.102362,
6.350394 9.559055 -1.102362,
6.649606 9.559055 -1.102362,
6.649606 9.440945 3.582677,
6.350394 9.440945 3.582677,
6.350394 9.559055 3.582677,
6.649606 9.559055 3.582677,
7.484252 9.251969 3.484252,
5.515748 9.251969 3.484252,
5.515748 9.370079 3.484252,
7.484252 9.370079 3.484252,
7.484252 9.251969 3.629921,
5.515748 9.251969 3.629921,
5.515748 9.370079 3.629921,
7.484252 9.370079 3.629921,
7.484252 9.629921 3.484252,
5.515748 9.629921 3.484252,
5.515748 9.748031 3.484252,
7.484252 9.748031 3.484252,
7.484252 9.629921 3.629921,
5.515748 9.629921 3.629921,
5.515748 9.748031 3.629921,
7.484252 9.748031 3.629921,
6.649606 10.440945 -1.102362,
6.350394 10.440945 -1.102362,
6.350394 10.559055 -1.102362,
6.649606 10.559055 -1.102362,
6.649606 10.440945 3.582677,
6.350394 10.440945 3.582677,
6.350394 10.559055 3.582677,
6.649606 10.559055 3.582677,
7.484252 10.251969 3.484252,
5.515748 10.251969 3.484252,
5.515748 10.370079 3.484252,
7.484252 10.370079 3.484252,
7.484252 10.251969 3.629921,
5.515748 10.251969 3.629921,
5.515748 10.370079 3.629921,
7.484252 10.370079 3.629921,
7.484252 10.629921 3.484252,
5.515748 10.629921 3.484252,
5.515748 10.748031 3.484252,
7.484252 10.748031 3.484252,
7.484252 10.629921 3.629921,
5.515748 10.629921 3.629921,
5.515748 10.748031 3.629921,
7.484252 10.748031 3.629921,
6.649606 11.440945 -1.102362,
6.350394 11.440945 -1.102362,
6.350394 11.559055 -1.102362,
6.649606 11.559055 -1.102362,
6.649606 11.440945 3.582677,
6.350394 11.440945 3.582677,
6.350394 11.559055 3.582677,
6.649606 11.559055 3.582677,
7.484252 11.251969 3.484252,
5.515748 11.251969 3.484252,
5.515748 11.370079 3.484252,
7.484252 11.370079 3.484252,
7.484252 11.251969 3.629921,
5.515748 11.251969 3.629921,
5.515748 11.370079 3.629921,
7.484252 11.370079 3.629921,
7.484252 11.629921 3.484252,
5.515748 11.629921 3.484252,
5.515748 11.748031 3.484252,
7.484252 11.748031 3.484252,
7.484252 11.629921 3.629921,
5.515748 11.629921 3.629921,
5.515748 11.748031 3.629921,
7.484252 11.748031 3.629921,
6.649606 12.440945 -1.102362,
6.350394 12.440945 -1.102362,
6.350394 12.559055 -1.102362,
6.649606 12.559055 -1.102362,
6.649606 12.440945 3.582677,
6.350394 12.440945 3.582677,
6.350394 12.559055 3.582677,
6.649606 12.559055 3.582677,
7.484252 12.251969 3.484252,
5.515748 12.251969 3.484252,
5.515748 12.370079 3.484252,
7.484252 12.370079 3.484252,
7.484252 12.251969 3.629921,
5.515748 12.251969 3.629921,
5.515748 12.370079 3.629921,
7.484252 12.370079 3.629921,
7.484252 12.629921 3.484252,
5.515748 12.629921 3.484252,
5.515748 12.748031 3.484252,
7.484252 12.748031 3.484252,
7.484252 12.629921 3.629921,
5.515748 12.629921 3.629921,
5.515748 12.748031 3.629921,
7.484252 12.748031 3.629921,
6.649606 13.440945 -1.102362,
6.350394 13.440945 -1.102362,
6.350394 13.559055 -1.102362,
6.649606 13.559055 -1.102362,
6.649606 13.440945 3.582677,
6.350394 13.440945 3.582677,
6.350394 13.559055 3.582677,
6.649606 13.559055 3.582677,
7.484252 13.251969 3.484252,
5.515748 13.251969 3.484252,
5.515748 13.370079 3.484252,
7.484252 13.370079 3.484252,
7.484252 13.251969 3.629921,
5.515748 13.251969 3.629921,
5.515748 13.370079 3.629921,
7.484252 13.370079 3.629921,
7.484252 13.629921 3.484252,
5.515748 13.629921 3.484252,
5.515748 13.748031 3.484252,
7.484252 13.748031 3.484252,
7.484252 13.629921 3.629921,
5.515748 13.629921 3.629921,
5.515748 13.748031 3.629921,
7.484252 13.748031 3.629921,
6.649606 14.440945 -1.102362,
6.350394 14.440945 -1.102362,
6.350394 14.559055 -1.102362,
6.649606 14.559055 -1.102362,
6.649606 14.440945 3.582677,
6.350394 14.440945 3.582677,
6.350394 14.559055 3.582677,
6.649606 14.559055 3.582677,
7.484252 14.251969 3.484252,
5.515748 14.251969 3.484252,
5.515748 14.370079 3.484252,
7.484252 14.370079 3.484252,
7.484252 14.251969 3.629921,
5.515748 14.251969 3.629921,
5.515748 14.370079 3.629921,
7.484252 14.370079 3.629921,
7.484252 14.629921 3.484252,
5.515748 14.629921 3.484252,
5.515748 14.748031 3.484252,
7.484252 14.748031 3.484252,
7.484252 14.629921 3.629921,
5.515748 14.629921 3.629921,
5.515748 14.748031 3.629921,
7.484252 14.748031 3.629921,
6.649606 15.440945 -1.102362,
6.350394 15.440945 -1.102362,
6.350394 15.559055 -1.102362,
6.649606 15.559055 -1.102362,
6.649606 15.440945 3.582677,
6.350394 15.440945 3.582677,
6.350394 15.559055 3.582677,
6.649606 15.559055 3.582677,
7.484252 15.251969 3.484252,
5.515748 15.251969 3.484252,
5.515748 15.370079 3.484252,
7.484252 15.370079 3.484252,
7.484252 15.251969 3.629921,
5.515748 15.251969 3.629921,
5.515748 15.370079 3.629921,
7.484252 15.370079 3.629921,
7.484252 15.629921 3.484252,
5.515748 15.629921 3.484252,
5.515748 15.748031 3.484252,
7.484252 15.748031 3.484252,
7.484252 15.629921 3.629921,
5.515748 15.629921 3.629921,
5.515748 15.748031 3.629921,
7.484252 15.748031 3.629921,
] } coordIndex [
0,1,2,3,-1,
4,5,1,0,-1,
5,6,2,1,-1,
6,7,3,2,-1,
7,4,0,3,-1,
7,6,5,4,-1,
8,9,10,11,-1,
12,13,9,8,-1,
13,14,10,9,-1,
14,15,11,10,-1,
15,12,8,11,-1,
15,14,13,12,-1,
16,17,18,19,-1,
20,21,17,16,-1,
21,22,18,17,-1,
22,23,19,18,-1,
23,20,16,19,-1,
23,22,21,20,-1,
24,25,26,27,-1,
28,29,25,24,-1,
29,30,26,25,-1,
30,31,27,26,-1,
31,28,24,27,-1,
31,30,29,28,-1,
32,33,34,35,-1,
36,37,33,32,-1,
37,38,34,33,-1,
38,39,35,34,-1,
39,36,32,35,-1,
39,38,37,36,-1,
40,41,42,43,-1,
44,45,41,40,-1,
45,46,42,41,-1,
46,47,43,42,-1,
47,44,40,43,-1,
47,46,45,44,-1,
48,49,50,51,-1,
52,53,49,48,-1,
53,54,50,49,-1,
54,55,51,50,-1,
55,52,48,51,-1,
55,54,53,52,-1,
56,57,58,59,-1,
60,61,57,56,-1,
61,62,58,57,-1,
62,63,59,58,-1,
63,60,56,59,-1,
63,62,61,60,-1,
64,65,66,67,-1,
68,69,65,64,-1,
69,70,66,65,-1,
70,71,67,66,-1,
71,68,64,67,-1,
71,70,69,68,-1,
72,73,74,75,-1,
76,77,73,72,-1,
77,78,74,73,-1,
78,79,75,74,-1,
79,76,72,75,-1,
79,78,77,76,-1,
80,81,82,83,-1,
84,85,81,80,-1,
85,86,82,81,-1,
86,87,83,82,-1,
87,84,80,83,-1,
87,86,85,84,-1,
88,89,90,91,-1,
92,93,89,88,-1,
93,94,90,89,-1,
94,95,91,90,-1,
95,92,88,91,-1,
95,94,93,92,-1,
96,97,98,99,-1,
100,101,97,96,-1,
101,102,98,97,-1,
102,103,99,98,-1,
103,100,96,99,-1,
103,102,101,100,-1,
104,105,106,107,-1,
108,109,105,104,-1,
109,110,106,105,-1,
110,111,107,106,-1,
111,108,104,107,-1,
111,110,109,108,-1,
112,113,114,115,-1,
116,117,113,112,-1,
117,118,114,113,-1,
118,119,115,114,-1,
119,116,112,115,-1,
119,118,117,116,-1,
120,121,122,123,-1,
124,125,121,120,-1,
125,126,122,121,-1,
126,127,123,122,-1,
127,124,120,123,-1,
127,126,125,124,-1,
128,129,130,131,-1,
132,133,129,128,-1,
133,134,130,129,-1,
134,135,131,130,-1,
135,132,128,131,-1,
135,134,133,132,-1,
136,137,138,139,-1,
140,141,137,136,-1,
141,142,138,137,-1,
142,143,139,138,-1,
143,140,136,139,-1,
143,142,141,140,-1,
144,145,146,147,-1,
148,149,145,144,-1,
149,150,146,145,-1,
150,151,147,146,-1,
151,148,144,147,-1,
151,150,149,148,-1,
152,153,154,155,-1,
156,157,153,152,-1,
157,158,154,153,-1,
158,159,155,154,-1,
159,156,152,155,-1,
159,158,157,156,-1,
160,161,162,163,-1,
164,165,161,160,-1,
165,166,162,161,-1,
166,167,163,162,-1,
167,164,160,163,-1,
167,166,165,164,-1,
168,169,170,171,-1,
172,173,169,168,-1,
173,174,170,169,-1,
174,175,171,170,-1,
175,172,168,171,-1,
175,174,173,172,-1,
176,177,178,179,-1,
180,181,177,176,-1,
181,182,178,177,-1,
182,183,179,178,-1,
183,180,176,179,-1,
183,182,181,180,-1,
184,185,186,187,-1,
188,189,185,184,-1,
189,190,186,185,-1,
190,191,187,186,-1,
191,188,184,187,-1,
191,190,189,188,-1,
192,193,194,195,-1,
196,197,193,192,-1,
197,198,194,193,-1,
198,199,195,194,-1,
199,196,192,195,-1,
199,198,197,196,-1,
200,201,202,203,-1,
204,205,201,200,-1,
205,206,202,201,-1,
206,207,203,202,-1,
207,204,200,203,-1,
207,206,205,204,-1,
208,209,210,211,-1,
212,213,209,208,-1,
213,214,210,209,-1,
214,215,211,210,-1,
215,212,208,211,-1,
215,214,213,212,-1,
216,217,218,219,-1,
220,221,217,216,-1,
221,222,218,217,-1,
222,223,219,218,-1,
223,220,216,219,-1,
223,222,221,220,-1,
224,225,226,227,-1,
228,229,225,224,-1,
229,230,226,225,-1,
230,231,227,226,-1,
231,228,224,227,-1,
231,230,229,228,-1,
232,233,234,235,-1,
236,237,233,232,-1,
237,238,234,233,-1,
238,239,235,234,-1,
239,236,232,235,-1,
239,238,237,236,-1,
240,241,242,243,-1,
244,245,241,240,-1,
245,246,242,241,-1,
246,247,243,242,-1,
247,244,240,243,-1,
247,246,245,244,-1,
248,249,250,251,-1,
252,253,249,248,-1,
253,254,250,249,-1,
254,255,251,250,-1,
255,252,248,251,-1,
255,254,253,252,-1,
256,257,258,259,-1,
260,261,257,256,-1,
261,262,258,257,-1,
262,263,259,258,-1,
263,260,256,259,-1,
263,262,261,260,-1,
264,265,266,267,-1,
268,269,265,264,-1,
269,270,266,265,-1,
270,271,267,266,-1,
271,268,264,267,-1,
271,270,269,268,-1,
272,273,274,275,-1,
276,277,273,272,-1,
277,278,274,273,-1,
278,279,275,274,-1,
279,276,272,275,-1,
279,278,277,276,-1,
280,281,282,283,-1,
284,285,281,280,-1,
285,286,282,281,-1,
286,287,283,282,-1,
287,284,280,283,-1,
287,286,285,284,-1,
288,289,290,291,-1,
292,293,289,288,-1,
293,294,290,289,-1,
294,295,291,290,-1,
295,292,288,291,-1,
295,294,293,292,-1,
296,297,298,299,-1,
300,301,297,296,-1,
301,302,298,297,-1,
302,303,299,298,-1,
303,300,296,299,-1,
303,302,301,300,-1,
304,305,306,307,-1,
308,309,305,304,-1,
309,310,306,305,-1,
310,311,307,306,-1,
311,308,304,307,-1,
311,310,309,308,-1,
312,313,314,315,-1,
316,317,313,312,-1,
317,318,314,313,-1,
318,319,315,314,-1,
319,316,312,315,-1,
319,318,317,316,-1,
320,321,322,323,-1,
324,325,321,320,-1,
325,326,322,321,-1,
326,327,323,322,-1,
327,324,320,323,-1,
327,326,325,324,-1,
328,329,330,331,-1,
332,333,329,328,-1,
333,334,330,329,-1,
334,335,331,330,-1,
335,332,328,331,-1,
335,334,333,332,-1,
336,337,338,339,-1,
340,341,337,336,-1,
341,342,338,337,-1,
342,343,339,338,-1,
343,340,336,339,-1,
343,342,341,340,-1,
344,345,346,347,-1,
348,349,345,344,-1,
349,350,346,345,-1,
350,351,347,346,-1,
351,348,344,347,-1,
351,350,349,348,-1,
352,353,354,355,-1,
356,357,353,352,-1,
357,358,354,353,-1,
358,359,355,354,-1,
359,356,352,355,-1,
359,358,357,356,-1,
360,361,362,363,-1,
364,365,361,360,-1,
365,366,362,361,-1,
366,367,363,362,-1,
367,364,360,363,-1,
367,366,365,364,-1,
368,369,370,371,-1,
372,373,369,368,-1,
373,374,370,369,-1,
374,375,371,370,-1,
375,372,368,371,-1,
375,374,373,372,-1,
376,377,378,379,-1,
380,381,377,376,-1,
381,382,378,377,-1,
382,383,379,378,-1,
383,380,376,379,-1,
383,382,381,380,-1,
384,385,386,387,-1,
388,389,385,384,-1,
389,390,386,385,-1,
390,391,387,386,-1,
391,388,384,387,-1,
391,390,389,388,-1,
392,393,394,395,-1,
396,397,393,392,-1,
397,398,394,393,-1,
398,399,395,394,-1,
399,396,392,395,-1,
399,398,397,396,-1,
400,401,402,403,-1,
404,405,401,400,-1,
405,406,402,401,-1,
406,407,403,402,-1,
407,404,400,403,-1,
407,406,405,404,-1,
408,409,410,411,-1,
412,413,409,408,-1,
413,414,410,409,-1,
414,415,411,410,-1,
415,412,408,411,-1,
415,414,413,412,-1,
416,417,418,419,-1,
420,421,417,416,-1,
421,422,418,417,-1,
422,423,419,418,-1,
423,420,416,419,-1,
423,422,421,420,-1,
424,425,426,427,-1,
428,429,425,424,-1,
429,430,426,425,-1,
430,431,427,426,-1,
431,428,424,427,-1,
431,430,429,428,-1,
432,433,434,435,-1,
436,437,433,432,-1,
437,438,434,433,-1,
438,439,435,434,-1,
439,436,432,435,-1,
439,438,437,436,-1,
440,441,442,443,-1,
444,445,441,440,-1,
445,446,442,441,-1,
446,447,443,442,-1,
447,444,440,443,-1,
447,446,445,444,-1,
448,449,450,451,-1,
452,453,449,448,-1,
453,454,450,449,-1,
454,455,451,450,-1,
455,452,448,451,-1,
455,454,453,452,-1,
456,457,458,459,-1,
460,461,457,456,-1,
461,462,458,457,-1,
462,463,459,458,-1,
463,460,456,459,-1,
463,462,461,460,-1,
464,465,466,467,-1,
468,469,465,464,-1,
469,470,466,465,-1,
470,471,467,466,-1,
471,468,464,467,-1,
471,470,469,468,-1,
472,473,474,475,-1,
476,477,473,472,-1,
477,478,474,473,-1,
478,479,475,474,-1,
479,476,472,475,-1,
479,478,477,476,-1,
480,481,482,483,-1,
484,485,481,480,-1,
485,486,482,481,-1,
486,487,483,482,-1,
487,484,480,483,-1,
487,486,485,484,-1,
488,489,490,491,-1,
492,493,489,488,-1,
493,494,490,489,-1,
494,495,491,490,-1,
495,492,488,491,-1,
495,494,493,492,-1,
496,497,498,499,-1,
500,501,497,496,-1,
501,502,498,497,-1,
502,503,499,498,-1,
503,500,496,499,-1,
503,502,501,500,-1,
504,505,506,507,-1,
508,509,505,504,-1,
509,510,506,505,-1,
510,511,507,506,-1,
511,508,504,507,-1,
511,510,509,508,-1,
512,513,514,515,-1,
516,517,513,512,-1,
517,518,514,513,-1,
518,519,515,514,-1,
519,516,512,515,-1,
519,518,517,516,-1,
520,521,522,523,-1,
524,525,521,520,-1,
525,526,522,521,-1,
526,527,523,522,-1,
527,524,520,523,-1,
527,526,525,524,-1,
528,529,530,531,-1,
532,533,529,528,-1,
533,534,530,529,-1,
534,535,531,530,-1,
535,532,528,531,-1,
535,534,533,532,-1,
536,537,538,539,-1,
540,541,537,536,-1,
541,542,538,537,-1,
542,543,539,538,-1,
543,540,536,539,-1,
543,542,541,540,-1,
544,545,546,547,-1,
548,549,545,544,-1,
549,550,546,545,-1,
550,551,547,546,-1,
551,548,544,547,-1,
551,550,549,548,-1,
552,553,554,555,-1,
556,557,553,552,-1,
557,558,554,553,-1,
558,559,555,554,-1,
559,556,552,555,-1,
559,558,557,556,-1,
560,561,562,563,-1,
564,565,561,560,-1,
565,566,562,561,-1,
566,567,563,562,-1,
567,564,560,563,-1,
567,566,565,564,-1,
568,569,570,571,-1,
572,573,569,568,-1,
573,574,570,569,-1,
574,575,571,570,-1,
575,572,568,571,-1,
575,574,573,572,-1,
576,577,578,579,-1,
580,581,577,576,-1,
581,582,578,577,-1,
582,583,579,578,-1,
583,580,576,579,-1,
583,582,581,580,-1,
584,585,586,587,-1,
588,589,585,584,-1,
589,590,586,585,-1,
590,591,587,586,-1,
591,588,584,587,-1,
591,590,589,588,-1,
592,593,594,595,-1,
596,597,593,592,-1,
597,598,594,593,-1,
598,599,595,594,-1,
599,596,592,595,-1,
599,598,597,596,-1,
600,601,602,603,-1,
604,605,601,600,-1,
605,606,602,601,-1,
606,607,603,602,-1,
607,604,600,603,-1,
607,606,605,604,-1,
608,609,610,611,-1,
612,613,609,608,-1,
613,614,610,609,-1,
614,615,611,610,-1,
615,612,608,611,-1,
615,614,613,612,-1,
616,617,618,619,-1,
620,621,617,616,-1,
621,622,618,617,-1,
622,623,619,618,-1,
623,620,616,619,-1,
623,622,621,620,-1,
624,625,626,627,-1,
628,629,625,624,-1,
629,630,626,625,-1,
630,631,627,626,-1,
631,628,624,627,-1,
631,630,629,628,-1,
632,633,634,635,-1,
636,637,633,632,-1,
637,638,634,633,-1,
638,639,635,634,-1,
639,636,632,635,-1,
639,638,637,636,-1,
640,641,642,643,-1,
644,645,641,640,-1,
645,646,642,641,-1,
646,647,643,642,-1,
647,644,640,643,-1,
647,646,645,644,-1,
648,649,650,651,-1,
652,653,649,648,-1,
653,654,650,649,-1,
654,655,651,650,-1,
655,652,648,651,-1,
655,654,653,652,-1,
656,657,658,659,-1,
660,661,657,656,-1,
661,662,658,657,-1,
662,663,659,658,-1,
663,660,656,659,-1,
663,662,661,660,-1,
664,665,666,667,-1,
668,669,665,664,-1,
669,670,666,665,-1,
670,671,667,666,-1,
671,668,664,667,-1,
671,670,669,668,-1,
672,673,674,675,-1,
676,677,673,672,-1,
677,678,674,673,-1,
678,679,675,674,-1,
679,676,672,675,-1,
679,678,677,676,-1,
680,681,682,683,-1,
684,685,681,680,-1,
685,686,682,681,-1,
686,687,683,682,-1,
687,684,680,683,-1,
687,686,685,684,-1,
688,689,690,691,-1,
692,693,689,688,-1,
693,694,690,689,-1,
694,695,691,690,-1,
695,692,688,691,-1,
695,694,693,692,-1,
696,697,698,699,-1,
700,701,697,696,-1,
701,702,698,697,-1,
702,703,699,698,-1,
703,700,696,699,-1,
703,702,701,700,-1,
704,705,706,707,-1,
708,709,705,704,-1,
709,710,706,705,-1,
710,711,707,706,-1,
711,708,704,707,-1,
711,710,709,708,-1,
712,713,714,715,-1,
716,717,713,712,-1,
717,718,714,713,-1,
718,719,715,714,-1,
719,716,712,715,-1,
719,718,717,716,-1,
720,721,722,723,-1,
724,725,721,720,-1,
725,726,722,721,-1,
726,727,723,722,-1,
727,724,720,723,-1,
727,726,725,724,-1,
728,729,730,731,-1,
732,733,729,728,-1,
733,734,730,729,-1,
734,735,731,730,-1,
735,732,728,731,-1,
735,734,733,732,-1,
736,737,738,739,-1,
740,741,737,736,-1,
741,742,738,737,-1,
742,743,739,738,-1,
743,740,736,739,-1,
743,742,741,740,-1,
744,745,746,747,-1,
748,749,745,744,-1,
749,750,746,745,-1,
750,751,747,746,-1,
751,748,744,747,-1,
751,750,749,748,-1,
752,753,754,755,-1,
756,757,753,752,-1,
757,758,754,753,-1,
758,759,755,754,-1,
759,756,752,755,-1,
759,758,757,756,-1,
760,761,762,763,-1,
764,765,761,760,-1,
765,766,762,761,-1,
766,767,763,762,-1,
767,764,760,763,-1,
767,766,765,764,-1,
768,769,770,771,-1,
772,773,769,768,-1,
773,774,770,769,-1,
774,775,771,770,-1,
775,772,768,771,-1,
775,774,773,772,-1,
776,777,778,779,-1,
780,781,777,776,-1,
781,782,778,777,-1,
782,783,779,778,-1,
783,780,776,779,-1,
783,782,781,780,-1,
784,785,786,787,-1,
788,789,785,784,-1,
789,790,786,785,-1,
790,791,787,786,-1,
791,788,784,787,-1,
791,790,789,788,-1,
792,793,794,795,-1,
796,797,793,792,-1,
797,798,794,793,-1,
798,799,795,794,-1,
799,796,792,795,-1,
799,798,797,796,-1,
800,801,802,803,-1,
804,805,801,800,-1,
805,806,802,801,-1,
806,807,803,802,-1,
807,804,800,803,-1,
807,806,805,804,-1,
808,809,810,811,-1,
812,813,809,808,-1,
813,814,810,809,-1,
814,815,811,810,-1,
815,812,808,811,-1,
815,814,813,812,-1,
816,817,818,819,-1,
820,821,817,816,-1,
821,822,818,817,-1,
822,823,819,818,-1,
823,820,816,819,-1,
823,822,821,820,-1,
824,825,826,827,-1,
828,829,825,824,-1,
829,830,826,825,-1,
830,831,827,826,-1,
831,828,824,827,-1,
831,830,829,828,-1,
832,833,834,835,-1,
836,837,833,832,-1,
837,838,834,833,-1,
838,839,835,834,-1,
839,836,832,835,-1,
839,838,837,836,-1,
840,841,842,843,-1,
844,845,841,840,-1,
845,846,842,841,-1,
846,847,843,842,-1,
847,844,840,843,-1,
847,846,845,844,-1,
848,849,850,851,-1,
852,853,849,848,-1,
853,854,850,849,-1,
854,855,851,850,-1,
855,852,848,851,-1,
855,854,853,852,-1,
856,857,858,859,-1,
860,861,857,856,-1,
861,862,858,857,-1,
862,863,859,858,-1,
863,860,856,859,-1,
863,862,861,860,-1,
864,865,866,867,-1,
868,869,865,864,-1,
869,870,866,865,-1,
870,871,867,866,-1,
871,868,864,867,-1,
871,870,869,868,-1,
872,873,874,875,-1,
876,877,873,872,-1,
877,878,874,873,-1,
878,879,875,874,-1,
879,876,872,875,-1,
879,878,877,876,-1,
880,881,882,883,-1,
884,885,881,880,-1,
885,886,882,881,-1,
886,887,883,882,-1,
887,884,880,883,-1,
887,886,885,884,-1,
888,889,890,891,-1,
892,893,889,888,-1,
893,894,890,889,-1,
894,895,891,890,-1,
895,892,888,891,-1,
895,894,893,892,-1,
896,897,898,899,-1,
900,901,897,896,-1,
901,902,898,897,-1,
902,903,899,898,-1,
903,900,896,899,-1,
903,902,901,900,-1,
904,905,906,907,-1,
908,909,905,904,-1,
909,910,906,905,-1,
910,911,907,906,-1,
911,908,904,907,-1,
911,910,909,908,-1,
912,913,914,915,-1,
916,917,913,912,-1,
917,918,914,913,-1,
918,919,915,914,-1,
919,916,912,915,-1,
919,918,917,916,-1,
920,921,922,923,-1,
924,925,921,920,-1,
925,926,922,921,-1,
926,927,923,922,-1,
927,924,920,923,-1,
927,926,925,924,-1,
928,929,930,931,-1,
932,933,929,928,-1,
933,934,930,929,-1,
934,935,931,930,-1,
935,932,928,931,-1,
935,934,933,932,-1,
936,937,938,939,-1,
940,941,937,936,-1,
941,942,938,937,-1,
942,943,939,938,-1,
943,940,936,939,-1,
943,942,941,940,-1,
944,945,946,947,-1,
948,949,945,944,-1,
949,950,946,945,-1,
950,951,947,946,-1,
951,948,944,947,-1,
951,950,949,948,-1,
952,953,954,955,-1,
956,957,953,952,-1,
957,958,954,953,-1,
958,959,955,954,-1,
959,956,952,955,-1,
959,958,957,956,-1,
960,961,962,963,-1,
964,965,961,960,-1,
965,966,962,961,-1,
966,967,963,962,-1,
967,964,960,963,-1,
967,966,965,964,-1,
968,969,970,971,-1,
972,973,969,968,-1,
973,974,970,969,-1,
974,975,971,970,-1,
975,972,968,971,-1,
975,974,973,972,-1,
976,977,978,979,-1,
980,981,977,976,-1,
981,982,978,977,-1,
982,983,979,978,-1,
983,980,976,979,-1,
983,982,981,980,-1,
984,985,986,987,-1,
988,989,985,984,-1,
989,990,986,985,-1,
990,991,987,986,-1,
991,988,984,987,-1,
991,990,989,988,-1,
992,993,994,995,-1,
996,997,993,992,-1,
997,998,994,993,-1,
998,999,995,994,-1,
999,996,992,995,-1,
999,998,997,996,-1,
1000,1001,1002,1003,-1,
1004,1005,1001,1000,-1,
1005,1006,1002,1001,-1,
1006,1007,1003,1002,-1,
1007,1004,1000,1003,-1,
1007,1006,1005,1004,-1,
1008,1009,1010,1011,-1,
1012,1013,1009,1008,-1,
1013,1014,1010,1009,-1,
1014,1015,1011,1010,-1,
1015,1012,1008,1011,-1,
1015,1014,1013,1012,-1,
1016,1017,1018,1019,-1,
1020,1021,1017,1016,-1,
1021,1022,1018,1017,-1,
1022,1023,1019,1018,-1,
1023,1020,1016,1019,-1,
1023,1022,1021,1020,-1,
1024,1025,1026,1027,-1,
1028,1029,1025,1024,-1,
1029,1030,1026,1025,-1,
1030,1031,1027,1026,-1,
1031,1028,1024,1027,-1,
1031,1030,1029,1028,-1,
1032,1033,1034,1035,-1,
1036,1037,1033,1032,-1,
1037,1038,1034,1033,-1,
1038,1039,1035,1034,-1,
1039,1036,1032,1035,-1,
1039,1038,1037,1036,-1,
1040,1041,1042,1043,-1,
1044,1045,1041,1040,-1,
1045,1046,1042,1041,-1,
1046,1047,1043,1042,-1,
1047,1044,1040,1043,-1,
1047,1046,1045,1044,-1,
1048,1049,1050,1051,-1,
1052,1053,1049,1048,-1,
1053,1054,1050,1049,-1,
1054,1055,1051,1050,-1,
1055,1052,1048,1051,-1,
1055,1054,1053,1052,-1,
1056,1057,1058,1059,-1,
1060,1061,1057,1056,-1,
1061,1062,1058,1057,-1,
1062,1063,1059,1058,-1,
1063,1060,1056,1059,-1,
1063,1062,1061,1060,-1,
1064,1065,1066,1067,-1,
1068,1069,1065,1064,-1,
1069,1070,1066,1065,-1,
1070,1071,1067,1066,-1,
1071,1068,1064,1067,-1,
1071,1070,1069,1068,-1,
1072,1073,1074,1075,-1,
1076,1077,1073,1072,-1,
1077,1078,1074,1073,-1,
1078,1079,1075,1074,-1,
1079,1076,1072,1075,-1,
1079,1078,1077,1076,-1,
1080,1081,1082,1083,-1,
1084,1085,1081,1080,-1,
1085,1086,1082,1081,-1,
1086,1087,1083,1082,-1,
1087,1084,1080,1083,-1,
1087,1086,1085,1084,-1,
1088,1089,1090,1091,-1,
1092,1093,1089,1088,-1,
1093,1094,1090,1089,-1,
1094,1095,1091,1090,-1,
1095,1092,1088,1091,-1,
1095,1094,1093,1092,-1,
1096,1097,1098,1099,-1,
1100,1101,1097,1096,-1,
1101,1102,1098,1097,-1,
1102,1103,1099,1098,-1,
1103,1100,1096,1099,-1,
1103,1102,1101,1100,-1,
1104,1105,1106,1107,-1,
1108,1109,1105,1104,-1,
1109,1110,1106,1105,-1,
1110,1111,1107,1106,-1,
1111,1108,1104,1107,-1,
1111,1110,1109,1108,-1,
1112,1113,1114,1115,-1,
1116,1117,1113,1112,-1,
1117,1118,1114,1113,-1,
1118,1119,1115,1114,-1,
1119,1116,1112,1115,-1,
1119,1118,1117,1116,-1,
1120,1121,1122,1123,-1,
1124,1125,1121,1120,-1,
1125,1126,1122,1121,-1,
1126,1127,1123,1122,-1,
1127,1124,1120,1123,-1,
1127,1126,1125,1124,-1,
1128,1129,1130,1131,-1,
1132,1133,1129,1128,-1,
1133,1134,1130,1129,-1,
1134,1135,1131,1130,-1,
1135,1132,1128,1131,-1,
1135,1134,1133,1132,-1,
1136,1137,1138,1139,-1,
1140,1141,1137,1136,-1,
1141,1142,1138,1137,-1,
1142,1143,1139,1138,-1,
1143,1140,1136,1139,-1,
1143,1142,1141,1140,-1,
1144,1145,1146,1147,-1,
1148,1149,1145,1144,-1,
1149,1150,1146,1145,-1,
1150,1151,1147,1146,-1,
1151,1148,1144,1147,-1,
1151,1150,1149,1148,-1,
1152,1153,1154,1155,-1,
1156,1157,1153,1152,-1,
1157,1158,1154,1153,-1,
1158,1159,1155,1154,-1,
1159,1156,1152,1155,-1,
1159,1158,1157,1156,-1,
1160,1161,1162,1163,-1,
1164,1165,1161,1160,-1,
1165,1166,1162,1161,-1,
1166,1167,1163,1162,-1,
1167,1164,1160,1163,-1,
1167,1166,1165,1164,-1,
1168,1169,1170,1171,-1,
1172,1173,1169,1168,-1,
1173,1174,1170,1169,-1,
1174,1175,1171,1170,-1,
1175,1172,1168,1171,-1,
1175,1174,1173,1172,-1,
1176,1177,1178,1179,-1,
1180,1181,1177,1176,-1,
1181,1182,1178,1177,-1,
1182,1183,1179,1178,-1,
1183,1180,1176,1179,-1,
1183,1182,1181,1180,-1,
1184,1185,1186,1187,-1,
1188,1189,1185,1184,-1,
1189,1190,1186,1185,-1,
1190,1191,1187,1186,-1,
1191,1188,1184,1187,-1,
1191,1190,1189,1188,-1,
1192,1193,1194,1195,-1,
1196,1197,1193,1192,-1,
1197,1198,1194,1193,-1,
1198,1199,1195,1194,-1,
1199,1196,1192,1195,-1,
1199,1198,1197,1196,-1,
1200,1201,1202,1203,-1,
1204,1205,1201,1200,-1,
1205,1206,1202,1201,-1,
1206,1207,1203,1202,-1,
1207,1204,1200,1203,-1,
1207,1206,1205,1204,-1,
1208,1209,1210,1211,-1,
1212,1213,1209,1208,-1,
1213,1214,1210,1209,-1,
1214,1215,1211,1210,-1,
1215,1212,1208,1211,-1,
1215,1214,1213,1212,-1,
1216,1217,1218,1219,-1,
1220,1221,1217,1216,-1,
1221,1222,1218,1217,-1,
1222,1223,1219,1218,-1,
1223,1220,1216,1219,-1,
1223,1222,1221,1220,-1,
1224,1225,1226,1227,-1,
1228,1229,1225,1224,-1,
1229,1230,1226,1225,-1,
1230,1231,1227,1226,-1,
1231,1228,1224,1227,-1,
1231,1230,1229,1228,-1,
1232,1233,1234,1235,-1,
1236,1237,1233,1232,-1,
1237,1238,1234,1233,-1,
1238,1239,1235,1234,-1,
1239,1236,1232,1235,-1,
1239,1238,1237,1236,-1,
1240,1241,1242,1243,-1,
1244,1245,1241,1240,-1,
1245,1246,1242,1241,-1,
1246,1247,1243,1242,-1,
1247,1244,1240,1243,-1,
1247,1246,1245,1244,-1,
1248,1249,1250,1251,-1,
1252,1253,1249,1248,-1,
1253,1254,1250,1249,-1,
1254,1255,1251,1250,-1,
1255,1252,1248,1251,-1,
1255,1254,1253,1252,-1,
1256,1257,1258,1259,-1,
1260,1261,1257,1256,-1,
1261,1262,1258,1257,-1,
1262,1263,1259,1258,-1,
1263,1260,1256,1259,-1,
1263,1262,1261,1260,-1,
1264,1265,1266,1267,-1,
1268,1269,1265,1264,-1,
1269,1270,1266,1265,-1,
1270,1271,1267,1266,-1,
1271,1268,1264,1267,-1,
1271,1270,1269,1268,-1,
1272,1273,1274,1275,-1,
1276,1277,1273,1272,-1,
1277,1278,1274,1273,-1,
1278,1279,1275,1274,-1,
1279,1276,1272,1275,-1,
1279,1278,1277,1276,-1,
1280,1281,1282,1283,-1,
1284,1285,1281,1280,-1,
1285,1286,1282,1281,-1,
1286,1287,1283,1282,-1,
1287,1284,1280,1283,-1,
1287,1286,1285,1284,-1,
1288,1289,1290,1291,-1,
1292,1293,1289,1288,-1,
1293,1294,1290,1289,-1,
1294,1295,1291,1290,-1,
1295,1292,1288,1291,-1,
1295,1294,1293,1292,-1,
1296,1297,1298,1299,-1,
1300,1301,1297,1296,-1,
1301,1302,1298,1297,-1,
1302,1303,1299,1298,-1,
1303,1300,1296,1299,-1,
1303,1302,1301,1300,-1,
1304,1305,1306,1307,-1,
1308,1309,1305,1304,-1,
1309,1310,1306,1305,-1,
1310,1311,1307,1306,-1,
1311,1308,1304,1307,-1,
1311,1310,1309,1308,-1,
1312,1313,1314,1315,-1,
1316,1317,1313,1312,-1,
1317,1318,1314,1313,-1,
1318,1319,1315,1314,-1,
1319,1316,1312,1315,-1,
1319,1318,1317,1316,-1,
1320,1321,1322,1323,-1,
1324,1325,1321,1320,-1,
1325,1326,1322,1321,-1,
1326,1327,1323,1322,-1,
1327,1324,1320,1323,-1,
1327,1326,1325,1324,-1,
1328,1329,1330,1331,-1,
1332,1333,1329,1328,-1,
1333,1334,1330,1329,-1,
1334,1335,1331,1330,-1,
1335,1332,1328,1331,-1,
1335,1334,1333,1332,-1,
1336,1337,1338,1339,-1,
1340,1341,1337,1336,-1,
1341,1342,1338,1337,-1,
1342,1343,1339,1338,-1,
1343,1340,1336,1339,-1,
1343,1342,1341,1340,-1,
1344,1345,1346,1347,-1,
1348,1349,1345,1344,-1,
1349,1350,1346,1345,-1,
1350,1351,1347,1346,-1,
1351,1348,1344,1347,-1,
1351,1350,1349,1348,-1,
1352,1353,1354,1355,-1,
1356,1357,1353,1352,-1,
1357,1358,1354,1353,-1,
1358,1359,1355,1354,-1,
1359,1356,1352,1355,-1,
1359,1358,1357,1356,-1,
1360,1361,1362,1363,-1,
1364,1365,1361,1360,-1,
1365,1366,1362,1361,-1,
1366,1367,1363,1362,-1,
1367,1364,1360,1363,-1,
1367,1366,1365,1364,-1,
1368,1369,1370,1371,-1,
1372,1373,1369,1368,-1,
1373,1374,1370,1369,-1,
1374,1375,1371,1370,-1,
1375,1372,1368,1371,-1,
1375,1374,1373,1372,-1,
1376,1377,1378,1379,-1,
1380,1381,1377,1376,-1,
1381,1382,1378,1377,-1,
1382,1383,1379,1378,-1,
1383,1380,1376,1379,-1,
1383,1382,1381,1380,-1,
1384,1385,1386,1387,-1,
1388,1389,1385,1384,-1,
1389,1390,1386,1385,-1,
1390,1391,1387,1386,-1,
1391,1388,1384,1387,-1,
1391,1390,1389,1388,-1,
1392,1393,1394,1395,-1,
1396,1397,1393,1392,-1,
1397,1398,1394,1393,-1,
1398,1399,1395,1394,-1,
1399,1396,1392,1395,-1,
1399,1398,1397,1396,-1,
1400,1401,1402,1403,-1,
1404,1405,1401,1400,-1,
1405,1406,1402,1401,-1,
1406,1407,1403,1402,-1,
1407,1404,1400,1403,-1,
1407,1406,1405,1404,-1,
1408,1409,1410,1411,-1,
1412,1413,1409,1408,-1,
1413,1414,1410,1409,-1,
1414,1415,1411,1410,-1,
1415,1412,1408,1411,-1,
1415,1414,1413,1412,-1,
1416,1417,1418,1419,-1,
1420,1421,1417,1416,-1,
1421,1422,1418,1417,-1,
1422,1423,1419,1418,-1,
1423,1420,1416,1419,-1,
1423,1422,1421,1420,-1,
1424,1425,1426,1427,-1,
1428,1429,1425,1424,-1,
1429,1430,1426,1425,-1,
1430,1431,1427,1426,-1,
1431,1428,1424,1427,-1,
1431,1430,1429,1428,-1,
1432,1433,1434,1435,-1,
1436,1437,1433,1432,-1,
1437,1438,1434,1433,-1,
1438,1439,1435,1434,-1,
1439,1436,1432,1435,-1,
1439,1438,1437,1436,-1,
1440,1441,1442,1443,-1,
1444,1445,1441,1440,-1,
1445,1446,1442,1441,-1,
1446,1447,1443,1442,-1,
1447,1444,1440,1443,-1,
1447,1446,1445,1444,-1,
1448,1449,1450,1451,-1,
1452,1453,1449,1448,-1,
1453,1454,1450,1449,-1,
1454,1455,1451,1450,-1,
1455,1452,1448,1451,-1,
1455,1454,1453,1452,-1,
1456,1457,1458,1459,-1,
1460,1461,1457,1456,-1,
1461,1462,1458,1457,-1,
1462,1463,1459,1458,-1,
1463,1460,1456,1459,-1,
1463,1462,1461,1460,-1,
1464,1465,1466,1467,-1,
1468,1469,1465,1464,-1,
1469,1470,1466,1465,-1,
1470,1471,1467,1466,-1,
1471,1468,1464,1467,-1,
1471,1470,1469,1468,-1,
1472,1473,1474,1475,-1,
1476,1477,1473,1472,-1,
1477,1478,1474,1473,-1,
1478,1479,1475,1474,-1,
1479,1476,1472,1475,-1,
1479,1478,1477,1476,-1,
1480,1481,1482,1483,-1,
1484,1485,1481,1480,-1,
1485,1486,1482,1481,-1,
1486,1487,1483,1482,-1,
1487,1484,1480,1483,-1,
1487,1486,1485,1484,-1,
1488,1489,1490,1491,-1,
1492,1493,1489,1488,-1,
1493,1494,1490,1489,-1,
1494,1495,1491,1490,-1,
1495,1492,1488,1491,-1,
1495,1494,1493,1492,-1,
1496,1497,1498,1499,-1,
1500,1501,1497,1496,-1,
1501,1502,1498,1497,-1,
1502,1503,1499,1498,-1,
1503,1500,1496,1499,-1,
1503,1502,1501,1500,-1,
1504,1505,1506,1507,-1,
1508,1509,1505,1504,-1,
1509,1510,1506,1505,-1,
1510,1511,1507,1506,-1,
1511,1508,1504,1507,-1,
1511,1510,1509,1508,-1,
1512,1513,1514,1515,-1,
1516,1517,1513,1512,-1,
1517,1518,1514,1513,-1,
1518,1519,1515,1514,-1,
1519,1516,1512,1515,-1,
1519,1518,1517,1516,-1,
1520,1521,1522,1523,-1,
1524,1525,1521,1520,-1,
1525,1526,1522,1521,-1,
1526,1527,1523,1522,-1,
1527,1524,1520,1523,-1,
1527,1526,1525,1524,-1,
1528,1529,1530,1531,-1,
1532,1533,1529,1528,-1,
1533,1534,1530,1529,-1,
1534,1535,1531,1530,-1,
1535,1532,1528,1531,-1,
1535,1534,1533,1532,-1,
1536,1537,1538,1539,-1,
1540,1541,1537,1536,-1,
1541,1542,1538,1537,-1,
1542,1543,1539,1538,-1,
1543,1540,1536,1539,-1,
1543,1542,1541,1540,-1,
1544,1545,1546,1547,-1,
1548,1549,1545,1544,-1,
1549,1550,1546,1545,-1,
1550,1551,1547,1546,-1,
1551,1548,1544,1547,-1,
1551,1550,1549,1548,-1,
1552,1553,1554,1555,-1,
1556,1557,1553,1552,-1,
1557,1558,1554,1553,-1,
1558,1559,1555,1554,-1,
1559,1556,1552,1555,-1,
1559,1558,1557,1556,-1,
1560,1561,1562,1563,-1,
1564,1565,1561,1560,-1,
1565,1566,1562,1561,-1,
1566,1567,1563,1562,-1,
1567,1564,1560,1563,-1,
1567,1566,1565,1564,-1,
1568,1569,1570,1571,-1,
1572,1573,1569,1568,-1,
1573,1574,1570,1569,-1,
1574,1575,1571,1570,-1,
1575,1572,1568,1571,-1,
1575,1574,1573,1572,-1,
1576,1577,1578,1579,-1,
1580,1581,1577,1576,-1,
1581,1582,1578,1577,-1,
1582,1583,1579,1578,-1,
1583,1580,1576,1579,-1,
1583,1582,1581,1580,-1,
1584,1585,1586,1587,-1,
1588,1589,1585,1584,-1,
1589,1590,1586,1585,-1,
1590,1591,1587,1586,-1,
1591,1588,1584,1587,-1,
1591,1590,1589,1588,-1,
1592,1593,1594,1595,-1,
1596,1597,1593,1592,-1,
1597,1598,1594,1593,-1,
1598,1599,1595,1594,-1,
1599,1596,1592,1595,-1,
1599,1598,1597,1596,-1,
1600,1601,1602,1603,-1,
1604,1605,1601,1600,-1,
1605,1606,1602,1601,-1,
1606,1607,1603,1602,-1,
1607,1604,1600,1603,-1,
1607,1606,1605,1604,-1,
1608,1609,1610,1611,-1,
1612,1613,1609,1608,-1,
1613,1614,1610,1609,-1,
1614,1615,1611,1610,-1,
1615,1612,1608,1611,-1,
1615,1614,1613,1612,-1,
1616,1617,1618,1619,-1,
1620,1621,1617,1616,-1,
1621,1622,1618,1617,-1,
1622,1623,1619,1618,-1,
1623,1620,1616,1619,-1,
1623,1622,1621,1620,-1,
1624,1625,1626,1627,-1,
1628,1629,1625,1624,-1,
1629,1630,1626,1625,-1,
1630,1631,1627,1626,-1,
1631,1628,1624,1627,-1,
1631,1630,1629,1628,-1,
1632,1633,1634,1635,-1,
1636,1637,1633,1632,-1,
1637,1638,1634,1633,-1,
1638,1639,1635,1634,-1,
1639,1636,1632,1635,-1,
1639,1638,1637,1636,-1,
1640,1641,1642,1643,-1,
1644,1645,1641,1640,-1,
1645,1646,1642,1641,-1,
1646,1647,1643,1642,-1,
1647,1644,1640,1643,-1,
1647,1646,1645,1644,-1,
1648,1649,1650,1651,-1,
1652,1653,1649,1648,-1,
1653,1654,1650,1649,-1,
1654,1655,1651,1650,-1,
1655,1652,1648,1651,-1,
1655,1654,1653,1652,-1,
1656,1657,1658,1659,-1,
1660,1661,1657,1656,-1,
1661,1662,1658,1657,-1,
1662,1663,1659,1658,-1,
1663,1660,1656,1659,-1,
1663,1662,1661,1660,-1,
1664,1665,1666,1667,-1,
1668,1669,1665,1664,-1,
1669,1670,1666,1665,-1,
1670,1671,1667,1666,-1,
1671,1668,1664,1667,-1,
1671,1670,1669,1668,-1,
1672,1673,1674,1675,-1,
1676,1677,1673,1672,-1,
1677,1678,1674,1673,-1,
1678,1679,1675,1674,-1,
1679,1676,1672,1675,-1,
1679,1678,1677,1676,-1,
1680,1681,1682,1683,-1,
1684,1685,1681,1680,-1,
1685,1686,1682,1681,-1,
1686,1687,1683,1682,-1,
1687,1684,1680,1683,-1,
1687,1686,1685,1684,-1,
1688,1689,1690,1691,-1,
1692,1693,1689,1688,-1,
1693,1694,1690,1689,-1,
1694,1695,1691,1690,-1,
1695,1692,1688,1691,-1,
1695,1694,1693,1692,-1,
1696,1697,1698,1699,-1,
1700,1701,1697,1696,-1,
1701,1702,1698,1697,-1,
1702,1703,1699,1698,-1,
1703,1700,1696,1699,-1,
1703,1702,1701,1700,-1,
1704,1705,1706,1707,-1,
1708,1709,1705,1704,-1,
1709,1710,1706,1705,-1,
1710,1711,1707,1706,-1,
1711,1708,1704,1707,-1,
1711,1710,1709,1708,-1,
1712,1713,1714,1715,-1,
1716,1717,1713,1712,-1,
1717,1718,1714,1713,-1,
1718,1719,1715,1714,-1,
1719,1716,1712,1715,-1,
1719,1718,1717,1716,-1,
1720,1721,1722,1723,-1,
1724,1725,1721,1720,-1,
1725,1726,1722,1721,-1,
1726,1727,1723,1722,-1,
1727,1724,1720,1723,-1,
1727,1726,1725,1724,-1,
1728,1729,1730,1731,-1,
1732,1733,1729,1728,-1,
1733,1734,1730,1729,-1,
1734,1735,1731,1730,-1,
1735,1732,1728,1731,-1,
1735,1734,1733,1732,-1,
1736,1737,1738,1739,-1,
1740,1741,1737,1736,-1,
1741,1742,1738,1737,-1,
1742,1743,1739,1738,-1,
1743,1740,1736,1739,-1,
1743,1742,1741,1740,-1,
1744,1745,1746,1747,-1,
1748,1749,1745,1744,-1,
1749,1750,1746,1745,-1,
1750,1751,1747,1746,-1,
1751,1748,1744,1747,-1,
1751,1750,1749,1748,-1,
1752,1753,1754,1755,-1,
1756,1757,1753,1752,-1,
1757,1758,1754,1753,-1,
1758,1759,1755,1754,-1,
1759,1756,1752,1755,-1,
1759,1758,1757,1756,-1,
1760,1761,1762,1763,-1,
1764,1765,1761,1760,-1,
1765,1766,1762,1761,-1,
1766,1767,1763,1762,-1,
1767,1764,1760,1763,-1,
1767,1766,1765,1764,-1,
1768,1769,1770,1771,-1,
1772,1773,1769,1768,-1,
1773,1774,1770,1769,-1,
1774,1775,1771,1770,-1,
1775,1772,1768,1771,-1,
1775,1774,1773,1772,-1,
1776,1777,1778,1779,-1,
1780,1781,1777,1776,-1,
1781,1782,1778,1777,-1,
1782,1783,1779,1778,-1,
1783,1780,1776,1779,-1,
1783,1782,1781,1780,-1,
1784,1785,1786,1787,-1,
1788,1789,1785,1784,-1,
1789,1790,1786,1785,-1,
1790,1791,1787,1786,-1,
1791,1788,1784,1787,-1,
1791,1790,1789,1788,-1,
1792,1793,1794,1795,-1,
1796,1797,1793,1792,-1,
1797,1798,1794,1793,-1,
1798,1799,1795,1794,-1,
1799,1796,1792,1795,-1,
1799,1798,1797,1796,-1,
1800,1801,1802,1803,-1,
1804,1805,1801,1800,-1,
1805,1806,1802,1801,-1,
1806,1807,1803,1802,-1,
1807,1804,1800,1803,-1,
1807,1806,1805,1804,-1,
1808,1809,1810,1811,-1,
1812,1813,1809,1808,-1,
1813,1814,1810,1809,-1,
1814,1815,1811,1810,-1,
1815,1812,1808,1811,-1,
1815,1814,1813,1812,-1,
1816,1817,1818,1819,-1,
1820,1821,1817,1816,-1,
1821,1822,1818,1817,-1,
1822,1823,1819,1818,-1,
1823,1820,1816,1819,-1,
1823,1822,1821,1820,-1,
1824,1825,1826,1827,-1,
1828,1829,1825,1824,-1,
1829,1830,1826,1825,-1,
1830,1831,1827,1826,-1,
1831,1828,1824,1827,-1,
1831,1830,1829,1828,-1,
1832,1833,1834,1835,-1,
1836,1837,1833,1832,-1,
1837,1838,1834,1833,-1,
1838,1839,1835,1834,-1,
1839,1836,1832,1835,-1,
1839,1838,1837,1836,-1,
1840,1841,1842,1843,-1,
1844,1845,1841,1840,-1,
1845,1846,1842,1841,-1,
1846,1847,1843,1842,-1,
1847,1844,1840,1843,-1,
1847,1846,1845,1844,-1,
1848,1849,1850,1851,-1,
1852,1853,1849,1848,-1,
1853,1854,1850,1849,-1,
1854,1855,1851,1850,-1,
1855,1852,1848,1851,-1,
1855,1854,1853,1852,-1,
1856,1857,1858,1859,-1,
1860,1861,1857,1856,-1,
1861,1862,1858,1857,-1,
1862,1863,1859,1858,-1,
1863,1860,1856,1859,-1,
1863,1862,1861,1860,-1,
1864,1865,1866,1867,-1,
1868,1869,1865,1864,-1,
1869,1870,1866,1865,-1,
1870,1871,1867,1866,-1,
1871,1868,1864,1867,-1,
1871,1870,1869,1868,-1,
1872,1873,1874,1875,-1,
1876,1877,1873,1872,-1,
1877,1878,1874,1873,-1,
1878,1879,1875,1874,-1,
1879,1876,1872,1875,-1,
1879,1878,1877,1876,-1,
1880,1881,1882,1883,-1,
1884,1885,1881,1880,-1,
1885,1886,1882,1881,-1,
1886,1887,1883,1882,-1,
1887,1884,1880,1883,-1,
1887,1886,1885,1884,-1,
1888,1889,1890,1891,-1,
1892,1893,1889,1888,-1,
1893,1894,1890,1889,-1,
1894,1895,1891,1890,-1,
1895,1892,1888,1891,-1,
1895,1894,1893,1892,-1,
1896,1897,1898,1899,-1,
1900,1901,1897,1896,-1,
1901,1902,1898,1897,-1,
1902,1903,1899,1898,-1,
1903,1900,1896,1899,-1,
1903,1902,1901,1900,-1,
1904,1905,1906,1907,-1,
1908,1909,1905,1904,-1,
1909,1910,1906,1905,-1,
1910,1911,1907,1906,-1,
1911,1908,1904,1907,-1,
1911,1910,1909,1908,-1,
1912,1913,1914,1915,-1,
1916,1917,1913,1912,-1,
1917,1918,1914,1913,-1,
1918,1919,1915,1914,-1,
1919,1916,1912,1915,-1,
1919,1918,1917,1916,-1,
1920,1921,1922,1923,-1,
1924,1925,1921,1920,-1,
1925,1926,1922,1921,-1,
1926,1927,1923,1922,-1,
1927,1924,1920,1923,-1,
1927,1926,1925,1924,-1,
1928,1929,1930,1931,-1,
1932,1933,1929,1928,-1,
1933,1934,1930,1929,-1,
1934,1935,1931,1930,-1,
1935,1932,1928,1931,-1,
1935,1934,1933,1932,-1,
1936,1937,1938,1939,-1,
1940,1941,1937,1936,-1,
1941,1942,1938,1937,-1,
1942,1943,1939,1938,-1,
1943,1940,1936,1939,-1,
1943,1942,1941,1940,-1,
1944,1945,1946,1947,-1,
1948,1949,1945,1944,-1,
1949,1950,1946,1945,-1,
1950,1951,1947,1946,-1,
1951,1948,1944,1947,-1,
1951,1950,1949,1948,-1,
1952,1953,1954,1955,-1,
1956,1957,1953,1952,-1,
1957,1958,1954,1953,-1,
1958,1959,1955,1954,-1,
1959,1956,1952,1955,-1,
1959,1958,1957,1956,-1,
1960,1961,1962,1963,-1,
1964,1965,1961,1960,-1,
1965,1966,1962,1961,-1,
1966,1967,1963,1962,-1,
1967,1964,1960,1963,-1,
1967,1966,1965,1964,-1,
1968,1969,1970,1971,-1,
1972,1973,1969,1968,-1,
1973,1974,1970,1969,-1,
1974,1975,1971,1970,-1,
1975,1972,1968,1971,-1,
1975,1974,1973,1972,-1,
1976,1977,1978,1979,-1,
1980,1981,1977,1976,-1,
1981,1982,1978,1977,-1,
1982,1983,1979,1978,-1,
1983,1980,1976,1979,-1,
1983,1982,1981,1980,-1,
1984,1985,1986,1987,-1,
1988,1989,1985,1984,-1,
1989,1990,1986,1985,-1,
1990,1991,1987,1986,-1,
1991,1988,1984,1987,-1,
1991,1990,1989,1988,-1,
1992,1993,1994,1995,-1,
1996,1997,1993,1992,-1,
1997,1998,1994,1993,-1,
1998,1999,1995,1994,-1,
1999,1996,1992,1995,-1,
1999,1998,1997,1996,-1,
2000,2001,2002,2003,-1,
2004,2005,2001,2000,-1,
2005,2006,2002,2001,-1,
2006,2007,2003,2002,-1,
2007,2004,2000,2003,-1,
2007,2006,2005,2004,-1,
2008,2009,2010,2011,-1,
2012,2013,2009,2008,-1,
2013,2014,2010,2009,-1,
2014,2015,2011,2010,-1,
2015,2012,2008,2011,-1,
2015,2014,2013,2012,-1,
2016,2017,2018,2019,-1,
2020,2021,2017,2016,-1,
2021,2022,2018,2017,-1,
2022,2023,2019,2018,-1,
2023,2020,2016,2019,-1,
2023,2022,2021,2020,-1,
2024,2025,2026,2027,-1,
2028,2029,2025,2024,-1,
2029,2030,2026,2025,-1,
2030,2031,2027,2026,-1,
2031,2028,2024,2027,-1,
2031,2030,2029,2028,-1,
2032,2033,2034,2035,-1,
2036,2037,2033,2032,-1,
2037,2038,2034,2033,-1,
2038,2039,2035,2034,-1,
2039,2036,2032,2035,-1,
2039,2038,2037,2036,-1,
2040,2041,2042,2043,-1,
2044,2045,2041,2040,-1,
2045,2046,2042,2041,-1,
2046,2047,2043,2042,-1,
2047,2044,2040,2043,-1,
2047,2046,2045,2044,-1,
2048,2049,2050,2051,-1,
2052,2053,2049,2048,-1,
2053,2054,2050,2049,-1,
2054,2055,2051,2050,-1,
2055,2052,2048,2051,-1,
2055,2054,2053,2052,-1,
2056,2057,2058,2059,-1,
2060,2061,2057,2056,-1,
2061,2062,2058,2057,-1,
2062,2063,2059,2058,-1,
2063,2060,2056,2059,-1,
2063,2062,2061,2060,-1,
2064,2065,2066,2067,-1,
2068,2069,2065,2064,-1,
2069,2070,2066,2065,-1,
2070,2071,2067,2066,-1,
2071,2068,2064,2067,-1,
2071,2070,2069,2068,-1,
2072,2073,2074,2075,-1,
2076,2077,2073,2072,-1,
2077,2078,2074,2073,-1,
2078,2079,2075,2074,-1,
2079,2076,2072,2075,-1,
2079,2078,2077,2076,-1,
2080,2081,2082,2083,-1,
2084,2085,2081,2080,-1,
2085,2086,2082,2081,-1,
2086,2087,2083,2082,-1,
2087,2084,2080,2083,-1,
2087,2086,2085,2084,-1,
2088,2089,2090,2091,-1,
2092,2093,2089,2088,-1,
2093,2094,2090,2089,-1,
2094,2095,2091,2090,-1,
2095,2092,2088,2091,-1,
2095,2094,2093,2092,-1,
2096,2097,2098,2099,-1,
2100,2101,2097,2096,-1,
2101,2102,2098,2097,-1,
2102,2103,2099,2098,-1,
2103,2100,2096,2099,-1,
2103,2102,2101,2100,-1,
2104,2105,2106,2107,-1,
2108,2109,2105,2104,-1,
2109,2110,2106,2105,-1,
2110,2111,2107,2106,-1,
2111,2108,2104,2107,-1,
2111,2110,2109,2108,-1,
2112,2113,2114,2115,-1,
2116,2117,2113,2112,-1,
2117,2118,2114,2113,-1,
2118,2119,2115,2114,-1,
2119,2116,2112,2115,-1,
2119,2118,2117,2116,-1,
2120,2121,2122,2123,-1,
2124,2125,2121,2120,-1,
2125,2126,2122,2121,-1,
2126,2127,2123,2122,-1,
2127,2124,2120,2123,-1,
2127,2126,2125,2124,-1,
2128,2129,2130,2131,-1,
2132,2133,2129,2128,-1,
2133,2134,2130,2129,-1,
2134,2135,2131,2130,-1,
2135,2132,2128,2131,-1,
2135,2134,2133,2132,-1,
2136,2137,2138,2139,-1,
2140,2141,2137,2136,-1,
2141,2142,2138,2137,-1,
2142,2143,2139,2138,-1,
2143,2140,2136,2139,-1,
2143,2142,2141,2140,-1,
2144,2145,2146,2147,-1,
2148,2149,2145,2144,-1,
2149,2150,2146,2145,-1,
2150,2151,2147,2146,-1,
2151,2148,2144,2147,-1,
2151,2150,2149,2148,-1,
2152,2153,2154,2155,-1,
2156,2157,2153,2152,-1,
2157,2158,2154,2153,-1,
2158,2159,2155,2154,-1,
2159,2156,2152,2155,-1,
2159,2158,2157,2156,-1,
2160,2161,2162,2163,-1,
2164,2165,2161,2160,-1,
2165,2166,2162,2161,-1,
2166,2167,2163,2162,-1,
2167,2164,2160,2163,-1,
2167,2166,2165,2164,-1,
2168,2169,2170,2171,-1,
2172,2173,2169,2168,-1,
2173,2174,2170,2169,-1,
2174,2175,2171,2170,-1,
2175,2172,2168,2171,-1,
2175,2174,2173,2172,-1,
2176,2177,2178,2179,-1,
2180,2181,2177,2176,-1,
2181,2182,2178,2177,-1,
2182,2183,2179,2178,-1,
2183,2180,2176,2179,-1,
2183,2182,2181,2180,-1,
2184,2185,2186,2187,-1,
2188,2189,2185,2184,-1,
2189,2190,2186,2185,-1,
2190,2191,2187,2186,-1,
2191,2188,2184,2187,-1,
2191,2190,2189,2188,-1,
2192,2193,2194,2195,-1,
2196,2197,2193,2192,-1,
2197,2198,2194,2193,-1,
2198,2199,2195,2194,-1,
2199,2196,2192,2195,-1,
2199,2198,2197,2196,-1,
2200,2201,2202,2203,-1,
2204,2205,2201,2200,-1,
2205,2206,2202,2201,-1,
2206,2207,2203,2202,-1,
2207,2204,2200,2203,-1,
2207,2206,2205,2204,-1,
2208,2209,2210,2211,-1,
2212,2213,2209,2208,-1,
2213,2214,2210,2209,-1,
2214,2215,2211,2210,-1,
2215,2212,2208,2211,-1,
2215,2214,2213,2212,-1,
2216,2217,2218,2219,-1,
2220,2221,2217,2216,-1,
2221,2222,2218,2217,-1,
2222,2223,2219,2218,-1,
2223,2220,2216,2219,-1,
2223,2222,2221,2220,-1,
2224,2225,2226,2227,-1,
2228,2229,2225,2224,-1,
2229,2230,2226,2225,-1,
2230,2231,2227,2226,-1,
2231,2228,2224,2227,-1,
2231,2230,2229,2228,-1,
2232,2233,2234,2235,-1,
2236,2237,2233,2232,-1,
2237,2238,2234,2233,-1,
2238,2239,2235,2234,-1,
2239,2236,2232,2235,-1,
2239,2238,2237,2236,-1,
2240,2241,2242,2243,-1,
2244,2245,2241,2240,-1,
2245,2246,2242,2241,-1,
2246,2247,2243,2242,-1,
2247,2244,2240,2243,-1,
2247,2246,2245,2244,-1,
2248,2249,2250,2251,-1,
2252,2253,2249,2248,-1,
2253,2254,2250,2249,-1,
2254,2255,2251,2250,-1,
2255,2252,2248,2251,-1,
2255,2254,2253,2252,-1,
2256,2257,2258,2259,-1,
2260,2261,2257,2256,-1,
2261,2262,2258,2257,-1,
2262,2263,2259,2258,-1,
2263,2260,2256,2259,-1,
2263,2262,2261,2260,-1,
2264,2265,2266,2267,-1,
2268,2269,2265,2264,-1,
2269,2270,2266,2265,-1,
2270,2271,2267,2266,-1,
2271,2268,2264,2267,-1,
2271,2270,2269,2268,-1,
2272,2273,2274,2275,-1,
2276,2277,2273,2272,-1,
2277,2278,2274,2273,-1,
2278,2279,2275,2274,-1,
2279,2276,2272,2275,-1,
2279,2278,2277,2276,-1,
2280,2281,2282,2283,-1,
2284,2285,2281,2280,-1,
2285,2286,2282,2281,-1,
2286,2287,2283,2282,-1,
2287,2284,2280,2283,-1,
2287,2286,2285,2284,-1,
2288,2289,2290,2291,-1,
2292,2293,2289,2288,-1,
2293,2294,2290,2289,-1,
2294,2295,2291,2290,-1,
2295,2292,2288,2291,-1,
2295,2294,2293,2292,-1,
2296,2297,2298,2299,-1,
2300,2301,2297,2296,-1,
2301,2302,2298,2297,-1,
2302,2303,2299,2298,-1,
2303,2300,2296,2299,-1,
2303,2302,2301,2300,-1,
2304,2305,2306,2307,-1,
2308,2309,2305,2304,-1,
2309,2310,2306,2305,-1,
2310,2311,2307,2306,-1,
2311,2308,2304,2307,-1,
2311,2310,2309,2308,-1,
2312,2313,2314,2315,-1,
2316,2317,2313,2312,-1,
2317,2318,2314,2313,-1,
2318,2319,2315,2314,-1,
2319,2316,2312,2315,-1,
2319,2318,2317,2316,-1,
2320,2321,2322,2323,-1,
2324,2325,2321,2320,-1,
2325,2326,2322,2321,-1,
2326,2327,2323,2322,-1,
2327,2324,2320,2323,-1,
2327,2326,2325,2324,-1,
2328,2329,2330,2331,-1,
2332,2333,2329,2328,-1,
2333,2334,2330,2329,-1,
2334,2335,2331,2330,-1,
2335,2332,2328,2331,-1,
2335,2334,2333,2332,-1,
2336,2337,2338,2339,-1,
2340,2341,2337,2336,-1,
2341,2342,2338,2337,-1,
2342,2343,2339,2338,-1,
2343,2340,2336,2339,-1,
2343,2342,2341,2340,-1,
2344,2345,2346,2347,-1,
2348,2349,2345,2344,-1,
2349,2350,2346,2345,-1,
2350,2351,2347,2346,-1,
2351,2348,2344,2347,-1,
2351,2350,2349,2348,-1,
2352,2353,2354,2355,-1,
2356,2357,2353,2352,-1,
2357,2358,2354,2353,-1,
2358,2359,2355,2354,-1,
2359,2356,2352,2355,-1,
2359,2358,2357,2356,-1,
2360,2361,2362,2363,-1,
2364,2365,2361,2360,-1,
2365,2366,2362,2361,-1,
2366,2367,2363,2362,-1,
2367,2364,2360,2363,-1,
2367,2366,2365,2364,-1,
2368,2369,2370,2371,-1,
2372,2373,2369,2368,-1,
2373,2374,2370,2369,-1,
2374,2375,2371,2370,-1,
2375,2372,2368,2371,-1,
2375,2374,2373,2372,-1,
2376,2377,2378,2379,-1,
2380,2381,2377,2376,-1,
2381,2382,2378,2377,-1,
2382,2383,2379,2378,-1,
2383,2380,2376,2379,-1,
2383,2382,2381,2380,-1,
2384,2385,2386,2387,-1,
2388,2389,2385,2384,-1,
2389,2390,2386,2385,-1,
2390,2391,2387,2386,-1,
2391,2388,2384,2387,-1,
2391,2390,2389,2388,-1,
2392,2393,2394,2395,-1,
2396,2397,2393,2392,-1,
2397,2398,2394,2393,-1,
2398,2399,2395,2394,-1,
2399,2396,2392,2395,-1,
2399,2398,2397,2396,-1,
2400,2401,2402,2403,-1,
2404,2405,2401,2400,-1,
2405,2406,2402,2401,-1,
2406,2407,2403,2402,-1,
2407,2404,2400,2403,-1,
2407,2406,2405,2404,-1,
2408,2409,2410,2411,-1,
2412,2413,2409,2408,-1,
2413,2414,2410,2409,-1,
2414,2415,2411,2410,-1,
2415,2412,2408,2411,-1,
2415,2414,2413,2412,-1,
2416,2417,2418,2419,-1,
2420,2421,2417,2416,-1,
2421,2422,2418,2417,-1,
2422,2423,2419,2418,-1,
2423,2420,2416,2419,-1,
2423,2422,2421,2420,-1,
2424,2425,2426,2427,-1,
2428,2429,2425,2424,-1,
2429,2430,2426,2425,-1,
2430,2431,2427,2426,-1,
2431,2428,2424,2427,-1,
2431,2430,2429,2428,-1,
2432,2433,2434,2435,-1,
2436,2437,2433,2432,-1,
2437,2438,2434,2433,-1,
2438,2439,2435,2434,-1,
2439,2436,2432,2435,-1,
2439,2438,2437,2436,-1,
2440,2441,2442,2443,-1,
2444,2445,2441,2440,-1,
2445,2446,2442,2441,-1,
2446,2447,2443,2442,-1,
2447,2444,2440,2443,-1,
2447,2446,2445,2444,-1,
2448,2449,2450,2451,-1,
2452,2453,2449,2448,-1,
2453,2454,2450,2449,-1,
2454,2455,2451,2450,-1,
2455,2452,2448,2451,-1,
2455,2454,2453,2452,-1,
2456,2457,2458,2459,-1,
2460,2461,2457,2456,-1,
2461,2462,2458,2457,-1,
2462,2463,2459,2458,-1,
2463,2460,2456,2459,-1,
2463,2462,2461,2460,-1,
2464,2465,2466,2467,-1,
2468,2469,2465,2464,-1,
2469,2470,2466,2465,-1,
2470,2471,2467,2466,-1,
2471,2468,2464,2467,-1,
2471,2470,2469,2468,-1,
2472,2473,2474,2475,-1,
2476,2477,2473,2472,-1,
2477,2478,2474,2473,-1,
2478,2479,2475,2474,-1,
2479,2476,2472,2475,-1,
2479,2478,2477,2476,-1,
2480,2481,2482,2483,-1,
2484,2485,2481,2480,-1,
2485,2486,2482,2481,-1,
2486,2487,2483,2482,-1,
2487,2484,2480,2483,-1,
2487,2486,2485,2484,-1,
2488,2489,2490,2491,-1,
2492,2493,2489,2488,-1,
2493,2494,2490,2489,-1,
2494,2495,2491,2490,-1,
2495,2492,2488,2491,-1,
2495,2494,2493,2492,-1,
2496,2497,2498,2499,-1,
2500,2501,2497,2496,-1,
2501,2502,2498,2497,-1,
2502,2503,2499,2498,-1,
2503,2500,2496,2499,-1,
2503,2502,2501,2500,-1,
2504,2505,2506,2507,-1,
2508,2509,2505,2504,-1,
2509,2510,2506,2505,-1,
2510,2511,2507,2506,-1,
2511,2508,2504,2507,-1,
2511,2510,2509,2508,-1,
2512,2513,2514,2515,-1,
2516,2517,2513,2512,-1,
2517,2518,2514,2513,-1,
2518,2519,2515,2514,-1,
2519,2516,2512,2515,-1,
2519,2518,2517,2516,-1,
2520,2521,2522,2523,-1,
2524,2525,2521,2520,-1,
2525,2526,2522,2521,-1,
2526,2527,2523,2522,-1,
2527,2524,2520,2523,-1,
2527,2526,2525,2524,-1,
2528,2529,2530,2531,-1,
2532,2533,2529,2528,-1,
2533,2534,2530,2529,-1,
2534,2535,2531,2530,-1,
2535,2532,2528,2531,-1,
2535,2534,2533,2532,-1,
2536,2537,2538,2539,-1,
2540,2541,2537,2536,-1,
2541,2542,2538,2537,-1,
2542,2543,2539,2538,-1,
2543,2540,2536,2539,-1,
2543,2542,2541,2540,-1,
2544,2545,2546,2547,-1,
2548,2549,2545,2544,-1,
2549,2550,2546,2545,-1,
2550,2551,2547,2546,-1,
2551,2548,2544,2547,-1,
2551,2550,2549,2548,-1,
2552,2553,2554,2555,-1,
2556,2557,2553,2552,-1,
2557,2558,2554,2553,-1,
2558,2559,2555,2554,-1,
2559,2556,2552,2555,-1,
2559,2558,2557,2556,-1,
2560,2561,2562,2563,-1,
2564,2565,2561,2560,-1,
2565,2566,2562,2561,-1,
2566,2567,2563,2562,-1,
2567,2564,2560,2563,-1,
2567,2566,2565,2564,-1,
2568,2569,2570,2571,-1,
2572,2573,2569,2568,-1,
2573,2574,2570,2569,-1,
2574,2575,2571,2570,-1,
2575,2572,2568,2571,-1,
2575,2574,2573,2572,-1,
2576,2577,2578,2579,-1,
2580,2581,2577,2576,-1,
2581,2582,2578,2577,-1,
2582,2583,2579,2578,-1,
2583,2580,2576,2579,-1,
2583,2582,2581,2580,-1,
2584,2585,2586,2587,-1,
2588,2589,2585,2584,-1,
2589,2590,2586,2585,-1,
2590,2591,2587,2586,-1,
2591,2588,2584,2587,-1,
2591,2590,2589,2588,-1,
2592,2593,2594,2595,-1,
2596,2597,2593,2592,-1,
2597,2598,2594,2593,-1,
2598,2599,2595,2594,-1,
2599,2596,2592,2595,-1,
2599,2598,2597,2596,-1,
2600,2601,2602,2603,-1,
2604,2605,2601,2600,-1,
2605,2606,2602,2601,-1,
2606,2607,2603,2602,-1,
2607,2604,2600,2603,-1,
2607,2606,2605,2604,-1,
2608,2609,2610,2611,-1,
2612,2613,2609,2608,-1,
2613,2614,2610,2609,-1,
2614,2615,2611,2610,-1,
2615,2612,2608,2611,-1,
2615,2614,2613,2612,-1,
2616,2617,2618,2619,-1,
2620,2621,2617,2616,-1,
2621,2622,2618,2617,-1,
2622,2623,2619,2618,-1,
2623,2620,2616,2619,-1,
2623,2622,2621,2620,-1,
2624,2625,2626,2627,-1,
2628,2629,2625,2624,-1,
2629,2630,2626,2625,-1,
2630,2631,2627,2626,-1,
2631,2628,2624,2627,-1,
2631,2630,2629,2628,-1,
2632,2633,2634,2635,-1,
2636,2637,2633,2632,-1,
2637,2638,2634,2633,-1,
2638,2639,2635,2634,-1,
2639,2636,2632,2635,-1,
2639,2638,2637,2636,-1,
2640,2641,2642,2643,-1,
2644,2645,2641,2640,-1,
2645,2646,2642,2641,-1,
2646,2647,2643,2642,-1,
2647,2644,2640,2643,-1,
2647,2646,2645,2644,-1,
2648,2649,2650,2651,-1,
2652,2653,2649,2648,-1,
2653,2654,2650,2649,-1,
2654,2655,2651,2650,-1,
2655,2652,2648,2651,-1,
2655,2654,2653,2652,-1,
2656,2657,2658,2659,-1,
2660,2661,2657,2656,-1,
2661,2662,2658,2657,-1,
2662,2663,2659,2658,-1,
2663,2660,2656,2659,-1,
2663,2662,2661,2660,-1,
2664,2665,2666,2667,-1,
2668,2669,2665,2664,-1,
2669,2670,2666,2665,-1,
2670,2671,2667,2666,-1,
2671,2668,2664,2667,-1,
2671,2670,2669,2668,-1,
2672,2673,2674,2675,-1,
2676,2677,2673,2672,-1,
2677,2678,2674,2673,-1,
2678,2679,2675,2674,-1,
2679,2676,2672,2675,-1,
2679,2678,2677,2676,-1,
2680,2681,2682,2683,-1,
2684,2685,2681,2680,-1,
2685,2686,2682,2681,-1,
2686,2687,2683,2682,-1,
2687,2684,2680,2683,-1,
2687,2686,2685,2684,-1,
2688,2689,2690,2691,-1,
2692,2693,2689,2688,-1,
2693,2694,2690,2689,-1,
2694,2695,2691,2690,-1,
2695,2692,2688,2691,-1,
2695,2694,2693,2692,-1,
2696,2697,2698,2699,-1,
2700,2701,2697,2696,-1,
2701,2702,2698,2697,-1,
2702,2703,2699,2698,-1,
2703,2700,2696,2699,-1,
2703,2702,2701,2700,-1,
2704,2705,2706,2707,-1,
2708,2709,2705,2704,-1,
2709,2710,2706,2705,-1,
2710,2711,2707,2706,-1,
2711,2708,2704,2707,-1,
2711,2710,2709,2708,-1,
2712,2713,2714,2715,-1,
2716,2717,2713,2712,-1,
2717,2718,2714,2713,-1,
2718,2719,2715,2714,-1,
2719,2716,2712,2715,-1,
2719,2718,2717,2716,-1,
2720,2721,2722,2723,-1,
2724,2725,2721,2720,-1,
2725,2726,2722,2721,-1,
2726,2727,2723,2722,-1,
2727,2724,2720,2723,-1,
2727,2726,2725,2724,-1,
2728,2729,2730,2731,-1,
2732,2733,2729,2728,-1,
2733,2734,2730,2729,-1,
2734,2735,2731,2730,-1,
2735,2732,2728,2731,-1,
2735,2734,2733,2732,-1,
2736,2737,2738,2739,-1,
2740,2741,2737,2736,-1,
2741,2742,2738,2737,-1,
2742,2743,2739,2738,-1,
2743,2740,2736,2739,-1,
2743,2742,2741,2740,-1,
2744,2745,2746,2747,-1,
2748,2749,2745,2744,-1,
2749,2750,2746,2745,-1,
2750,2751,2747,2746,-1,
2751,2748,2744,2747,-1,
2751,2750,2749,2748,-1,
2752,2753,2754,2755,-1,
2756,2757,2753,2752,-1,
2757,2758,2754,2753,-1,
2758,2759,2755,2754,-1,
2759,2756,2752,2755,-1,
2759,2758,2757,2756,-1,
2760,2761,2762,2763,-1,
2764,2765,2761,2760,-1,
2765,2766,2762,2761,-1,
2766,2767,2763,2762,-1,
2767,2764,2760,2763,-1,
2767,2766,2765,2764,-1,
2768,2769,2770,2771,-1,
2772,2773,2769,2768,-1,
2773,2774,2770,2769,-1,
2774,2775,2771,2770,-1,
2775,2772,2768,2771,-1,
2775,2774,2773,2772,-1,
2776,2777,2778,2779,-1,
2780,2781,2777,2776,-1,
2781,2782,2778,2777,-1,
2782,2783,2779,2778,-1,
2783,2780,2776,2779,-1,
2783,2782,2781,2780,-1,
2784,2785,2786,2787,-1,
2788,2789,2785,2784,-1,
2789,2790,2786,2785,-1,
2790,2791,2787,2786,-1,
2791,2788,2784,2787,-1,
2791,2790,2789,2788,-1,
2792,2793,2794,2795,-1,
2796,2797,2793,2792,-1,
2797,2798,2794,2793,-1,
2798,2799,2795,2794,-1,
2799,2796,2792,2795,-1,
2799,2798,2797,2796,-1,
2800,2801,2802,2803,-1,
2804,2805,2801,2800,-1,
2805,2806,2802,2801,-1,
2806,2807,2803,2802,-1,
2807,2804,2800,2803,-1,
2807,2806,2805,2804,-1,
2808,2809,2810,2811,-1,
2812,2813,2809,2808,-1,
2813,2814,2810,2809,-1,
2814,2815,2811,2810,-1,
2815,2812,2808,2811,-1,
2815,2814,2813,2812,-1,
2816,2817,2818,2819,-1,
2820,2821,2817,2816,-1,
2821,2822,2818,2817,-1,
2822,2823,2819,2818,-1,
2823,2820,2816,2819,-1,
2823,2822,2821,2820,-1,
2824,2825,2826,2827,-1,
2828,2829,2825,2824,-1,
2829,2830,2826,2825,-1,
2830,2831,2827,2826,-1,
2831,2828,2824,2827,-1,
2831,2830,2829,2828,-1,
2832,2833,2834,2835,-1,
2836,2837,2833,2832,-1,
2837,2838,2834,2833,-1,
2838,2839,2835,2834,-1,
2839,2836,2832,2835,-1,
2839,2838,2837,2836,-1,
2840,2841,2842,2843,-1,
2844,2845,2841,2840,-1,
2845,2846,2842,2841,-1,
2846,2847,2843,2842,-1,
2847,2844,2840,2843,-1,
2847,2846,2845,2844,-1,
2848,2849,2850,2851,-1,
2852,2853,2849,2848,-1,
2853,2854,2850,2849,-1,
2854,2855,2851,2850,-1,
2855,2852,2848,2851,-1,
2855,2854,2853,2852,-1,
2856,2857,2858,2859,-1,
2860,2861,2857,2856,-1,
2861,2862,2858,2857,-1,
2862,2863,2859,2858,-1,
2863,2860,2856,2859,-1,
2863,2862,2861,2860,-1,
2864,2865,2866,2867,-1,
2868,2869,2865,2864,-1,
2869,2870,2866,2865,-1,
2870,2871,2867,2866,-1,
2871,2868,2864,2867,-1,
2871,2870,2869,2868,-1,
2872,2873,2874,2875,-1,
2876,2877,2873,2872,-1,
2877,2878,2874,2873,-1,
2878,2879,2875,2874,-1,
2879,2876,2872,2875,-1,
2879,2878,2877,2876,-1,
2880,2881,2882,2883,-1,
2884,2885,2881,2880,-1,
2885,2886,2882,2881,-1,
2886,2887,2883,2882,-1,
2887,2884,2880,2883,-1,
2887,2886,2885,2884,-1,
2888,2889,2890,2891,-1,
2892,2893,2889,2888,-1,
2893,2894,2890,2889,-1,
2894,2895,2891,2890,-1,
2895,2892,2888,2891,-1,
2895,2894,2893,2892,-1,
2896,2897,2898,2899,-1,
2900,2901,2897,2896,-1,
2901,2902,2898,2897,-1,
2902,2903,2899,2898,-1,
2903,2900,2896,2899,-1,
2903,2902,2901,2900,-1,
2904,2905,2906,2907,-1,
2908,2909,2905,2904,-1,
2909,2910,2906,2905,-1,
2910,2911,2907,2906,-1,
2911,2908,2904,2907,-1,
2911,2910,2909,2908,-1,
2912,2913,2914,2915,-1,
2916,2917,2913,2912,-1,
2917,2918,2914,2913,-1,
2918,2919,2915,2914,-1,
2919,2916,2912,2915,-1,
2919,2918,2917,2916,-1,
2920,2921,2922,2923,-1,
2924,2925,2921,2920,-1,
2925,2926,2922,2921,-1,
2926,2927,2923,2922,-1,
2927,2924,2920,2923,-1,
2927,2926,2925,2924,-1,
2928,2929,2930,2931,-1,
2932,2933,2929,2928,-1,
2933,2934,2930,2929,-1,
2934,2935,2931,2930,-1,
2935,2932,2928,2931,-1,
2935,2934,2933,2932,-1,
2936,2937,2938,2939,-1,
2940,2941,2937,2936,-1,
2941,2942,2938,2937,-1,
2942,2943,2939,2938,-1,
2943,2940,2936,2939,-1,
2943,2942,2941,2940,-1,
2944,2945,2946,2947,-1,
2948,2949,2945,2944,-1,
2949,2950,2946,2945,-1,
2950,2951,2947,2946,-1,
2951,2948,2944,2947,-1,
2951,2950,2949,2948,-1,
2952,2953,2954,2955,-1,
2956,2957,2953,2952,-1,
2957,2958,2954,2953,-1,
2958,2959,2955,2954,-1,
2959,2956,2952,2955,-1,
2959,2958,2957,2956,-1,
2960,2961,2962,2963,-1,
2964,2965,2961,2960,-1,
2965,2966,2962,2961,-1,
2966,2967,2963,2962,-1,
2967,2964,2960,2963,-1,
2967,2966,2965,2964,-1,
2968,2969,2970,2971,-1,
2972,2973,2969,2968,-1,
2973,2974,2970,2969,-1,
2974,2975,2971,2970,-1,
2975,2972,2968,2971,-1,
2975,2974,2973,2972,-1,
2976,2977,2978,2979,-1,
2980,2981,2977,2976,-1,
2981,2982,2978,2977,-1,
2982,2983,2979,2978,-1,
2983,2980,2976,2979,-1,
2983,2982,2981,2980,-1,
2984,2985,2986,2987,-1,
2988,2989,2985,2984,-1,
2989,2990,2986,2985,-1,
2990,2991,2987,2986,-1,
2991,2988,2984,2987,-1,
2991,2990,2989,2988,-1,
2992,2993,2994,2995,-1,
2996,2997,2993,2992,-1,
2997,2998,2994,2993,-1,
2998,2999,2995,2994,-1,
2999,2996,2992,2995,-1,
2999,2998,2997,2996,-1,
3000,3001,3002,3003,-1,
3004,3005,3001,3000,-1,
3005,3006,3002,3001,-1,
3006,3007,3003,3002,-1,
3007,3004,3000,3003,-1,
3007,3006,3005,3004,-1,
3008,3009,3010,3011,-1,
3012,3013,3009,3008,-1,
3013,3014,3010,3009,-1,
3014,3015,3011,3010,-1,
3015,3012,3008,3011,-1,
3015,3014,3013,3012,-1,
3016,3017,3018,3019,-1,
3020,3021,3017,3016,-1,
3021,3022,3018,3017,-1,
3022,3023,3019,3018,-1,
3023,3020,3016,3019,-1,
3023,3022,3021,3020,-1,
3024,3025,3026,3027,-1,
3028,3029,3025,3024,-1,
3029,3030,3026,3025,-1,
3030,3031,3027,3026,-1,
3031,3028,3024,3027,-1,
3031,3030,3029,3028,-1,
3032,3033,3034,3035,-1,
3036,3037,3033,3032,-1,
3037,3038,3034,3033,-1,
3038,3039,3035,3034,-1,
3039,3036,3032,3035,-1,
3039,3038,3037,3036,-1,
3040,3041,3042,3043,-1,
3044,3045,3041,3040,-1,
3045,3046,3042,3041,-1,
3046,3047,3043,3042,-1,
3047,3044,3040,3043,-1,
3047,3046,3045,3044,-1,
3048,3049,3050,3051,-1,
3052,3053,3049,3048,-1,
3053,3054,3050,3049,-1,
3054,3055,3051,3050,-1,
3055,3052,3048,3051,-1,
3055,3054,3053,3052,-1,
3056,3057,3058,3059,-1,
3060,3061,3057,3056,-1,
3061,3062,3058,3057,-1,
3062,3063,3059,3058,-1,
3063,3060,3056,3059,-1,
3063,3062,3061,3060,-1,
3064,3065,3066,3067,-1,
3068,3069,3065,3064,-1,
3069,3070,3066,3065,-1,
3070,3071,3067,3066,-1,
3071,3068,3064,3067,-1,
3071,3070,3069,3068,-1,
] } }
Shape { appearance Appearance { material Material { diffuseColor 0.62 0.65 0.67 specularColor 0.3 0.3 0.3 shininess 0.6 } }
geometry IndexedFaceSet { solid FALSE creaseAngle 0.6 coord Coordinate { point [
-15.980315 19.122047 4.685039,
-15.994401 19.015055 4.685039,
-16.035698 18.915354 4.685039,
-16.101393 18.829739 4.685039,
-16.187008 18.764045 4.685039,
-16.286709 18.722747 4.685039,
-16.393701 18.708661 4.685039,
-16.500693 18.722747 4.685039,
-16.600394 18.764045 4.685039,
-16.686009 18.829739 4.685039,
-16.751703 18.915354 4.685039,
-16.793001 19.015055 4.685039,
-16.807087 19.122047 4.685039,
-16.793001 19.229039 4.685039,
-16.751703 19.328740 4.685039,
-16.686009 19.414355 4.685039,
-16.600394 19.480050 4.685039,
-16.500693 19.521347 4.685039,
-16.393701 19.535433 4.685039,
-16.286709 19.521347 4.685039,
-16.187008 19.480050 4.685039,
-16.101393 19.414355 4.685039,
-16.035698 19.328740 4.685039,
-15.994401 19.229039 4.685039,
-15.980315 19.122047 4.736220,
-15.994401 19.015055 4.736220,
-16.035698 18.915354 4.736220,
-16.101393 18.829739 4.736220,
-16.187008 18.764045 4.736220,
-16.286709 18.722747 4.736220,
-16.393701 18.708661 4.736220,
-16.500693 18.722747 4.736220,
-16.600394 18.764045 4.736220,
-16.686009 18.829739 4.736220,
-16.751703 18.915354 4.736220,
-16.793001 19.015055 4.736220,
-16.807087 19.122047 4.736220,
-16.793001 19.229039 4.736220,
-16.751703 19.328740 4.736220,
-16.686009 19.414355 4.736220,
-16.600394 19.480050 4.736220,
-16.500693 19.521347 4.736220,
-16.393701 19.535433 4.736220,
-16.286709 19.521347 4.736220,
-16.187008 19.480050 4.736220,
-16.101393 19.414355 4.736220,
-16.035698 19.328740 4.736220,
-15.994401 19.229039 4.736220,
-10.586614 19.122047 4.685039,
-10.600700 19.015055 4.685039,
-10.641997 18.915354 4.685039,
-10.707692 18.829739 4.685039,
-10.793307 18.764045 4.685039,
-10.893008 18.722747 4.685039,
-11.000000 18.708661 4.685039,
-11.106992 18.722747 4.685039,
-11.206693 18.764045 4.685039,
-11.292308 18.829739 4.685039,
-11.358003 18.915354 4.685039,
-11.399300 19.015055 4.685039,
-11.413386 19.122047 4.685039,
-11.399300 19.229039 4.685039,
-11.358003 19.328740 4.685039,
-11.292308 19.414355 4.685039,
-11.206693 19.480050 4.685039,
-11.106992 19.521347 4.685039,
-11.000000 19.535433 4.685039,
-10.893008 19.521347 4.685039,
-10.793307 19.480050 4.685039,
-10.707692 19.414355 4.685039,
-10.641997 19.328740 4.685039,
-10.600700 19.229039 4.685039,
-10.586614 19.122047 4.736220,
-10.600700 19.015055 4.736220,
-10.641997 18.915354 4.736220,
-10.707692 18.829739 4.736220,
-10.793307 18.764045 4.736220,
-10.893008 18.722747 4.736220,
-11.000000 18.708661 4.736220,
-11.106992 18.722747 4.736220,
-11.206693 18.764045 4.736220,
-11.292308 18.829739 4.736220,
-11.358003 18.915354 4.736220,
-11.399300 19.015055 4.736220,
-11.413386 19.122047 4.736220,
-11.399300 19.229039 4.736220,
-11.358003 19.328740 4.736220,
-11.292308 19.414355 4.736220,
-11.206693 19.480050 4.736220,
-11.106992 19.521347 4.736220,
-11.000000 19.535433 4.736220,
-10.893008 19.521347 4.736220,
-10.793307 19.480050 4.736220,
-10.707692 19.414355 4.736220,
-10.641997 19.328740 4.736220,
-10.600700 19.229039 4.736220,
-5.192913 19.122047 4.685039,
-5.206999 19.015055 4.685039,
-5.248297 18.915354 4.685039,
-5.313991 18.829739 4.685039,
-5.399606 18.764045 4.685039,
-5.499307 18.722747 4.685039,
-5.606299 18.708661 4.685039,
-5.713291 18.722747 4.685039,
-5.812992 18.764045 4.685039,
-5.898607 18.829739 4.685039,
-5.964302 18.915354 4.685039,
-6.005599 19.015055 4.685039,
-6.019685 19.122047 4.685039,
-6.005599 19.229039 4.685039,
-5.964302 19.328740 4.685039,
-5.898607 19.414355 4.685039,
-5.812992 19.480050 4.685039,
-5.713291 19.521347 4.685039,
-5.606299 19.535433 4.685039,
-5.499307 19.521347 4.685039,
-5.399606 19.480050 4.685039,
-5.313991 19.414355 4.685039,
-5.248297 19.328740 4.685039,
-5.206999 19.229039 4.685039,
-5.192913 19.122047 4.736220,
-5.206999 19.015055 4.736220,
-5.248297 18.915354 4.736220,
-5.313991 18.829739 4.736220,
-5.399606 18.764045 4.736220,
-5.499307 18.722747 4.736220,
-5.606299 18.708661 4.736220,
-5.713291 18.722747 4.736220,
-5.812992 18.764045 4.736220,
-5.898607 18.829739 4.736220,
-5.964302 18.915354 4.736220,
-6.005599 19.015055 4.736220,
-6.019685 19.122047 4.736220,
-6.005599 19.229039 4.736220,
-5.964302 19.328740 4.736220,
-5.898607 19.414355 4.736220,
-5.812992 19.480050 4.736220,
-5.713291 19.521347 4.736220,
-5.606299 19.535433 4.736220,
-5.499307 19.521347 4.736220,
-5.399606 19.480050 4.736220,
-5.313991 19.414355 4.736220,
-5.248297 19.328740 4.736220,
-5.206999 19.229039 4.736220,
-15.980315 -17.649606 4.685039,
-15.994401 -17.756598 4.685039,
-16.035698 -17.856299 4.685039,
-16.101393 -17.941914 4.685039,
-16.187008 -18.007609 4.685039,
-16.286709 -18.048906 4.685039,
-16.393701 -18.062992 4.685039,
-16.500693 -18.048906 4.685039,
-16.600394 -18.007609 4.685039,
-16.686009 -17.941914 4.685039,
-16.751703 -17.856299 4.685039,
-16.793001 -17.756598 4.685039,
-16.807087 -17.649606 4.685039,
-16.793001 -17.542614 4.685039,
-16.751703 -17.442913 4.685039,
-16.686009 -17.357298 4.685039,
-16.600394 -17.291604 4.685039,
-16.500693 -17.250306 4.685039,
-16.393701 -17.236220 4.685039,
-16.286709 -17.250306 4.685039,
-16.187008 -17.291604 4.685039,
-16.101393 -17.357298 4.685039,
-16.035698 -17.442913 4.685039,
-15.994401 -17.542614 4.685039,
-15.980315 -17.649606 4.736220,
-15.994401 -17.756598 4.736220,
-16.035698 -17.856299 4.736220,
-16.101393 -17.941914 4.736220,
-16.187008 -18.007609 4.736220,
-16.286709 -18.048906 4.736220,
-16.393701 -18.062992 4.736220,
-16.500693 -18.048906 4.736220,
-16.600394 -18.007609 4.736220,
-16.686009 -17.941914 4.736220,
-16.751703 -17.856299 4.736220,
-16.793001 -17.756598 4.736220,
-16.807087 -17.649606 4.736220,
-16.793001 -17.542614 4.736220,
-16.751703 -17.442913 4.736220,
-16.686009 -17.357298 4.736220,
-16.600394 -17.291604 4.736220,
-16.500693 -17.250306 4.736220,
-16.393701 -17.236220 4.736220,
-16.286709 -17.250306 4.736220,
-16.187008 -17.291604 4.736220,
-16.101393 -17.357298 4.736220,
-16.035698 -17.442913 4.736220,
-15.994401 -17.542614 4.736220,
-10.586614 -17.649606 4.685039,
-10.600700 -17.756598 4.685039,
-10.641997 -17.856299 4.685039,
-10.707692 -17.941914 4.685039,
-10.793307 -18.007609 4.685039,
-10.893008 -18.048906 4.685039,
-11.000000 -18.062992 4.685039,
-11.106992 -18.048906 4.685039,
-11.206693 -18.007609 4.685039,
-11.292308 -17.941914 4.685039,
-11.358003 -17.856299 4.685039,
-11.399300 -17.756598 4.685039,
-11.413386 -17.649606 4.685039,
-11.399300 -17.542614 4.685039,
-11.358003 -17.442913 4.685039,
-11.292308 -17.357298 4.685039,
-11.206693 -17.291604 4.685039,
-11.106992 -17.250306 4.685039,
-11.000000 -17.236220 4.685039,
-10.893008 -17.250306 4.685039,
-10.793307 -17.291604 4.685039,
-10.707692 -17.357298 4.685039,
-10.641997 -17.442913 4.685039,
-10.600700 -17.542614 4.685039,
-10.586614 -17.649606 4.736220,
-10.600700 -17.756598 4.736220,
-10.641997 -17.856299 4.736220,
-10.707692 -17.941914 4.736220,
-10.793307 -18.007609 4.736220,
-10.893008 -18.048906 4.736220,
-11.000000 -18.062992 4.736220,
-11.106992 -18.048906 4.736220,
-11.206693 -18.007609 4.736220,
-11.292308 -17.941914 4.736220,
-11.358003 -17.856299 4.736220,
-11.399300 -17.756598 4.736220,
-11.413386 -17.649606 4.736220,
-11.399300 -17.542614 4.736220,
-11.358003 -17.442913 4.736220,
-11.292308 -17.357298 4.736220,
-11.206693 -17.291604 4.736220,
-11.106992 -17.250306 4.736220,
-11.000000 -17.236220 4.736220,
-10.893008 -17.250306 4.736220,
-10.793307 -17.291604 4.736220,
-10.707692 -17.357298 4.736220,
-10.641997 -17.442913 4.736220,
-10.600700 -17.542614 4.736220,
-5.192913 -17.649606 4.685039,
-5.206999 -17.756598 4.685039,
-5.248297 -17.856299 4.685039,
-5.313991 -17.941914 4.685039,
-5.399606 -18.007609 4.685039,
-5.499307 -18.048906 4.685039,
-5.606299 -18.062992 4.685039,
-5.713291 -18.048906 4.685039,
-5.812992 -18.007609 4.685039,
-5.898607 -17.941914 4.685039,
-5.964302 -17.856299 4.685039,
-6.005599 -17.756598 4.685039,
-6.019685 -17.649606 4.685039,
-6.005599 -17.542614 4.685039,
-5.964302 -17.442913 4.685039,
-5.898607 -17.357298 4.685039,
-5.812992 -17.291604 4.685039,
-5.713291 -17.250306 4.685039,
-5.606299 -17.236220 4.685039,
-5.499307 -17.250306 4.685039,
-5.399606 -17.291604 4.685039,
-5.313991 -17.357298 4.685039,
-5.248297 -17.442913 4.685039,
-5.206999 -17.542614 4.685039,
-5.192913 -17.649606 4.736220,
-5.206999 -17.756598 4.736220,
-5.248297 -17.856299 4.736220,
-5.313991 -17.941914 4.736220,
-5.399606 -18.007609 4.736220,
-5.499307 -18.048906 4.736220,
-5.606299 -18.062992 4.736220,
-5.713291 -18.048906 4.736220,
-5.812992 -18.007609 4.736220,
-5.898607 -17.941914 4.736220,
-5.964302 -17.856299 4.736220,
-6.005599 -17.756598 4.736220,
-6.019685 -17.649606 4.736220,
-6.005599 -17.542614 4.736220,
-5.964302 -17.442913 4.736220,
-5.898607 -17.357298 4.736220,
-5.812992 -17.291604 4.736220,
-5.713291 -17.250306 4.736220,
-5.606299 -17.236220 4.736220,
-5.499307 -17.250306 4.736220,
-5.399606 -17.291604 4.736220,
-5.313991 -17.357298 4.736220,
-5.248297 -17.442913 4.736220,
-5.206999 -17.542614 4.736220,
-10.586614 -0.000000 4.685039,
-10.600700 -0.106992 4.685039,
-10.641997 -0.206693 4.685039,
-10.707692 -0.292308 4.685039,
-10.793307 -0.358003 4.685039,
-10.893008 -0.399300 4.685039,
-11.000000 -0.413386 4.685039,
-11.106992 -0.399300 4.685039,
-11.206693 -0.358003 4.685039,
-11.292308 -0.292308 4.685039,
-11.358003 -0.206693 4.685039,
-11.399300 -0.106992 4.685039,
-11.413386 -0.000000 4.685039,
-11.399300 0.106992 4.685039,
-11.358003 0.206693 4.685039,
-11.292308 0.292308 4.685039,
-11.206693 0.358003 4.685039,
-11.106992 0.399300 4.685039,
-11.000000 0.413386 4.685039,
-10.893008 0.399300 4.685039,
-10.793307 0.358003 4.685039,
-10.707692 0.292308 4.685039,
-10.641997 0.206693 4.685039,
-10.600700 0.106992 4.685039,
-10.586614 -0.000000 4.736220,
-10.600700 -0.106992 4.736220,
-10.641997 -0.206693 4.736220,
-10.707692 -0.292308 4.736220,
-10.793307 -0.358003 4.736220,
-10.893008 -0.399300 4.736220,
-11.000000 -0.413386 4.736220,
-11.106992 -0.399300 4.736220,
-11.206693 -0.358003 4.736220,
-11.292308 -0.292308 4.736220,
-11.358003 -0.206693 4.736220,
-11.399300 -0.106992 4.736220,
-11.413386 -0.000000 4.736220,
-11.399300 0.106992 4.736220,
-11.358003 0.206693 4.736220,
-11.292308 0.292308 4.736220,
-11.206693 0.358003 4.736220,
-11.106992 0.399300 4.736220,
-11.000000 0.413386 4.736220,
-10.893008 0.399300 4.736220,
-10.793307 0.358003 4.736220,
-10.707692 0.292308 4.736220,
-10.641997 0.206693 4.736220,
-10.600700 0.106992 4.736220,
-16.944882 16.551181 2.362205,
-16.954272 16.479853 2.362205,
-16.981804 16.413386 2.362205,
-17.025600 16.356309 2.362205,
-17.082677 16.312513 2.362205,
-17.149144 16.284981 2.362205,
-17.220472 16.275591 2.362205,
-17.291801 16.284981 2.362205,
-17.358268 16.312513 2.362205,
-17.415344 16.356309 2.362205,
-17.459141 16.413386 2.362205,
-17.486672 16.479853 2.362205,
-17.496063 16.551181 2.362205,
-17.486672 16.622509 2.362205,
-17.459141 16.688976 2.362205,
-17.415344 16.746053 2.362205,
-17.358268 16.789850 2.362205,
-17.291801 16.817381 2.362205,
-17.220472 16.826772 2.362205,
-17.149144 16.817381 2.362205,
-17.082677 16.789850 2.362205,
-17.025600 16.746053 2.362205,
-16.981804 16.688976 2.362205,
-16.954272 16.622509 2.362205,
-16.944882 16.551181 3.740157,
-16.954272 16.479853 3.740157,
-16.981804 16.413386 3.740157,
-17.025600 16.356309 3.740157,
-17.082677 16.312513 3.740157,
-17.149144 16.284981 3.740157,
-17.220472 16.275591 3.740157,
-17.291801 16.284981 3.740157,
-17.358268 16.312513 3.740157,
-17.415344 16.356309 3.740157,
-17.459141 16.413386 3.740157,
-17.486672 16.479853 3.740157,
-17.496063 16.551181 3.740157,
-17.486672 16.622509 3.740157,
-17.459141 16.688976 3.740157,
-17.415344 16.746053 3.740157,
-17.358268 16.789850 3.740157,
-17.291801 16.817381 3.740157,
-17.220472 16.826772 3.740157,
-17.149144 16.817381 3.740157,
-17.082677 16.789850 3.740157,
-17.025600 16.746053 3.740157,
-16.981804 16.688976 3.740157,
-16.954272 16.622509 3.740157,
-16.944882 23.570866 3.740157,
-16.954272 23.570866 3.811486,
-16.981804 23.570866 3.877953,
-17.025600 23.570866 3.935029,
-17.082677 23.570866 3.978826,
-17.149144 23.570866 4.006358,
-17.220472 23.570866 4.015748,
-17.291801 23.570866 4.006358,
-17.358268 23.570866 3.978826,
-17.415344 23.570866 3.935029,
-17.459141 23.570866 3.877953,
-17.486672 23.570866 3.811486,
-17.496063 23.570866 3.740157,
-17.486672 23.570866 3.668829,
-17.459141 23.570866 3.602362,
-17.415344 23.570866 3.545286,
-17.358268 23.570866 3.501489,
-17.291801 23.570866 3.473957,
-17.220472 23.570866 3.464567,
-17.149144 23.570866 3.473957,
-17.082677 23.570866 3.501489,
-17.025600 23.570866 3.545286,
-16.981804 23.570866 3.602362,
-16.954272 23.570866 3.668829,
-16.944882 16.551181 3.740157,
-16.954272 16.551181 3.811486,
-16.981804 16.551181 3.877953,
-17.025600 16.551181 3.935029,
-17.082677 16.551181 3.978826,
-17.149144 16.551181 4.006358,
-17.220472 16.551181 4.015748,
-17.291801 16.551181 4.006358,
-17.358268 16.551181 3.978826,
-17.415344 16.551181 3.935029,
-17.459141 16.551181 3.877953,
-17.486672 16.551181 3.811486,
-17.496063 16.551181 3.740157,
-17.486672 16.551181 3.668829,
-17.459141 16.551181 3.602362,
-17.415344 16.551181 3.545286,
-17.358268 16.551181 3.501489,
-17.291801 16.551181 3.473957,
-17.220472 16.551181 3.464567,
-17.149144 16.551181 3.473957,
-17.082677 16.551181 3.501489,
-17.025600 16.551181 3.545286,
-16.981804 16.551181 3.602362,
-16.954272 16.551181 3.668829,
15.980315 -19.122047 4.685039,
15.994401 -19.015055 4.685039,
16.035698 -18.915354 4.685039,
16.101393 -18.829739 4.685039,
16.187008 -18.764045 4.685039,
16.286709 -18.722747 4.685039,
16.393701 -18.708661 4.685039,
16.500693 -18.722747 4.685039,
16.600394 -18.764045 4.685039,
16.686009 -18.829739 4.685039,
16.751703 -18.915354 4.685039,
16.793001 -19.015055 4.685039,
16.807087 -19.122047 4.685039,
16.793001 -19.229039 4.685039,
16.751703 -19.328740 4.685039,
16.686009 -19.414355 4.685039,
16.600394 -19.480050 4.685039,
16.500693 -19.521347 4.685039,
16.393701 -19.535433 4.685039,
16.286709 -19.521347 4.685039,
16.187008 -19.480050 4.685039,
16.101393 -19.414355 4.685039,
16.035698 -19.328740 4.685039,
15.994401 -19.229039 4.685039,
15.980315 -19.122047 4.736220,
15.994401 -19.015055 4.736220,
16.035698 -18.915354 4.736220,
16.101393 -18.829739 4.736220,
16.187008 -18.764045 4.736220,
16.286709 -18.722747 4.736220,
16.393701 -18.708661 4.736220,
16.500693 -18.722747 4.736220,
16.600394 -18.764045 4.736220,
16.686009 -18.829739 4.736220,
16.751703 -18.915354 4.736220,
16.793001 -19.015055 4.736220,
16.807087 -19.122047 4.736220,
16.793001 -19.229039 4.736220,
16.751703 -19.328740 4.736220,
16.686009 -19.414355 4.736220,
16.600394 -19.480050 4.736220,
16.500693 -19.521347 4.736220,
16.393701 -19.535433 4.736220,
16.286709 -19.521347 4.736220,
16.187008 -19.480050 4.736220,
16.101393 -19.414355 4.736220,
16.035698 -19.328740 4.736220,
15.994401 -19.229039 4.736220,
10.586614 -19.122047 4.685039,
10.600700 -19.015055 4.685039,
10.641997 -18.915354 4.685039,
10.707692 -18.829739 4.685039,
10.793307 -18.764045 4.685039,
10.893008 -18.722747 4.685039,
11.000000 -18.708661 4.685039,
11.106992 -18.722747 4.685039,
11.206693 -18.764045 4.685039,
11.292308 -18.829739 4.685039,
11.358003 -18.915354 4.685039,
11.399300 -19.015055 4.685039,
11.413386 -19.122047 4.685039,
11.399300 -19.229039 4.685039,
11.358003 -19.328740 4.685039,
11.292308 -19.414355 4.685039,
11.206693 -19.480050 4.685039,
11.106992 -19.521347 4.685039,
11.000000 -19.535433 4.685039,
10.893008 -19.521347 4.685039,
10.793307 -19.480050 4.685039,
10.707692 -19.414355 4.685039,
10.641997 -19.328740 4.685039,
10.600700 -19.229039 4.685039,
10.586614 -19.122047 4.736220,
10.600700 -19.015055 4.736220,
10.641997 -18.915354 4.736220,
10.707692 -18.829739 4.736220,
10.793307 -18.764045 4.736220,
10.893008 -18.722747 4.736220,
11.000000 -18.708661 4.736220,
11.106992 -18.722747 4.736220,
11.206693 -18.764045 4.736220,
11.292308 -18.829739 4.736220,
11.358003 -18.915354 4.736220,
11.399300 -19.015055 4.736220,
11.413386 -19.122047 4.736220,
11.399300 -19.229039 4.736220,
11.358003 -19.328740 4.736220,
11.292308 -19.414355 4.736220,
11.206693 -19.480050 4.736220,
11.106992 -19.521347 4.736220,
11.000000 -19.535433 4.736220,
10.893008 -19.521347 4.736220,
10.793307 -19.480050 4.736220,
10.707692 -19.414355 4.736220,
10.641997 -19.328740 4.736220,
10.600700 -19.229039 4.736220,
5.192913 -19.122047 4.685039,
5.206999 -19.015055 4.685039,
5.248297 -18.915354 4.685039,
5.313991 -18.829739 4.685039,
5.399606 -18.764045 4.685039,
5.499307 -18.722747 4.685039,
5.606299 -18.708661 4.685039,
5.713291 -18.722747 4.685039,
5.812992 -18.764045 4.685039,
5.898607 -18.829739 4.685039,
5.964302 -18.915354 4.685039,
6.005599 -19.015055 4.685039,
6.019685 -19.122047 4.685039,
6.005599 -19.229039 4.685039,
5.964302 -19.328740 4.685039,
5.898607 -19.414355 4.685039,
5.812992 -19.480050 4.685039,
5.713291 -19.521347 4.685039,
5.606299 -19.535433 4.685039,
5.499307 -19.521347 4.685039,
5.399606 -19.480050 4.685039,
5.313991 -19.414355 4.685039,
5.248297 -19.328740 4.685039,
5.206999 -19.229039 4.685039,
5.192913 -19.122047 4.736220,
5.206999 -19.015055 4.736220,
5.248297 -18.915354 4.736220,
5.313991 -18.829739 4.736220,
5.399606 -18.764045 4.736220,
5.499307 -18.722747 4.736220,
5.606299 -18.708661 4.736220,
5.713291 -18.722747 4.736220,
5.812992 -18.764045 4.736220,
5.898607 -18.829739 4.736220,
5.964302 -18.915354 4.736220,
6.005599 -19.015055 4.736220,
6.019685 -19.122047 4.736220,
6.005599 -19.229039 4.736220,
5.964302 -19.328740 4.736220,
5.898607 -19.414355 4.736220,
5.812992 -19.480050 4.736220,
5.713291 -19.521347 4.736220,
5.606299 -19.535433 4.736220,
5.499307 -19.521347 4.736220,
5.399606 -19.480050 4.736220,
5.313991 -19.414355 4.736220,
5.248297 -19.328740 4.736220,
5.206999 -19.229039 4.736220,
15.980315 17.649606 4.685039,
15.994401 17.756598 4.685039,
16.035698 17.856299 4.685039,
16.101393 17.941914 4.685039,
16.187008 18.007609 4.685039,
16.286709 18.048906 4.685039,
16.393701 18.062992 4.685039,
16.500693 18.048906 4.685039,
16.600394 18.007609 4.685039,
16.686009 17.941914 4.685039,
16.751703 17.856299 4.685039,
16.793001 17.756598 4.685039,
16.807087 17.649606 4.685039,
16.793001 17.542614 4.685039,
16.751703 17.442913 4.685039,
16.686009 17.357298 4.685039,
16.600394 17.291604 4.685039,
16.500693 17.250306 4.685039,
16.393701 17.236220 4.685039,
16.286709 17.250306 4.685039,
16.187008 17.291604 4.685039,
16.101393 17.357298 4.685039,
16.035698 17.442913 4.685039,
15.994401 17.542614 4.685039,
15.980315 17.649606 4.736220,
15.994401 17.756598 4.736220,
16.035698 17.856299 4.736220,
16.101393 17.941914 4.736220,
16.187008 18.007609 4.736220,
16.286709 18.048906 4.736220,
16.393701 18.062992 4.736220,
16.500693 18.048906 4.736220,
16.600394 18.007609 4.736220,
16.686009 17.941914 4.736220,
16.751703 17.856299 4.736220,
16.793001 17.756598 4.736220,
16.807087 17.649606 4.736220,
16.793001 17.542614 4.736220,
16.751703 17.442913 4.736220,
16.686009 17.357298 4.736220,
16.600394 17.291604 4.736220,
16.500693 17.250306 4.736220,
16.393701 17.236220 4.736220,
16.286709 17.250306 4.736220,
16.187008 17.291604 4.736220,
16.101393 17.357298 4.736220,
16.035698 17.442913 4.736220,
15.994401 17.542614 4.736220,
10.586614 17.649606 4.685039,
10.600700 17.756598 4.685039,
10.641997 17.856299 4.685039,
10.707692 17.941914 4.685039,
10.793307 18.007609 4.685039,
10.893008 18.048906 4.685039,
11.000000 18.062992 4.685039,
11.106992 18.048906 4.685039,
11.206693 18.007609 4.685039,
11.292308 17.941914 4.685039,
11.358003 17.856299 4.685039,
11.399300 17.756598 4.685039,
11.413386 17.649606 4.685039,
11.399300 17.542614 4.685039,
11.358003 17.442913 4.685039,
11.292308 17.357298 4.685039,
11.206693 17.291604 4.685039,
11.106992 17.250306 4.685039,
11.000000 17.236220 4.685039,
10.893008 17.250306 4.685039,
10.793307 17.291604 4.685039,
10.707692 17.357298 4.685039,
10.641997 17.442913 4.685039,
10.600700 17.542614 4.685039,
10.586614 17.649606 4.736220,
10.600700 17.756598 4.736220,
10.641997 17.856299 4.736220,
10.707692 17.941914 4.736220,
10.793307 18.007609 4.736220,
10.893008 18.048906 4.736220,
11.000000 18.062992 4.736220,
11.106992 18.048906 4.736220,
11.206693 18.007609 4.736220,
11.292308 17.941914 4.736220,
11.358003 17.856299 4.736220,
11.399300 17.756598 4.736220,
11.413386 17.649606 4.736220,
11.399300 17.542614 4.736220,
11.358003 17.442913 4.736220,
11.292308 17.357298 4.736220,
11.206693 17.291604 4.736220,
11.106992 17.250306 4.736220,
11.000000 17.236220 4.736220,
10.893008 17.250306 4.736220,
10.793307 17.291604 4.736220,
10.707692 17.357298 4.736220,
10.641997 17.442913 4.736220,
10.600700 17.542614 4.736220,
5.192913 17.649606 4.685039,
5.206999 17.756598 4.685039,
5.248297 17.856299 4.685039,
5.313991 17.941914 4.685039,
5.399606 18.007609 4.685039,
5.499307 18.048906 4.685039,
5.606299 18.062992 4.685039,
5.713291 18.048906 4.685039,
5.812992 18.007609 4.685039,
5.898607 17.941914 4.685039,
5.964302 17.856299 4.685039,
6.005599 17.756598 4.685039,
6.019685 17.649606 4.685039,
6.005599 17.542614 4.685039,
5.964302 17.442913 4.685039,
5.898607 17.357298 4.685039,
5.812992 17.291604 4.685039,
5.713291 17.250306 4.685039,
5.606299 17.236220 4.685039,
5.499307 17.250306 4.685039,
5.399606 17.291604 4.685039,
5.313991 17.357298 4.685039,
5.248297 17.442913 4.685039,
5.206999 17.542614 4.685039,
5.192913 17.649606 4.736220,
5.206999 17.756598 4.736220,
5.248297 17.856299 4.736220,
5.313991 17.941914 4.736220,
5.399606 18.007609 4.736220,
5.499307 18.048906 4.736220,
5.606299 18.062992 4.736220,
5.713291 18.048906 4.736220,
5.812992 18.007609 4.736220,
5.898607 17.941914 4.736220,
5.964302 17.856299 4.736220,
6.005599 17.756598 4.736220,
6.019685 17.649606 4.736220,
6.005599 17.542614 4.736220,
5.964302 17.442913 4.736220,
5.898607 17.357298 4.736220,
5.812992 17.291604 4.736220,
5.713291 17.250306 4.736220,
5.606299 17.236220 4.736220,
5.499307 17.250306 4.736220,
5.399606 17.291604 4.736220,
5.313991 17.357298 4.736220,
5.248297 17.442913 4.736220,
5.206999 17.542614 4.736220,
10.586614 0.000000 4.685039,
10.600700 0.106992 4.685039,
10.641997 0.206693 4.685039,
10.707692 0.292308 4.685039,
10.793307 0.358003 4.685039,
10.893008 0.399300 4.685039,
11.000000 0.413386 4.685039,
11.106992 0.399300 4.685039,
11.206693 0.358003 4.685039,
11.292308 0.292308 4.685039,
11.358003 0.206693 4.685039,
11.399300 0.106992 4.685039,
11.413386 0.000000 4.685039,
11.399300 -0.106992 4.685039,
11.358003 -0.206693 4.685039,
11.292308 -0.292308 4.685039,
11.206693 -0.358003 4.685039,
11.106992 -0.399300 4.685039,
11.000000 -0.413386 4.685039,
10.893008 -0.399300 4.685039,
10.793307 -0.358003 4.685039,
10.707692 -0.292308 4.685039,
10.641997 -0.206693 4.685039,
10.600700 -0.106992 4.685039,
10.586614 0.000000 4.736220,
10.600700 0.106992 4.736220,
10.641997 0.206693 4.736220,
10.707692 0.292308 4.736220,
10.793307 0.358003 4.736220,
10.893008 0.399300 4.736220,
11.000000 0.413386 4.736220,
11.106992 0.399300 4.736220,
11.206693 0.358003 4.736220,
11.292308 0.292308 4.736220,
11.358003 0.206693 4.736220,
11.399300 0.106992 4.736220,
11.413386 0.000000 4.736220,
11.399300 -0.106992 4.736220,
11.358003 -0.206693 4.736220,
11.292308 -0.292308 4.736220,
11.206693 -0.358003 4.736220,
11.106992 -0.399300 4.736220,
11.000000 -0.413386 4.736220,
10.893008 -0.399300 4.736220,
10.793307 -0.358003 4.736220,
10.707692 -0.292308 4.736220,
10.641997 -0.206693 4.736220,
10.600700 -0.106992 4.736220,
16.944882 -16.551181 2.362205,
16.954272 -16.479853 2.362205,
16.981804 -16.413386 2.362205,
17.025600 -16.356309 2.362205,
17.082677 -16.312513 2.362205,
17.149144 -16.284981 2.362205,
17.220472 -16.275591 2.362205,
17.291801 -16.284981 2.362205,
17.358268 -16.312513 2.362205,
17.415344 -16.356309 2.362205,
17.459141 -16.413386 2.362205,
17.486672 -16.479853 2.362205,
17.496063 -16.551181 2.362205,
17.486672 -16.622509 2.362205,
17.459141 -16.688976 2.362205,
17.415344 -16.746053 2.362205,
17.358268 -16.789850 2.362205,
17.291801 -16.817381 2.362205,
17.220472 -16.826772 2.362205,
17.149144 -16.817381 2.362205,
17.082677 -16.789850 2.362205,
17.025600 -16.746053 2.362205,
16.981804 -16.688976 2.362205,
16.954272 -16.622509 2.362205,
16.944882 -16.551181 3.740157,
16.954272 -16.479853 3.740157,
16.981804 -16.413386 3.740157,
17.025600 -16.356309 3.740157,
17.082677 -16.312513 3.740157,
17.149144 -16.284981 3.740157,
17.220472 -16.275591 3.740157,
17.291801 -16.284981 3.740157,
17.358268 -16.312513 3.740157,
17.415344 -16.356309 3.740157,
17.459141 -16.413386 3.740157,
17.486672 -16.479853 3.740157,
17.496063 -16.551181 3.740157,
17.486672 -16.622509 3.740157,
17.459141 -16.688976 3.740157,
17.415344 -16.746053 3.740157,
17.358268 -16.789850 3.740157,
17.291801 -16.817381 3.740157,
17.220472 -16.826772 3.740157,
17.149144 -16.817381 3.740157,
17.082677 -16.789850 3.740157,
17.025600 -16.746053 3.740157,
16.981804 -16.688976 3.740157,
16.954272 -16.622509 3.740157,
16.944882 -23.570866 3.740157,
16.954272 -23.570866 3.811486,
16.981804 -23.570866 3.877953,
17.025600 -23.570866 3.935029,
17.082677 -23.570866 3.978826,
17.149144 -23.570866 4.006358,
17.220472 -23.570866 4.015748,
17.291801 -23.570866 4.006358,
17.358268 -23.570866 3.978826,
17.415344 -23.570866 3.935029,
17.459141 -23.570866 3.877953,
17.486672 -23.570866 3.811486,
17.496063 -23.570866 3.740157,
17.486672 -23.570866 3.668829,
17.459141 -23.570866 3.602362,
17.415344 -23.570866 3.545286,
17.358268 -23.570866 3.501489,
17.291801 -23.570866 3.473957,
17.220472 -23.570866 3.464567,
17.149144 -23.570866 3.473957,
17.082677 -23.570866 3.501489,
17.025600 -23.570866 3.545286,
16.981804 -23.570866 3.602362,
16.954272 -23.570866 3.668829,
16.944882 -16.551181 3.740157,
16.954272 -16.551181 3.811486,
16.981804 -16.551181 3.877953,
17.025600 -16.551181 3.935029,
17.082677 -16.551181 3.978826,
17.149144 -16.551181 4.006358,
17.220472 -16.551181 4.015748,
17.291801 -16.551181 4.006358,
17.358268 -16.551181 3.978826,
17.415344 -16.551181 3.935029,
17.459141 -16.551181 3.877953,
17.486672 -16.551181 3.811486,
17.496063 -16.551181 3.740157,
17.486672 -16.551181 3.668829,
17.459141 -16.551181 3.602362,
17.415344 -16.551181 3.545286,
17.358268 -16.551181 3.501489,
17.291801 -16.551181 3.473957,
17.220472 -16.551181 3.464567,
17.149144 -16.551181 3.473957,
17.082677 -16.551181 3.501489,
17.025600 -16.551181 3.545286,
16.981804 -16.551181 3.602362,
16.954272 -16.551181 3.668829,
] } coordIndex [
0,1,2,3,4,5,6,7,8,9,10,11,12,13,14,15,16,17,18,19,20,21,22,23,-1,
47,46,45,44,43,42,41,40,39,38,37,36,35,34,33,32,31,30,29,28,27,26,25,24,-1,
24,25,1,0,-1,
25,26,2,1,-1,
26,27,3,2,-1,
27,28,4,3,-1,
28,29,5,4,-1,
29,30,6,5,-1,
30,31,7,6,-1,
31,32,8,7,-1,
32,33,9,8,-1,
33,34,10,9,-1,
34,35,11,10,-1,
35,36,12,11,-1,
36,37,13,12,-1,
37,38,14,13,-1,
38,39,15,14,-1,
39,40,16,15,-1,
40,41,17,16,-1,
41,42,18,17,-1,
42,43,19,18,-1,
43,44,20,19,-1,
44,45,21,20,-1,
45,46,22,21,-1,
46,47,23,22,-1,
47,24,0,23,-1,
48,49,50,51,52,53,54,55,56,57,58,59,60,61,62,63,64,65,66,67,68,69,70,71,-1,
95,94,93,92,91,90,89,88,87,86,85,84,83,82,81,80,79,78,77,76,75,74,73,72,-1,
72,73,49,48,-1,
73,74,50,49,-1,
74,75,51,50,-1,
75,76,52,51,-1,
76,77,53,52,-1,
77,78,54,53,-1,
78,79,55,54,-1,
79,80,56,55,-1,
80,81,57,56,-1,
81,82,58,57,-1,
82,83,59,58,-1,
83,84,60,59,-1,
84,85,61,60,-1,
85,86,62,61,-1,
86,87,63,62,-1,
87,88,64,63,-1,
88,89,65,64,-1,
89,90,66,65,-1,
90,91,67,66,-1,
91,92,68,67,-1,
92,93,69,68,-1,
93,94,70,69,-1,
94,95,71,70,-1,
95,72,48,71,-1,
96,97,98,99,100,101,102,103,104,105,106,107,108,109,110,111,112,113,114,115,116,117,118,119,-1,
143,142,141,140,139,138,137,136,135,134,133,132,131,130,129,128,127,126,125,124,123,122,121,120,-1,
120,121,97,96,-1,
121,122,98,97,-1,
122,123,99,98,-1,
123,124,100,99,-1,
124,125,101,100,-1,
125,126,102,101,-1,
126,127,103,102,-1,
127,128,104,103,-1,
128,129,105,104,-1,
129,130,106,105,-1,
130,131,107,106,-1,
131,132,108,107,-1,
132,133,109,108,-1,
133,134,110,109,-1,
134,135,111,110,-1,
135,136,112,111,-1,
136,137,113,112,-1,
137,138,114,113,-1,
138,139,115,114,-1,
139,140,116,115,-1,
140,141,117,116,-1,
141,142,118,117,-1,
142,143,119,118,-1,
143,120,96,119,-1,
144,145,146,147,148,149,150,151,152,153,154,155,156,157,158,159,160,161,162,163,164,165,166,167,-1,
191,190,189,188,187,186,185,184,183,182,181,180,179,178,177,176,175,174,173,172,171,170,169,168,-1,
168,169,145,144,-1,
169,170,146,145,-1,
170,171,147,146,-1,
171,172,148,147,-1,
172,173,149,148,-1,
173,174,150,149,-1,
174,175,151,150,-1,
175,176,152,151,-1,
176,177,153,152,-1,
177,178,154,153,-1,
178,179,155,154,-1,
179,180,156,155,-1,
180,181,157,156,-1,
181,182,158,157,-1,
182,183,159,158,-1,
183,184,160,159,-1,
184,185,161,160,-1,
185,186,162,161,-1,
186,187,163,162,-1,
187,188,164,163,-1,
188,189,165,164,-1,
189,190,166,165,-1,
190,191,167,166,-1,
191,168,144,167,-1,
192,193,194,195,196,197,198,199,200,201,202,203,204,205,206,207,208,209,210,211,212,213,214,215,-1,
239,238,237,236,235,234,233,232,231,230,229,228,227,226,225,224,223,222,221,220,219,218,217,216,-1,
216,217,193,192,-1,
217,218,194,193,-1,
218,219,195,194,-1,
219,220,196,195,-1,
220,221,197,196,-1,
221,222,198,197,-1,
222,223,199,198,-1,
223,224,200,199,-1,
224,225,201,200,-1,
225,226,202,201,-1,
226,227,203,202,-1,
227,228,204,203,-1,
228,229,205,204,-1,
229,230,206,205,-1,
230,231,207,206,-1,
231,232,208,207,-1,
232,233,209,208,-1,
233,234,210,209,-1,
234,235,211,210,-1,
235,236,212,211,-1,
236,237,213,212,-1,
237,238,214,213,-1,
238,239,215,214,-1,
239,216,192,215,-1,
240,241,242,243,244,245,246,247,248,249,250,251,252,253,254,255,256,257,258,259,260,261,262,263,-1,
287,286,285,284,283,282,281,280,279,278,277,276,275,274,273,272,271,270,269,268,267,266,265,264,-1,
264,265,241,240,-1,
265,266,242,241,-1,
266,267,243,242,-1,
267,268,244,243,-1,
268,269,245,244,-1,
269,270,246,245,-1,
270,271,247,246,-1,
271,272,248,247,-1,
272,273,249,248,-1,
273,274,250,249,-1,
274,275,251,250,-1,
275,276,252,251,-1,
276,277,253,252,-1,
277,278,254,253,-1,
278,279,255,254,-1,
279,280,256,255,-1,
280,281,257,256,-1,
281,282,258,257,-1,
282,283,259,258,-1,
283,284,260,259,-1,
284,285,261,260,-1,
285,286,262,261,-1,
286,287,263,262,-1,
287,264,240,263,-1,
288,289,290,291,292,293,294,295,296,297,298,299,300,301,302,303,304,305,306,307,308,309,310,311,-1,
335,334,333,332,331,330,329,328,327,326,325,324,323,322,321,320,319,318,317,316,315,314,313,312,-1,
312,313,289,288,-1,
313,314,290,289,-1,
314,315,291,290,-1,
315,316,292,291,-1,
316,317,293,292,-1,
317,318,294,293,-1,
318,319,295,294,-1,
319,320,296,295,-1,
320,321,297,296,-1,
321,322,298,297,-1,
322,323,299,298,-1,
323,324,300,299,-1,
324,325,301,300,-1,
325,326,302,301,-1,
326,327,303,302,-1,
327,328,304,303,-1,
328,329,305,304,-1,
329,330,306,305,-1,
330,331,307,306,-1,
331,332,308,307,-1,
332,333,309,308,-1,
333,334,310,309,-1,
334,335,311,310,-1,
335,312,288,311,-1,
336,337,338,339,340,341,342,343,344,345,346,347,348,349,350,351,352,353,354,355,356,357,358,359,-1,
383,382,381,380,379,378,377,376,375,374,373,372,371,370,369,368,367,366,365,364,363,362,361,360,-1,
360,361,337,336,-1,
361,362,338,337,-1,
362,363,339,338,-1,
363,364,340,339,-1,
364,365,341,340,-1,
365,366,342,341,-1,
366,367,343,342,-1,
367,368,344,343,-1,
368,369,345,344,-1,
369,370,346,345,-1,
370,371,347,346,-1,
371,372,348,347,-1,
372,373,349,348,-1,
373,374,350,349,-1,
374,375,351,350,-1,
375,376,352,351,-1,
376,377,353,352,-1,
377,378,354,353,-1,
378,379,355,354,-1,
379,380,356,355,-1,
380,381,357,356,-1,
381,382,358,357,-1,
382,383,359,358,-1,
383,360,336,359,-1,
384,385,386,387,388,389,390,391,392,393,394,395,396,397,398,399,400,401,402,403,404,405,406,407,-1,
431,430,429,428,427,426,425,424,423,422,421,420,419,418,417,416,415,414,413,412,411,410,409,408,-1,
408,409,385,384,-1,
409,410,386,385,-1,
410,411,387,386,-1,
411,412,388,387,-1,
412,413,389,388,-1,
413,414,390,389,-1,
414,415,391,390,-1,
415,416,392,391,-1,
416,417,393,392,-1,
417,418,394,393,-1,
418,419,395,394,-1,
419,420,396,395,-1,
420,421,397,396,-1,
421,422,398,397,-1,
422,423,399,398,-1,
423,424,400,399,-1,
424,425,401,400,-1,
425,426,402,401,-1,
426,427,403,402,-1,
427,428,404,403,-1,
428,429,405,404,-1,
429,430,406,405,-1,
430,431,407,406,-1,
431,408,384,407,-1,
432,433,434,435,436,437,438,439,440,441,442,443,444,445,446,447,448,449,450,451,452,453,454,455,-1,
479,478,477,476,475,474,473,472,471,470,469,468,467,466,465,464,463,462,461,460,459,458,457,456,-1,
456,457,433,432,-1,
457,458,434,433,-1,
458,459,435,434,-1,
459,460,436,435,-1,
460,461,437,436,-1,
461,462,438,437,-1,
462,463,439,438,-1,
463,464,440,439,-1,
464,465,441,440,-1,
465,466,442,441,-1,
466,467,443,442,-1,
467,468,444,443,-1,
468,469,445,444,-1,
469,470,446,445,-1,
470,471,447,446,-1,
471,472,448,447,-1,
472,473,449,448,-1,
473,474,450,449,-1,
474,475,451,450,-1,
475,476,452,451,-1,
476,477,453,452,-1,
477,478,454,453,-1,
478,479,455,454,-1,
479,456,432,455,-1,
480,481,482,483,484,485,486,487,488,489,490,491,492,493,494,495,496,497,498,499,500,501,502,503,-1,
527,526,525,524,523,522,521,520,519,518,517,516,515,514,513,512,511,510,509,508,507,506,505,504,-1,
504,505,481,480,-1,
505,506,482,481,-1,
506,507,483,482,-1,
507,508,484,483,-1,
508,509,485,484,-1,
509,510,486,485,-1,
510,511,487,486,-1,
511,512,488,487,-1,
512,513,489,488,-1,
513,514,490,489,-1,
514,515,491,490,-1,
515,516,492,491,-1,
516,517,493,492,-1,
517,518,494,493,-1,
518,519,495,494,-1,
519,520,496,495,-1,
520,521,497,496,-1,
521,522,498,497,-1,
522,523,499,498,-1,
523,524,500,499,-1,
524,525,501,500,-1,
525,526,502,501,-1,
526,527,503,502,-1,
527,504,480,503,-1,
528,529,530,531,532,533,534,535,536,537,538,539,540,541,542,543,544,545,546,547,548,549,550,551,-1,
575,574,573,572,571,570,569,568,567,566,565,564,563,562,561,560,559,558,557,556,555,554,553,552,-1,
552,553,529,528,-1,
553,554,530,529,-1,
554,555,531,530,-1,
555,556,532,531,-1,
556,557,533,532,-1,
557,558,534,533,-1,
558,559,535,534,-1,
559,560,536,535,-1,
560,561,537,536,-1,
561,562,538,537,-1,
562,563,539,538,-1,
563,564,540,539,-1,
564,565,541,540,-1,
565,566,542,541,-1,
566,567,543,542,-1,
567,568,544,543,-1,
568,569,545,544,-1,
569,570,546,545,-1,
570,571,547,546,-1,
571,572,548,547,-1,
572,573,549,548,-1,
573,574,550,549,-1,
574,575,551,550,-1,
575,552,528,551,-1,
576,577,578,579,580,581,582,583,584,585,586,587,588,589,590,591,592,593,594,595,596,597,598,599,-1,
623,622,621,620,619,618,617,616,615,614,613,612,611,610,609,608,607,606,605,604,603,602,601,600,-1,
600,601,577,576,-1,
601,602,578,577,-1,
602,603,579,578,-1,
603,604,580,579,-1,
604,605,581,580,-1,
605,606,582,581,-1,
606,607,583,582,-1,
607,608,584,583,-1,
608,609,585,584,-1,
609,610,586,585,-1,
610,611,587,586,-1,
611,612,588,587,-1,
612,613,589,588,-1,
613,614,590,589,-1,
614,615,591,590,-1,
615,616,592,591,-1,
616,617,593,592,-1,
617,618,594,593,-1,
618,619,595,594,-1,
619,620,596,595,-1,
620,621,597,596,-1,
621,622,598,597,-1,
622,623,599,598,-1,
623,600,576,599,-1,
624,625,626,627,628,629,630,631,632,633,634,635,636,637,638,639,640,641,642,643,644,645,646,647,-1,
671,670,669,668,667,666,665,664,663,662,661,660,659,658,657,656,655,654,653,652,651,650,649,648,-1,
648,649,625,624,-1,
649,650,626,625,-1,
650,651,627,626,-1,
651,652,628,627,-1,
652,653,629,628,-1,
653,654,630,629,-1,
654,655,631,630,-1,
655,656,632,631,-1,
656,657,633,632,-1,
657,658,634,633,-1,
658,659,635,634,-1,
659,660,636,635,-1,
660,661,637,636,-1,
661,662,638,637,-1,
662,663,639,638,-1,
663,664,640,639,-1,
664,665,641,640,-1,
665,666,642,641,-1,
666,667,643,642,-1,
667,668,644,643,-1,
668,669,645,644,-1,
669,670,646,645,-1,
670,671,647,646,-1,
671,648,624,647,-1,
672,673,674,675,676,677,678,679,680,681,682,683,684,685,686,687,688,689,690,691,692,693,694,695,-1,
719,718,717,716,715,714,713,712,711,710,709,708,707,706,705,704,703,702,701,700,699,698,697,696,-1,
696,697,673,672,-1,
697,698,674,673,-1,
698,699,675,674,-1,
699,700,676,675,-1,
700,701,677,676,-1,
701,702,678,677,-1,
702,703,679,678,-1,
703,704,680,679,-1,
704,705,681,680,-1,
705,706,682,681,-1,
706,707,683,682,-1,
707,708,684,683,-1,
708,709,685,684,-1,
709,710,686,685,-1,
710,711,687,686,-1,
711,712,688,687,-1,
712,713,689,688,-1,
713,714,690,689,-1,
714,715,691,690,-1,
715,716,692,691,-1,
716,717,693,692,-1,
717,718,694,693,-1,
718,719,695,694,-1,
719,696,672,695,-1,
720,721,722,723,724,725,726,727,728,729,730,731,732,733,734,735,736,737,738,739,740,741,742,743,-1,
767,766,765,764,763,762,761,760,759,758,757,756,755,754,753,752,751,750,749,748,747,746,745,744,-1,
744,745,721,720,-1,
745,746,722,721,-1,
746,747,723,722,-1,
747,748,724,723,-1,
748,749,725,724,-1,
749,750,726,725,-1,
750,751,727,726,-1,
751,752,728,727,-1,
752,753,729,728,-1,
753,754,730,729,-1,
754,755,731,730,-1,
755,756,732,731,-1,
756,757,733,732,-1,
757,758,734,733,-1,
758,759,735,734,-1,
759,760,736,735,-1,
760,761,737,736,-1,
761,762,738,737,-1,
762,763,739,738,-1,
763,764,740,739,-1,
764,765,741,740,-1,
765,766,742,741,-1,
766,767,743,742,-1,
767,744,720,743,-1,
768,769,770,771,772,773,774,775,776,777,778,779,780,781,782,783,784,785,786,787,788,789,790,791,-1,
815,814,813,812,811,810,809,808,807,806,805,804,803,802,801,800,799,798,797,796,795,794,793,792,-1,
792,793,769,768,-1,
793,794,770,769,-1,
794,795,771,770,-1,
795,796,772,771,-1,
796,797,773,772,-1,
797,798,774,773,-1,
798,799,775,774,-1,
799,800,776,775,-1,
800,801,777,776,-1,
801,802,778,777,-1,
802,803,779,778,-1,
803,804,780,779,-1,
804,805,781,780,-1,
805,806,782,781,-1,
806,807,783,782,-1,
807,808,784,783,-1,
808,809,785,784,-1,
809,810,786,785,-1,
810,811,787,786,-1,
811,812,788,787,-1,
812,813,789,788,-1,
813,814,790,789,-1,
814,815,791,790,-1,
815,792,768,791,-1,
816,817,818,819,820,821,822,823,824,825,826,827,828,829,830,831,832,833,834,835,836,837,838,839,-1,
863,862,861,860,859,858,857,856,855,854,853,852,851,850,849,848,847,846,845,844,843,842,841,840,-1,
840,841,817,816,-1,
841,842,818,817,-1,
842,843,819,818,-1,
843,844,820,819,-1,
844,845,821,820,-1,
845,846,822,821,-1,
846,847,823,822,-1,
847,848,824,823,-1,
848,849,825,824,-1,
849,850,826,825,-1,
850,851,827,826,-1,
851,852,828,827,-1,
852,853,829,828,-1,
853,854,830,829,-1,
854,855,831,830,-1,
855,856,832,831,-1,
856,857,833,832,-1,
857,858,834,833,-1,
858,859,835,834,-1,
859,860,836,835,-1,
860,861,837,836,-1,
861,862,838,837,-1,
862,863,839,838,-1,
863,840,816,839,-1,
] } }
